geometry total=8192 align=8 struct=16 minblock=32
alloc 20 402 16 7752 7752
alloc 19 477 440 7256 7256
alloc 38 158 936 7080 7080
alloc 13 454 1112 6608 6608
alloc 24 263 1584 6328 6328
alloc 39 300 1864 6008 6008
alloc 42 233 2184 5752 5752
alloc 1 425 2440 5304 5304
alloc 28 536 2888 4752 4752
alloc 27 357 3440 4376 4376
alloc 46 304 3816 4056 4056
alloc 37 407 4136 3632 3632
alloc 16 560 4560 3056 3056
alloc 47 60 5136 2976 2976
alloc 18 569 5216 2384 2384
alloc 25 26 5808 2336 2336
free 20 -1 2760 2336
free 19 -1 3256 2336
free 38 -1 3432 2336
alloc 29 294 16 3120 2336
alloc 8 33 328 3064 2336
alloc 23 122 384 2920 2336
free 42 -1 3176 2336
free 1 -1 3624 2336
alloc 12 34 528 3568 2336
alloc 11 259 584 3288 2336
alloc 30 498 2184 2768 2336
free 37 -1 3192 2336
alloc 0 138 864 3032 2336
free 47 -1 3112 2336
free 18 -1 3704 2336
free 25 -1 3752 2336
alloc 36 557 5136 3176 2336
alloc 19 107 2704 3048 2336
alloc 6 370 4136 2624 2336
alloc 45 70 1024 2536 2336
free 24 -1 2816 2336
free 23 -1 2960 2336
alloc 42 279 5712 2664 2336
alloc 17 100 384 2520 2336
alloc 44 75 1584 2424 2336
free 11 -1 2704 2336
free 30 -1 3224 2336
alloc 5 419 2184 2784 2336
free 16 -1 3360 2336
alloc 47 154 584 3184 2336
alloc 18 55 760 3080 2336
alloc 9 219 4560 2840 2336
alloc 4 466 6008 2352 2336
free 19 -1 2480 2336
alloc 38 347 6496 2112 2112
free 13 -1 2584 2112
alloc 40 145 1112 2416 2112
free 39 -1 2736 2112
alloc 26 553 6864 2160 2112
alloc 33 508 7440 1632 1632
free 12 -1 1688 1632
free 27 -1 2064 1632
free 46 -1 2384 1632
alloc 37 392 1680 1976 1632
free 0 -1 2136 1632
alloc 31 512 3440 1608 1608
free 18 -1 1712 1608
alloc 25 35 528 1656 1608
free 4 -1 2144 1608
alloc 3 220 760 1880 1608
alloc 22 397 6008 1464 1464
free 45 -1 1552 1464
alloc 24 147 1280 1384 1384
alloc 7 510 -1 1384 1384
free 26 -1 1960 1384
free 33 -1 2488 1384
free 28 -1 3040 1384
alloc 11 252 2624 2768 1384
alloc 14 50 1024 2680 1384
free 5 -1 3120 1384
alloc 0 559 6864 2544 1384
free 47 -1 2720 1384
alloc 34 114 584 2584 1384
free 25 -1 2640 1384
free 36 -1 3216 1384
alloc 35 313 2088 2880 1384
free 38 -1 3248 1384
alloc 45 479 2896 2752 1384
free 24 -1 2920 1384
alloc 7 57 1280 2840 1384
alloc 26 535 4800 2288 1384
alloc 33 122 1360 2144 1384
free 44 -1 2240 1384
free 11 -1 2512 1384
alloc 46 83 1504 2408 1384
alloc 5 436 2424 1936 1384
alloc 32 128 3968 1768 1384
alloc 15 177 5352 1568 1384
free 34 -1 1704 1384
free 9 -1 1944 1384
alloc 4 447 7440 1480 1384
free 35 -1 1816 1384
alloc 38 168 528 1632 1384
free 45 -1 2128 1384
alloc 24 217 2088 1888 1384
alloc 23 345 2896 1520 1384
alloc 10 433 -1 1520 1384
free 17 -1 1664 1384
alloc 12 389 6424 1224 1224
alloc 43 468 -1 1224 1224
free 46 -1 1328 1224
alloc 21 236 7904 1040 1040
alloc 16 122 384 896 896
free 31 -1 1424 896
alloc 2 230 3264 1176 896
alloc 25 4 712 1128 896
alloc 20 363 3512 744 744
alloc 35 303 -1 744 744
free 38 -1 928 744
alloc 45 117 528 792 744
free 40 -1 960 744
free 7 -1 1040 744
free 26 -1 1592 744
alloc 17 107 1112 1464 744
free 12 -1 1904 744
alloc 43 367 4560 1520 744
alloc 46 569 -1 1520 744
free 37 -1 1928 744
free 16 -1 2072 744
alloc 31 356 1504 1696 744
alloc 34 423 6424 1256 744
alloc 9 458 -1 1256 744
alloc 36 239 4944 1000 744
alloc 19 565 -1 1000 744
alloc 38 558 -1 1000 744
alloc 13 254 -1 1000 744
free 8 -1 1056 744
alloc 39 156 328 856 744
free 42 -1 1152 744
free 33 -1 1296 744
alloc 28 600 -1 1296 744
alloc 27 21 664 1248 744
alloc 30 443 -1 1248 744
alloc 37 439 5552 792 744
free 0 -1 1368 744
free 31 -1 1744 744
free 34 -1 2184 744
alloc 9 125 1240 2040 744
free 20 -1 2424 744
alloc 35 197 1384 2208 744
free 6 -1 2632 744
alloc 13 385 1600 2224 744
alloc 8 257 3512 1944 744
alloc 7 77 2328 1848 744
alloc 10 542 6424 1288 744
free 17 -1 1416 744
alloc 12 218 4136 1176 744
free 27 -1 1224 744
free 14 -1 1312 744
free 37 -1 1768 744
alloc 16 87 1024 1664 744
free 15 -1 1864 744
alloc 18 232 5200 1616 744
free 9 -1 1760 744
alloc 20 120 1128 1624 744
alloc 19 387 5448 1216 744
alloc 38 44 1264 1152 744
free 45 -1 1288 744
alloc 40 98 528 1168 744
free 23 -1 1536 744
alloc 26 218 2896 1296 744
alloc 17 284 6984 992 744
free 12 -1 1232 744
alloc 27 507 -1 1232 744
alloc 14 252 4136 960 744
free 21 -1 1248 744
alloc 0 537 -1 1248 744
alloc 15 96 3136 1120 744
alloc 34 180 7904 920 744
alloc 41 533 -1 920 744
free 20 -1 1056 744
free 19 -1 1464 744
free 22 -1 1880 744
free 29 -1 2192 744
free 8 -1 2472 744
free 7 -1 2568 744
free 26 -1 2808 744
free 17 -1 3112 744
alloc 12 64 16 3032 744
alloc 27 422 3512 2576 744
alloc 46 309 5448 2248 744
alloc 37 488 5776 1744 744
free 32 -1 1912 744
alloc 47 117 96 1776 744
free 34 -1 1976 744
alloc 41 200 2896 1736 744
alloc 20 70 232 1640 744
free 35 -1 1856 744
alloc 22 221 1328 1584 744
alloc 29 279 6984 1288 744
free 24 -1 1528 744
free 39 -1 1728 744
alloc 26 88 328 1624 744
alloc 33 455 -1 1624 744
alloc 28 276 2008 1328 744
free 43 -1 1712 744
free 14 -1 1984 744
free 5 -1 2456 744
free 16 -1 2560 744
free 15 -1 2688 744
free 2 -1 2936 744
free 25 -1 2984 744
free 36 -1 3240 744
alloc 35 441 2304 2776 744
free 38 -1 2840 744
alloc 45 47 432 2744 744
alloc 8 205 1024 2520 744
alloc 23 342 3136 2144 744
free 26 -1 2248 744
alloc 17 485 3968 1744 744
alloc 44 520 4472 1208 744
alloc 11 223 7904 968 744
free 46 -1 1296 744
alloc 21 465 -1 1296 744
alloc 16 219 5448 1056 744
free 47 -1 1192 744
alloc 34 361 -1 1192 744
alloc 25 545 -1 1192 744
free 4 -1 1656 744
free 35 -1 2120 744
free 22 -1 2392 744
free 45 -1 2488 744
free 40 -1 2608 744
free 23 -1 2984 744
free 10 -1 3544 744
alloc 33 389 328 3112 744
free 28 -1 3408 744
free 11 -1 3648 744
alloc 14 584 2008 3048 744
free 37 -1 3552 744
free 16 -1 3792 744
alloc 31 289 1248 3480 744
alloc 34 488 5448 2976 744
alloc 25 396 5952 2560 744
free 20 -1 2656 744
free 3 -1 2920 744
alloc 6 485 6368 2416 744
free 13 -1 2824 744
alloc 40 117 96 2688 744
alloc 39 129 760 2536 744
alloc 26 317 1560 2200 744
free 17 -1 2704 744
alloc 28 97 2608 2584 744
free 27 -1 3040 744
free 14 -1 3640 744
alloc 21 223 1896 3400 744
alloc 32 190 2136 3192 744
free 31 -1 3504 744
free 18 -1 3752 744
free 25 -1 4168 744
alloc 4 69 232 4072 744
alloc 3 144 1248 3912 744
alloc 38 470 3136 3424 744
alloc 45 224 2344 3160 744
free 40 -1 3296 744
alloc 7 34 96 3240 744
alloc 10 167 3624 3056 744
free 33 -1 3488 744
free 44 -1 4024 744
alloc 27 189 328 3816 744
alloc 14 590 3808 3208 744
free 21 -1 3448 744
alloc 16 440 4416 2992 744
alloc 31 327 4872 2648 744
alloc 18 281 5952 2344 744
alloc 9 589 7280 1736 744
alloc 20 129 536 1584 744
free 3 -1 1744 744
free 6 -1 2248 744
free 29 -1 2544 744
alloc 40 243 1248 2280 744
free 7 -1 2336 744
alloc 42 464 6256 1856 744
alloc 17 425 6736 1408 744
alloc 44 196 1896 1168 744
alloc 11 83 96 1032 744
alloc 30 506 -1 1032 744
alloc 21 85 912 920 744
alloc 0 322 -1 920 744
free 31 -1 1264 744
free 34 -1 1768 744
free 9 -1 2376 744
free 4 -1 2472 744
alloc 3 134 2728 2304 744
free 38 -1 2792 744
alloc 13 100 3136 2672 744
free 8 -1 2896 744
alloc 23 589 4872 2288 744
free 10 -1 2472 744
alloc 1 127 1024 2328 744
free 28 -1 2448 744
free 11 -1 2584 744
free 14 -1 3192 744
alloc 37 229 3256 2944 744
alloc 0 417 3504 2504 744
alloc 15 344 3944 2144 744
alloc 34 12 96 2112 744
free 41 -1 2352 744
alloc 36 532 7184 1800 744
free 3 -1 1968 744
alloc 6 465 2608 1480 744
free 13 -1 1600 744
alloc 8 255 5480 1328 744
alloc 7 19 128 1288 744
alloc 10 68 168 1200 744
free 1 -1 1344 744
free 12 -1 1424 744
alloc 11 305 7736 1096 744
alloc 14 283 -1 1096 744
free 21 -1 1208 744
free 0 -1 1648 744
alloc 31 112 912 1520 744
alloc 2 289 3504 1208 744
alloc 41 504 -1 1208 744
free 36 -1 1760 744
alloc 19 585 -1 1760 744
free 6 -1 2248 744
alloc 29 207 2608 2024 744
free 8 -1 2296 744
free 23 -1 2904 744
free 10 -1 2992 744
free 17 -1 3440 744
free 44 -1 3680 744
free 27 -1 3888 744
alloc 46 148 168 3720 744
alloc 21 342 2832 3360 744
alloc 0 399 4872 2944 744
free 31 -1 3072 744
free 34 -1 3104 744
alloc 9 545 5288 2536 744
alloc 36 266 912 2248 744
alloc 3 455 6736 1776 744
alloc 22 572 -1 1776 744
free 45 -1 2040 744
alloc 24 522 -1 2040 744
alloc 23 446 7208 1576 744
free 26 -1 1912 744
alloc 33 10 16 1880 744
alloc 44 176 336 1680 744
alloc 27 356 1512 1304 744
alloc 30 502 -1 1304 744
free 37 -1 1552 744
free 16 -1 2008 744
free 15 -1 2368 744
free 2 -1 2680 744
alloc 25 201 1888 2432 744
free 36 -1 2720 744
free 3 -1 3192 744
alloc 38 304 912 2856 744
free 29 -1 3080 744
free 40 -1 3344 744
free 39 -1 3496 744
free 42 -1 3976 744
alloc 1 563 3192 3392 744
alloc 28 82 688 3288 744
free 27 -1 3664 744
alloc 14 488 1248 3160 744
free 21 -1 3520 744
free 32 -1 3728 744
alloc 15 44 48 3648 744
alloc 2 62 792 3568 744
free 25 -1 3816 744
alloc 4 350 1752 3448 744
alloc 3 101 2120 3328 744
alloc 6 173 2240 3136 744
alloc 45 309 2432 2808 744
alloc 40 517 3776 2272 744
alloc 39 521 4312 1712 744
alloc 26 317 2760 1376 744
alloc 17 67 3096 1280 744
alloc 12 124 6256 1136 744
alloc 43 207 6400 912 744
alloc 30 596 -1 912 744
alloc 5 66 5856 816 744
free 0 -1 1232 744
free 15 -1 1312 744
free 18 -1 1616 744
free 9 -1 2184 744
alloc 36 239 4872 1928 744
alloc 35 74 5128 1832 744
alloc 22 521 5224 1288 744
alloc 29 139 5952 1128 744
alloc 8 170 6624 936 744
free 39 -1 1496 744
free 26 -1 1832 744
free 1 -1 2416 744
free 12 -1 2560 744
free 11 -1 2888 744
alloc 30 107 2760 2760 744
free 5 -1 2856 744
alloc 32 157 2888 2648 744
alloc 31 535 3192 2064 744
alloc 34 62 48 1984 744
alloc 41 367 4312 1600 744
free 36 -1 1856 744
alloc 19 200 4696 1640 744
free 38 -1 1976 744
free 29 -1 2136 744
alloc 24 182 872 1936 744
alloc 39 399 5768 1520 744
alloc 10 462 7672 1040 744
free 17 -1 1136 744
alloc 12 498 -1 1136 744
alloc 27 544 -1 1136 744
free 14 -1 1640 744
alloc 5 360 1072 1264 744
alloc 16 23 1448 1224 744
alloc 47 551 -1 1224 744
alloc 18 216 1488 960 744
alloc 25 493 -1 960 744
alloc 36 21 3096 920 744
free 35 -1 1016 744
free 6 -1 1208 744
alloc 13 204 4912 984 744
free 24 -1 1184 744
free 39 -1 1600 744
free 10 -1 2080 744
alloc 1 327 5768 1736 744
free 44 -1 1936 744
alloc 27 339 6816 1544 744
free 46 -1 1712 744
alloc 21 488 7672 1192 744
free 32 -1 1400 744
free 31 -1 1984 744
free 18 -1 2248 744
free 41 -1 2632 744
free 36 -1 2672 744
free 19 -1 2888 744
alloc 6 289 168 2576 744
free 13 -1 2800 744
free 40 -1 3336 744
free 7 -1 3376 744
alloc 26 145 872 3176 744
free 1 -1 3520 744
alloc 12 192 1488 3312 744
alloc 11 569 2888 2720 744
alloc 46 597 3480 2104 744
alloc 37 168 2240 1912 744
free 16 -1 1952 744
alloc 31 432 4096 1504 744
free 34 -1 1584 744
alloc 9 510 4544 1056 744
alloc 36 227 5768 808 744
free 3 -1 928 744
alloc 38 514 -1 928 744
alloc 29 495 -1 928 744
free 8 -1 1120 744
alloc 39 112 5072 968 744
alloc 10 387 -1 968 744
free 33 -1 1000 744
free 28 -1 1104 744
free 11 -1 1696 744
free 46 -1 2312 744
free 37 -1 2504 744
alloc 32 65 16 2416 744
free 31 -1 2864 744
alloc 18 485 2888 2360 744
alloc 41 579 3392 1760 744
free 20 -1 1912 744
alloc 35 257 480 1600 744
free 6 -1 1912 744
alloc 29 10 104 1880 744
alloc 24 586 -1 1880 744
alloc 7 113 136 1744 744
alloc 42 220 2120 1504 744
alloc 1 240 3992 1248 744
free 12 -1 1456 744
alloc 11 199 1448 1240 744
free 30 -1 1368 744
free 21 -1 1888 744
alloc 0 582 -1 1888 744
alloc 31 22 272 1848 744
free 18 -1 2352 744
free 41 -1 2952 744
alloc 20 228 2760 2704 744
alloc 3 114 312 2536 744
alloc 38 48 1664 2448 744
free 45 -1 2776 744
alloc 8 516 3008 2240 744
free 7 -1 2376 744
alloc 10 153 2360 2200 744
free 1 -1 2456 744
alloc 28 266 3544 2168 744
free 27 -1 2560 744
alloc 14 16 136 2528 744
alloc 21 308 3832 2200 744
free 32 -1 2288 744
free 31 -1 2328 744
free 2 -1 2408 744
alloc 25 164 2536 2224 744
free 36 -1 2472 744
free 3 -1 2640 744
free 22 -1 3184 744
alloc 13 539 5224 2624 744
alloc 40 421 5784 2184 744
free 39 -1 2336 744
free 10 -1 2512 744
alloc 33 112 168 2384 744
alloc 12 116 296 2248 744
free 11 -1 2464 744
alloc 46 65 16 2376 744
alloc 37 396 6624 1960 744
alloc 32 238 4160 1704 744
alloc 31 252 7672 1432 744
alloc 34 15 432 1384 744
free 9 -1 1912 744
free 20 -1 2160 744
free 35 -1 2472 744
free 38 -1 2560 744
free 29 -1 2592 744
free 40 -1 3032 744
alloc 39 540 4416 2472 744
free 42 -1 2712 744
alloc 1 281 480 2408 744
free 12 -1 2544 744
free 43 -1 2768 744
free 14 -1 2800 744
free 21 -1 3128 744
alloc 0 179 1448 2928 744
free 31 -1 3200 744
free 34 -1 3248 744
alloc 9 581 5784 2648 744
alloc 36 78 296 2552 744
alloc 19 40 104 2488 744
alloc 38 349 2120 2120 744
alloc 45 35 392 2032 744
free 8 -1 2568 744
free 23 -1 3032 744
free 26 -1 3232 744
alloc 17 369 2720 2840 744
free 28 -1 3128 744
alloc 11 35 784 3072 744
alloc 14 373 3112 2680 744
free 5 -1 3056 744
free 32 -1 3312 744
alloc 31 162 840 3128 744
alloc 34 437 3504 2672 744
alloc 41 314 1024 2336 744
free 4 -1 2704 744
alloc 35 272 1648 2416 744
alloc 6 322 3960 2072 744
free 45 -1 2160 744
alloc 40 42 392 2072 744
alloc 23 549 7040 1504 744
alloc 10 109 1936 1376 744
free 33 -1 1504 744
alloc 12 345 7608 1136 744
free 11 -1 1192 744
alloc 30 337 -1 1192 744
alloc 5 395 -1 1192 744
free 0 -1 1392 744
free 31 -1 1576 744
alloc 2 346 -1 1576 744
free 25 -1 1760 744
alloc 20 343 -1 1760 744
free 35 -1 2048 744
free 38 -1 2416 744
free 13 -1 2976 744
alloc 24 260 1360 2696 744
free 39 -1 3256 744
free 10 -1 3384 744
free 1 -1 3688 744
alloc 28 29 168 3640 744
alloc 11 569 1640 3048 744
free 46 -1 3136 744
alloc 21 115 480 3000 744
alloc 32 186 616 2792 744
alloc 31 528 4304 2248 744
free 34 -1 2704 744
free 9 -1 3304 744
alloc 20 366 2232 2920 744
alloc 3 596 4848 2304 744
alloc 38 322 3504 1960 744
alloc 13 546 5464 1392 744
free 24 -1 1672 744
alloc 7 230 1360 1392 744
alloc 42 53 16 1304 744
free 17 -1 1696 744
free 28 -1 1744 744
alloc 43 406 2616 1320 744
alloc 46 452 6032 848 744
free 37 -1 1264 744
free 32 -1 1472 744
alloc 15 582 -1 1472 744
alloc 2 280 616 1176 744
free 41 -1 1512 744
free 36 -1 1608 744
free 19 -1 1672 744
alloc 22 596 -1 1672 744
alloc 45 295 912 1360 744
alloc 8 357 6504 984 744
alloc 39 171 104 792 744
alloc 26 575 -1 792 744
alloc 1 544 -1 792 744
alloc 28 435 -1 792 744
alloc 27 76 296 696 696
free 46 -1 1168 696
alloc 37 214 6032 936 696
alloc 16 275 -1 936 696
alloc 47 235 -1 936 696
alloc 18 532 -1 936 696
alloc 25 449 -1 936 696
alloc 36 217 6264 696 696
free 3 -1 1312 696
free 38 -1 1656 696
free 45 -1 1968 696
alloc 24 289 912 1656 696
free 39 -1 1848 696
free 42 -1 1936 696
alloc 17 128 16 1792 696
alloc 44 55 160 1720 696
free 11 -1 2312 696
alloc 46 330 1640 1960 696
free 37 -1 2192 696
alloc 32 559 4848 1616 696
alloc 47 502 -1 1616 696
free 2 -1 1912 696
alloc 9 95 616 1800 696
free 20 -1 2184 696
alloc 19 146 728 2000 696
alloc 38 207 1992 1776 696
alloc 29 184 2216 1576 696
free 40 -1 1664 696
free 23 -1 2232 696
alloc 26 45 232 2168 696
alloc 1 286 3504 1864 696
free 44 -1 1936 696
free 27 -1 2032 696
alloc 30 140 296 1848 696
free 21 -1 1984 696
alloc 0 580 6880 1384 696
free 31 -1 1928 696
alloc 34 255 4304 1656 696
alloc 25 87 480 1520 696
alloc 20 90 1224 1384 696
free 19 -1 1568 696
free 38 -1 1792 696
alloc 45 40 160 1720 696
free 8 -1 2096 696
alloc 39 428 -1 2096 696
alloc 42 73 728 2000 696
free 1 -1 2304 696
alloc 28 208 1992 2080 696
alloc 11 88 2416 1976 696
free 30 -1 2160 696
alloc 37 215 3504 1928 696
free 32 -1 2504 696
alloc 47 52 296 2432 696
alloc 18 241 4576 2168 696
alloc 41 63 368 2056 696
free 36 -1 2296 696
alloc 35 597 4840 1672 696
alloc 22 568 6032 1088 696
free 29 -1 1288 696
alloc 40 99 2216 1168 696
alloc 23 402 -1 1168 696
alloc 10 430 -1 1168 696
alloc 33 174 3736 944 696
alloc 44 68 824 856 696
alloc 27 80 2520 760 696
free 46 -1 1112 696
alloc 21 501 -1 1112 696
free 0 -1 1712 696
alloc 31 298 1640 1360 696
free 18 -1 1624 696
free 41 -1 1736 696
alloc 4 595 6616 1120 696
alloc 19 587 -1 1120 696
alloc 38 44 368 1056 696
free 45 -1 1128 696
free 24 -1 1440 696
alloc 39 578 -1 1440 696
alloc 10 365 -1 1440 696
alloc 1 23 160 1368 696
free 28 -1 1592 696
free 43 -1 2016 696
alloc 46 198 912 1800 696
alloc 21 488 -1 1800 696
alloc 32 331 2616 1448 696
free 31 -1 1800 696
free 34 -1 2072 696
free 25 -1 2208 696
alloc 36 348 1640 1840 696
alloc 3 161 432 1656 696
free 22 -1 2240 696
alloc 29 340 4304 1880 696
alloc 24 236 6032 1624 696
free 7 -1 1904 696
free 26 -1 1968 696
free 17 -1 2112 696
free 12 -1 2480 696
free 11 -1 2584 696
alloc 30 584 7232 1984 696
alloc 5 222 1360 1744 696
free 32 -1 2096 696
alloc 31 80 16 2000 696
alloc 2 73 1128 1904 696
alloc 25 363 2616 1520 696
free 36 -1 1888 696
free 3 -1 2072 696
free 38 -1 2136 696
free 13 -1 2704 696
free 24 -1 2960 696
alloc 23 35 232 2896 696
alloc 26 400 1600 2480 696
free 33 -1 2704 696
alloc 28 188 368 2496 696
alloc 43 558 5464 1920 696
free 30 -1 2520 696
free 5 -1 2760 696
alloc 16 300 6040 2440 696
free 47 -1 2512 696
alloc 18 93 1360 2400 696
free 9 -1 2512 696
alloc 36 234 6360 2256 696
alloc 3 391 7232 1848 696
free 6 -1 2192 696
free 29 -1 2552 696
free 40 -1 2672 696
free 23 -1 2736 696
free 26 -1 3152 696
alloc 33 178 1472 2952 696
free 28 -1 3160 696
free 27 -1 3256 696
free 14 -1 3648 696
alloc 21 193 232 3432 696
alloc 0 190 448 3224 696
free 31 -1 3320 696
free 18 -1 3432 696
free 25 -1 3816 696
free 36 -1 4072 696
free 3 -1 4480 696
alloc 6 222 1672 4240 696
alloc 13 432 1912 3792 696
alloc 40 438 2360 3336 696
alloc 7 36 16 3280 696
alloc 10 249 2816 3008 696
free 1 -1 3080 696
alloc 28 450 3736 2608 696
alloc 11 402 4208 2184 696
alloc 30 565 7232 1600 696
alloc 5 151 3088 1432 696
free 0 -1 1640 696
alloc 47 222 448 1400 696
free 2 -1 1496 696
alloc 41 217 3256 1248 696
free 4 -1 1864 696
alloc 19 58 72 1784 696
alloc 38 7 152 1760 696
alloc 29 576 6360 1168 696
free 40 -1 1624 696
free 7 -1 1680 696
alloc 26 133 2360 1528 696
alloc 17 443 -1 1528 696
alloc 12 396 -1 1528 696
free 43 -1 2104 696
free 30 -1 2688 696
free 37 -1 2920 696
alloc 32 270 2512 2616 696
free 47 -1 2856 696
alloc 34 119 448 2720 696
alloc 25 303 5464 2400 696
free 20 -1 2536 696
alloc 3 392 6952 2128 696
alloc 22 369 7360 1736 696
free 13 -1 2184 696
alloc 40 244 1128 1920 696
alloc 39 540 -1 1920 696
free 10 -1 2192 696
free 33 -1 2392 696
free 44 -1 2480 696
alloc 27 557 -1 2480 696
alloc 14 246 1392 2200 696
free 5 -1 2368 696
free 16 -1 2688 696
alloc 31 63 584 2608 696
alloc 18 41 664 2544 696
free 25 -1 2864 696
alloc 20 249 1912 2592 696
free 19 -1 2672 696
free 38 -1 2696 696
alloc 13 353 2816 2320 696
alloc 24 342 5464 1960 696
alloc 23 442 5824 1496 696
free 26 -1 1648 696
alloc 17 209 2184 1416 696
alloc 44 508 -1 1416 696
free 11 -1 1840 696
free 46 -1 2056 696
alloc 37 130 16 1904 696
alloc 16 463 4208 1424 696
alloc 15 181 824 1224 696
alloc 2 547 -1 1224 696
alloc 9 200 3504 992 696
alloc 4 347 7752 624 624
free 35 -1 1248 624
alloc 38 388 4688 840 624
free 13 -1 1216 624
alloc 8 456 -1 1216 624
alloc 7 232 2816 968 624
free 42 -1 1064 624
alloc 1 431 -1 1064 624
free 28 -1 1536 624
alloc 43 448 3736 1064 624
alloc 30 561 -1 1064 624
free 37 -1 1216 624
free 32 -1 1520 624
free 31 -1 1600 624
free 18 -1 1664 624
free 41 -1 1912 624
free 20 -1 2184 624
free 3 -1 2592 624
free 22 -1 2984 624
alloc 13 591 6952 2376 624
free 40 -1 2640 624
alloc 39 421 3064 2200 624
alloc 26 561 -1 2200 624
free 17 -1 2432 624
alloc 28 549 1912 1864 624
alloc 11 249 1024 1592 624
alloc 30 552 -1 1592 624
free 21 -1 1808 624
alloc 32 106 16 1680 624
alloc 47 109 144 1552 624
free 34 -1 1688 624
alloc 25 395 272 1272 624
alloc 20 198 2480 1056 624
alloc 35 542 -1 1056 624
free 6 -1 1296 624
free 29 -1 1888 624
alloc 8 366 6288 1504 624
free 39 -1 1944 624
alloc 42 221 1672 1704 624
alloc 33 271 3064 1416 624
alloc 12 303 5096 1096 624
alloc 27 73 688 1000 624
alloc 30 575 -1 1000 624
alloc 21 158 6672 824 624
alloc 0 175 7560 632 624
free 47 -1 760 624
alloc 18 341 -1 760 624
free 9 -1 992 624
free 20 -1 1208 624
alloc 3 159 2480 1032 624
free 38 -1 1440 624
alloc 29 186 3352 1232 624
free 8 -1 1616 624
alloc 39 123 2656 1456 624
free 42 -1 1696 624
alloc 17 85 144 1568 624
alloc 44 240 4688 1312 624
free 11 -1 1584 624
alloc 46 587 -1 1584 624
alloc 37 118 1024 1448 624
free 0 -1 1640 624
alloc 31 278 6288 1344 624
alloc 18 84 1160 1240 624
free 25 -1 1656 624
alloc 20 188 272 1448 624
alloc 35 236 -1 1448 624
alloc 6 590 -1 1448 624
alloc 45 146 480 1280 624
free 24 -1 1640 624
free 39 -1 1800 624
alloc 42 307 5416 1472 624
free 33 -1 1760 624
free 28 -1 2328 624
free 27 -1 2424 624
free 14 -1 2704 624
free 21 -1 2880 624
alloc 0 541 1264 2320 624
free 15 -1 2520 624
free 18 -1 2624 624
alloc 25 452 1824 2152 624
free 20 -1 2360 624
alloc 19 130 272 2208 624
alloc 22 498 -1 2208 624
free 45 -1 2376 624
alloc 24 136 424 2224 624
alloc 39 201 576 2000 624
alloc 26 525 -1 2000 624
alloc 1 326 6584 1632 624
free 44 -1 1888 624
alloc 11 565 -1 1888 624
alloc 30 156 800 1712 624
free 37 -1 1848 624
free 16 -1 2328 624
alloc 15 63 976 2248 624
alloc 2 381 4208 1848 624
alloc 41 348 4608 1480 624
alloc 36 503 -1 1480 624
free 19 -1 1632 624
alloc 6 68 272 1544 624
alloc 45 120 1056 1408 624
free 24 -1 1560 624
free 39 -1 1784 624
alloc 26 436 -1 1784 624
free 17 -1 1912 624
alloc 44 237 360 1656 624
alloc 27 373 -1 1656 624
alloc 46 552 -1 1656 624
alloc 21 370 -1 1656 624
free 0 -1 2216 624
alloc 47 100 144 2088 624
alloc 18 241 1192 1824 624
free 41 -1 2192 624
alloc 20 577 -1 2192 624
alloc 35 109 616 2064 624
free 6 -1 2152 624
free 45 -1 2288 624
alloc 40 235 1456 2032 624
free 23 -1 2496 624
alloc 10 430 4608 2048 624
alloc 17 73 1056 1952 624
free 12 -1 2272 624
free 43 -1 2744 624
alloc 14 301 3560 2424 624
alloc 37 154 2296 2240 624
alloc 0 538 -1 2240 624
free 31 -1 2536 624
free 18 -1 2800 624
free 25 -1 3272 624
alloc 20 152 1152 3104 624
free 3 -1 3280 624
alloc 6 66 272 3192 624
free 29 -1 3400 624
alloc 8 368 1712 3016 624
alloc 23 581 5744 2416 624
alloc 26 538 -1 2416 624
free 17 -1 2512 624
alloc 12 169 2096 2312 624
alloc 27 107 1320 2176 624
free 30 -1 2352 624
alloc 5 187 744 2120 624
alloc 16 566 -1 2120 624
free 47 -1 2248 624
alloc 34 156 2480 2072 624
alloc 41 85 144 1944 624
free 4 -1 2312 624
free 35 -1 2440 624
alloc 22 334 3064 2088 624
alloc 45 513 7560 1552 624
free 40 -1 1808 624
free 7 -1 2056 624
free 10 -1 2504 624
free 1 -1 2872 624
alloc 28 117 1456 2736 624
alloc 43 323 2656 2392 624
free 14 -1 2712 624
free 5 -1 2944 624
alloc 16 437 3416 2488 624
free 15 -1 2568 624
alloc 18 374 616 2176 624
free 41 -1 2304 624
alloc 36 219 3872 2064 624
alloc 3 156 4608 1888 624
alloc 38 282 4784 1584 624
free 13 -1 2192 624
alloc 24 251 5088 1920 624
free 23 -1 2520 624
free 42 -1 2848 624
alloc 1 173 5360 2656 624
free 44 -1 2912 624
free 43 -1 3256 624
alloc 30 463 5552 2776 624
free 37 -1 2960 624
alloc 0 455 6032 2488 624
alloc 47 112 144 2360 624
free 2 -1 2760 624
alloc 9 441 4112 2264 624
free 20 -1 2432 624
alloc 19 276 1008 2120 624
free 22 -1 2472 624
alloc 29 282 2656 2168 624
alloc 40 543 6504 1608 624
alloc 39 475 7064 1112 624
alloc 10 138 360 952 624
alloc 33 234 2960 696 624
free 28 -1 832 624
free 27 -1 968 624
free 30 -1 1448 624
alloc 5 172 1320 1256 624
free 0 -1 1728 624
alloc 15 209 5552 1496 624
alloc 2 519 5784 960 624
alloc 25 553 -1 960 624
free 36 -1 1200 624
free 3 -1 1376 624
alloc 22 419 -1 1376 624
alloc 13 600 -1 1376 624
free 40 -1 1936 624
alloc 23 217 3872 1696 624
alloc 26 166 1512 1496 624
free 33 -1 1752 624
alloc 28 226 2960 1504 624
alloc 11 554 6320 928 624
alloc 30 301 -1 928 624
free 5 -1 1120 624
alloc 0 309 -1 1120 624
free 47 -1 1248 624
free 2 -1 1784 624
alloc 41 233 5784 1528 624
alloc 36 160 1320 1336 624
free 19 -1 1648 624
free 6 -1 1736 624
free 29 -1 2040 624
alloc 40 205 1008 1816 624
free 23 -1 2056 624
free 26 -1 2256 624
free 1 -1 2448 624
free 12 -1 2648 624
free 11 -1 3224 624
alloc 46 393 6040 2808 624
alloc 37 396 6456 2392 624
alloc 0 28 144 2344 624
alloc 47 553 -1 2344 624
alloc 2 269 2096 2056 624
free 41 -1 2312 624
free 36 -1 2504 624
alloc 35 98 192 2384 624
alloc 22 409 1232 1952 624
alloc 29 51 520 1856 624
free 24 -1 2128 624
free 39 -1 2624 624
alloc 42 305 5088 2296 624
alloc 17 22 312 2248 624
free 28 -1 2496 624
alloc 43 218 2656 2256 624
alloc 14 70 2384 2160 624
alloc 5 205 2896 1936 624
free 0 -1 1984 624
alloc 47 228 3120 1736 624
free 34 -1 1912 624
alloc 41 359 6872 1536 624
alloc 36 38 2480 1480 624
alloc 3 187 3872 1240 624
free 22 -1 1672 624
alloc 13 185 1232 1464 624
free 40 -1 1688 624
alloc 7 61 1008 1608 624
free 10 -1 1768 624
alloc 1 108 360 1608 624
alloc 12 26 144 1560 624
free 43 -1 1800 624
free 46 -1 2216 624
free 5 -1 2440 624
free 32 -1 2568 624
free 47 -1 2816 624
free 18 -1 3208 624
free 41 -1 3584 624
alloc 20 360 616 3192 624
free 35 -1 3312 624
alloc 22 303 2536 2992 624
free 13 -1 3200 624
alloc 24 421 1088 2760 624
alloc 23 413 2856 2328 624
alloc 26 330 5784 1976 624
free 17 -1 2024 624
alloc 44 243 6136 1760 624
alloc 43 176 6872 1568 624
alloc 46 382 7064 1168 624
alloc 21 40 16 1112 624
free 16 -1 1568 624
alloc 31 317 3288 1232 624
free 2 -1 1520 624
free 9 -1 2016 624
alloc 4 218 2096 1776 624
alloc 35 475 4112 1280 624
free 22 -1 1600 624
free 45 -1 2136 624
free 8 -1 2520 624
alloc 39 117 192 2352 624
free 26 -1 2704 624
alloc 17 71 1528 2616 624
free 44 -1 2880 624
alloc 11 465 5784 2392 624
free 46 -1 2792 624
free 21 -1 2848 624
alloc 0 144 1616 2688 624
free 31 -1 3024 624
alloc 34 451 3288 2552 624
alloc 25 27 16 2504 624
free 36 -1 2560 624
free 35 -1 3056 624
alloc 6 384 4112 2656 624
free 29 -1 2752 624
free 24 -1 3192 624
free 23 -1 3624 624
alloc 10 323 1088 3280 624
alloc 33 575 2480 2688 624
free 12 -1 2736 624
free 11 -1 3224 624
alloc 30 271 1776 2904 624
free 37 -1 3320 624
free 0 -1 3480 624
alloc 31 507 5784 2952 624
free 34 -1 3424 624
alloc 41 267 3072 3136 624
free 4 -1 3376 624
free 3 -1 3616 624
alloc 22 116 1616 3456 624
alloc 45 567 3360 2872 624
alloc 8 461 6312 2392 624
free 39 -1 2560 624
free 42 -1 2888 624
free 33 -1 3480 624
alloc 12 190 64 3272 624
alloc 11 447 2480 2808 624
free 30 -1 3128 624
alloc 5 420 1776 2688 624
alloc 0 142 2216 2520 624
free 31 -1 3048 624
alloc 34 585 7064 2440 624
free 25 -1 2488 624
alloc 36 241 4512 2216 624
alloc 19 23 16 2168 624
free 22 -1 2328 624
free 45 -1 2912 624
free 8 -1 3392 624
alloc 23 521 3360 2848 624
free 10 -1 3192 624
free 1 -1 3352 624
alloc 28 178 272 3152 624
alloc 27 31 472 3104 624
alloc 46 98 1088 2984 624
alloc 21 84 1208 2880 624
alloc 16 266 5088 2592 624
alloc 47 494 5784 2080 624
alloc 18 283 6296 1776 624
free 41 -1 2064 624
free 20 -1 2456 624
alloc 3 573 -1 2456 624
free 6 -1 2856 624
alloc 29 488 3904 2352 624
alloc 40 381 520 1952 624
free 23 -1 2496 624
alloc 10 312 2944 2168 624
alloc 33 120 1312 2032 624
free 28 -1 2232 624
free 27 -1 2280 624
free 14 -1 2376 624
free 21 -1 2480 624
free 16 -1 2768 624
alloc 31 148 272 2600 624
free 34 -1 3208 624
alloc 41 524 3272 2664 624
free 36 -1 2936 624
free 19 -1 2984 624
alloc 6 220 4408 2744 624
alloc 45 312 5088 2416 624
alloc 24 407 7064 1992 624
alloc 23 455 7488 1520 624
free 10 -1 1848 624
free 17 -1 1936 624
free 12 -1 2144 624
alloc 27 405 -1 2144 624
free 46 -1 2264 624
alloc 21 90 16 2152 624
free 0 -1 2320 624
free 47 -1 2832 624
free 18 -1 3136 624
alloc 9 37 128 3080 624
alloc 4 540 5784 2520 624
alloc 3 227 1448 2272 624
alloc 22 272 2944 1984 624
free 29 -1 2488 624
free 40 -1 2888 624
alloc 39 583 -1 2888 624
alloc 10 446 440 2424 624
free 33 -1 2560 624
alloc 12 274 1088 2264 624
free 43 -1 2456 624
alloc 14 437 3816 2000 624
free 21 -1 2112 624
alloc 16 255 6344 1840 624
free 15 -1 2072 624
alloc 2 43 16 2008 624
free 9 -1 2064 624
free 4 -1 2624 624
alloc 19 411 5416 2192 624
free 6 -1 2432 624
alloc 13 236 2216 2168 624
free 24 -1 2592 624
free 7 -1 2672 624
free 10 -1 3136 624
alloc 33 481 440 2632 624
free 12 -1 2928 624
free 11 -1 3392 624
alloc 46 22 80 3352 624
alloc 21 232 944 3104 624
alloc 0 337 2480 2744 624
free 31 -1 2912 624
free 2 -1 2976 624
alloc 9 355 4272 2600 624
alloc 36 148 120 2432 624
free 3 -1 2680 624
alloc 6 33 16 2616 624
free 13 -1 2880 624
alloc 24 228 1192 2632 624
alloc 7 395 5848 2216 624
alloc 42 550 6616 1648 624
alloc 17 159 1440 1472 624
alloc 12 368 -1 1472 624
alloc 11 513 -1 1472 624
free 14 -1 1928 624
free 21 -1 2176 624
free 0 -1 2536 624
alloc 31 312 2216 2208 624
alloc 18 358 2544 1808 624
free 41 -1 2352 624
alloc 4 393 3232 1936 624
free 19 -1 2368 624
free 38 -1 2672 624
free 45 -1 3000 624
free 24 -1 3248 624
free 23 -1 3720 624
alloc 26 592 3648 3096 624
free 17 -1 3272 624
alloc 28 468 944 2784 624
alloc 11 76 288 2688 624
alloc 30 447 4648 2224 624
alloc 37 403 5112 1800 624
alloc 32 385 7184 1392 624
alloc 15 462 7592 912 624
alloc 2 424 -1 912 624
alloc 25 190 1432 704 624
alloc 20 261 5536 392 392
alloc 35 89 1640 256 256
free 6 -1 320 256
alloc 45 87 8072 200 200
alloc 40 87 -1 200 200
alloc 39 563 -1 200 200
free 42 -1 768 200
alloc 17 85 6616 664 200
alloc 12 22 16 600 200
alloc 43 497 -1 600 200
free 46 -1 640 200
free 5 -1 1080 200
free 32 -1 1488 200
alloc 47 27 384 1432 200
alloc 2 343 1776 1072 200
free 9 -1 1448 200
free 20 -1 1760 200
alloc 3 298 4272 1440 200
alloc 6 510 6720 912 200
alloc 13 416 -1 912 200
alloc 8 60 2136 832 200
alloc 39 358 -1 832 200
alloc 42 3 80 792 200
free 33 -1 1296 200
free 28 -1 1784 200
free 11 -1 1880 200
alloc 14 408 440 1456 200
alloc 21 580 -1 1456 200
free 16 -1 1728 200
free 31 -1 2056 200
free 2 -1 2416 200
alloc 41 145 864 2248 200
alloc 20 227 1032 2000 200
alloc 19 266 1776 1712 200
alloc 38 407 -1 1712 200
alloc 29 64 288 1616 200
free 8 -1 1696 200
alloc 23 444 2064 1216 200
alloc 10 296 5536 904 200
alloc 33 344 -1 904 200
alloc 44 246 6264 640 200
alloc 11 85 1280 536 200
alloc 46 209 7248 304 200
alloc 5 434 -1 304 200
alloc 16 337 -1 304 200
free 15 -1 784 200
alloc 2 333 7480 432 200
alloc 9 10 1384 384 200
free 36 -1 552 200
free 19 -1 840 200
alloc 38 126 120 672 200
free 45 -1 792 200
alloc 8 306 7832 432 200
alloc 39 412 -1 432 200
free 10 -1 744 200
alloc 1 217 1776 504 200
free 44 -1 768 200
alloc 43 186 5536 560 200
free 46 -1 792 200
alloc 5 565 -1 792 200
alloc 0 275 6264 496 200
alloc 31 447 -1 496 200
free 18 -1 896 200
free 9 -1 944 200
alloc 36 502 -1 944 200
alloc 19 248 2544 680 200
free 6 -1 1208 200
alloc 45 179 6720 1008 200
alloc 24 198 6920 792 200
free 7 -1 1208 200
free 26 -1 1832 200
alloc 33 598 3648 1208 200
alloc 28 543 -1 1208 200
alloc 27 256 5744 936 200
alloc 46 535 -1 936 200
alloc 21 261 7136 656 200
free 0 -1 952 200
free 47 -1 1008 200
alloc 18 360 6016 632 200
alloc 9 280 -1 632 200
free 4 -1 1048 200
free 35 -1 1184 200
free 22 -1 1472 200
free 29 -1 1568 200
alloc 40 50 288 1496 200
alloc 7 528 2808 952 200
free 42 -1 992 200
free 17 -1 1096 200
free 12 -1 1160 200
free 11 -1 1264 200
alloc 46 270 3352 968 200
free 21 -1 1248 200
alloc 0 193 6392 1032 200
alloc 31 61 16 928 200
free 2 -1 1280 200
free 41 -1 1448 200
free 20 -1 1696 200
free 3 -1 2016 200
alloc 6 305 864 1688 200
free 45 -1 1888 200
free 40 -1 1960 200
free 7 -1 2504 200
alloc 42 70 288 2416 200
free 33 -1 3040 200
alloc 12 536 3648 2488 200
free 43 -1 2696 200
free 46 -1 2992 200
alloc 21 547 2808 2424 200
alloc 32 154 1192 2248 200
alloc 47 101 1640 2112 200
alloc 34 267 4200 1824 200
free 25 -1 2032 200
alloc 36 387 7136 1624 200
free 19 -1 1888 200
alloc 22 389 -1 1888 200
alloc 13 138 1368 1728 200
free 8 -1 2088 200
alloc 7 446 7544 1624 200
alloc 26 456 -1 1624 200
free 1 -1 1864 200
alloc 44 329 -1 1864 200
alloc 43 382 -1 1864 200
alloc 46 124 1776 1720 200
free 37 -1 2144 200
free 0 -1 2360 200
free 47 -1 2496 200
free 18 -1 2872 200
alloc 9 473 5112 2376 200
free 36 -1 2784 200
alloc 3 423 6016 2344 200
free 38 -1 2512 200
alloc 29 402 6456 2088 200
free 24 -1 2304 200
alloc 39 43 120 2240 200
free 42 -1 2328 200
alloc 1 584 6880 1728 200
free 12 -1 2280 200
free 27 -1 2552 200
free 14 -1 2976 200
alloc 5 196 184 2760 200
alloc 0 430 400 2296 200
alloc 15 17 1528 2256 200
free 34 -1 2544 200
alloc 25 377 3376 2144 200
alloc 20 4 1568 2120 200
alloc 19 575 3776 1528 200
alloc 38 224 2544 1264 200
free 13 -1 1424 200
alloc 24 81 1368 1320 200
free 39 -1 1384 200
alloc 26 342 5608 1024 200
alloc 17 240 4368 744 200
alloc 44 295 -1 744 200
alloc 27 231 -1 744 200
free 30 -1 1208 200
alloc 37 193 4648 992 200
free 0 -1 1456 200
alloc 47 238 400 1200 200
alloc 18 307 -1 1200 200
alloc 41 345 -1 1200 200
free 20 -1 1224 200
free 3 -1 1664 200
free 6 -1 1992 200
free 29 -1 2416 200
alloc 40 381 656 2016 200
free 7 -1 2480 200
alloc 42 218 4864 2232 200
alloc 33 432 5968 1784 200
alloc 28 105 1056 1648 200
alloc 43 471 7480 1160 200
alloc 30 84 1568 1056 200
free 37 -1 1272 200
free 32 -1 1448 200
free 15 -1 1488 200
alloc 18 26 120 1424 200
free 25 -1 1824 200
alloc 20 298 3376 1504 200
alloc 35 42 1192 1440 200
alloc 22 41 1256 1376 200
alloc 13 294 6416 1064 200
alloc 8 66 1472 968 200
alloc 7 554 -1 968 200
free 42 -1 1216 200
free 17 -1 1496 200
free 28 -1 1632 200
free 43 -1 2120 200
free 30 -1 2224 200
free 5 -1 2440 200
alloc 16 288 4368 2136 200
free 47 -1 2392 200
free 18 -1 2456 200
free 9 -1 2952 200
free 20 -1 3272 200
free 35 -1 3336 200
free 38 -1 3600 200
free 13 -1 3912 200
free 8 -1 4008 200
free 23 -1 4488 200
alloc 10 462 120 4008 200
free 33 -1 4456 200
alloc 44 276 1472 4152 200
alloc 43 269 1920 3864 200
alloc 14 261 2208 3584 200
alloc 5 360 3376 3184 200
alloc 0 106 1056 3056 200
alloc 47 231 2488 2808 200
alloc 34 213 4672 2576 200
alloc 41 226 4904 2328 200
alloc 36 469 5968 1840 200
alloc 35 552 7480 1272 200
alloc 6 442 -1 1272 200
alloc 45 22 600 1216 200
free 24 -1 1320 200
alloc 39 554 -1 1320 200
free 26 -1 1680 200
alloc 33 369 5152 1288 200
alloc 28 494 -1 1288 200
alloc 11 278 5544 992 200
free 46 -1 1136 200
free 5 -1 1536 200
free 16 -1 1840 200
free 31 -1 1944 200
alloc 18 375 3376 1544 200
alloc 25 128 1320 1392 200
free 36 -1 1880 200
free 35 -1 2448 200
alloc 38 379 5840 2048 200
free 45 -1 2104 200
alloc 24 196 4368 1888 200
alloc 23 184 6240 1688 200
alloc 26 305 6440 1360 200
free 33 -1 1752 200
free 44 -1 2056 200
free 11 -1 2352 200
free 14 -1 2632 200
alloc 37 472 5152 2144 200
alloc 16 365 1472 1760 200
free 47 -1 2008 200
free 34 -1 2240 200
free 25 -1 2392 200
alloc 20 454 2208 1920 200
alloc 35 462 7480 1440 200
free 38 -1 1840 200
alloc 29 279 4584 1520 200
alloc 8 326 5640 1176 200
free 23 -1 1376 200
free 26 -1 1704 200
alloc 17 466 5984 1216 200
alloc 44 441 -1 1216 200
alloc 27 465 -1 1216 200
alloc 46 580 -1 1216 200
alloc 5 585 -1 1216 200
free 16 -1 1600 200
alloc 15 454 1320 1128 200
alloc 2 144 6472 968 200
alloc 9 321 -1 968 200
free 20 -1 1440 200
free 35 -1 1920 200
free 22 -1 1984 200
free 29 -1 2304 200
free 40 -1 2704 200
alloc 39 91 600 2592 200
free 10 -1 3072 200
free 1 -1 3672 200
alloc 28 99 16 3552 200
free 43 -1 3840 200
alloc 46 11 136 3808 200
free 21 -1 4376 200
alloc 16 467 1792 3888 200
alloc 47 203 168 3664 200
alloc 34 249 712 3392 200
free 41 -1 3640 200
alloc 36 465 2280 3152 200
alloc 35 516 2768 2616 200
alloc 6 478 4584 2120 200
alloc 29 157 392 1912 200
alloc 40 326 6632 1568 200
free 39 -1 1680 200
alloc 26 230 6976 1432 200
free 17 -1 1920 200
alloc 44 431 5984 1472 200
alloc 27 519 7224 936 200
free 46 -1 968 200
free 37 -1 1456 200
free 16 -1 1944 200
alloc 31 185 1792 1736 200
free 2 -1 1896 200
alloc 9 231 2000 1616 200
alloc 20 131 5080 1464 200
free 35 -1 2000 200
alloc 38 167 2768 1816 200
alloc 45 325 2952 1472 200
free 8 -1 1816 200
alloc 7 119 1184 1680 200
free 26 -1 1928 200
alloc 17 355 5232 1552 200
free 28 -1 1672 200
free 27 -1 2208 200
alloc 30 572 6976 1616 200
alloc 37 36 16 1560 200
free 0 -1 1688 200
free 15 -1 2160 200
free 34 -1 2432 200
alloc 41 476 600 1936 200
alloc 4 253 1320 1664 200
free 19 -1 2256 200
free 38 -1 2440 200
free 45 -1 2784 200
free 40 -1 3128 200
alloc 23 495 2768 2616 200
alloc 10 591 7568 1992 200
free 17 -1 2368 200
free 44 -1 2816 200
alloc 27 37 72 2760 200
alloc 14 486 3776 2256 200
alloc 5 549 5232 1688 200
alloc 16 232 5800 1440 200
alloc 15 410 6048 1008 200
alloc 2 308 6480 680 200
alloc 25 90 1592 568 200
free 4 -1 840 200
alloc 3 195 1320 624 200
alloc 38 21 128 584 200
alloc 13 385 -1 584 200
alloc 8 313 -1 584 200
alloc 39 583 -1 584 200
free 10 -1 1208 200
alloc 1 44 1096 1120 200
alloc 44 116 6808 952 200
alloc 11 203 7568 728 200
alloc 46 47 1704 640 200
free 37 -1 696 200
alloc 32 596 -1 696 200
free 15 -1 1128 200
free 2 -1 1456 200
free 41 -1 1952 200
free 36 -1 2440 200
free 3 -1 2656 200
alloc 22 71 600 2568 200
alloc 45 438 2280 2080 200
alloc 8 400 6048 1664 200
alloc 39 266 688 1376 200
alloc 26 586 -1 1376 200
alloc 17 292 6464 1032 200
alloc 12 129 1320 880 200
alloc 43 504 -1 880 200
free 46 -1 968 200
alloc 21 568 -1 968 200
alloc 0 169 7792 776 200
free 31 -1 984 200
alloc 2 346 -1 984 200
free 25 -1 1096 200
alloc 4 218 1472 856 200
alloc 3 561 -1 856 200
free 38 -1 896 200
alloc 13 423 -1 896 200
alloc 40 209 1712 664 200
free 39 -1 952 200
alloc 26 177 688 752 200
free 1 -1 840 200
free 12 -1 992 200
alloc 43 411 -1 992 200
alloc 46 589 -1 992 200
alloc 37 424 -1 992 200
alloc 32 250 888 696 200
free 47 -1 920 200
alloc 34 99 128 800 200
alloc 41 448 -1 800 200
alloc 36 227 -1 800 200
alloc 3 452 -1 800 200
alloc 38 594 -1 800 200
free 45 -1 1288 200
free 40 -1 1520 200
free 7 -1 1656 200
free 26 -1 1856 200
alloc 33 463 2280 1368 200
alloc 12 375 -1 1368 200
alloc 43 150 688 1168 200
free 14 -1 1672 200
free 5 -1 2240 200
free 16 -1 2488 200
alloc 47 592 5232 1880 200
free 18 -1 2280 200
alloc 41 483 3280 1776 200
free 20 -1 1928 200
alloc 3 7 16 1872 200
free 22 -1 1960 200
alloc 13 453 3784 1488 200
free 8 -1 1904 200
alloc 7 337 5840 1544 200
alloc 26 15 248 1512 200
free 17 -1 1856 200
alloc 12 430 6200 1408 200
free 43 -1 1608 200
free 30 -1 2200 200
alloc 21 209 600 1968 200
alloc 16 571 6976 1376 200
free 47 -1 1984 200
alloc 2 31 280 1936 200
free 9 -1 2216 200
alloc 20 532 1712 1648 200
alloc 19 383 5080 1248 200
alloc 38 96 1184 1136 200
free 29 -1 1344 200
free 24 -1 1560 200
alloc 39 422 -1 1560 200
free 26 -1 1592 200
alloc 1 139 328 1432 200
alloc 28 514 -1 1432 200
free 11 -1 1656 200
alloc 46 2 248 1624 200
alloc 5 127 1296 1448 200
free 0 -1 1640 200
alloc 15 364 7568 1256 200
alloc 18 531 -1 1256 200
free 41 -1 1760 200
free 20 -1 2328 200
free 3 -1 2384 200
alloc 22 2 16 2328 200
alloc 29 72 488 2216 200
alloc 8 363 1712 1832 200
free 23 -1 2344 200
alloc 42 114 2096 2208 200
alloc 17 339 2768 1848 200
free 12 -1 2296 200
alloc 43 447 3128 1832 200
free 46 -1 1864 200
alloc 37 452 6200 1392 200
free 32 -1 1688 200
free 15 -1 2072 200
alloc 18 114 832 1936 200
alloc 25 327 5480 1576 200
alloc 20 18 968 1536 200
alloc 3 16 248 1504 200
free 22 -1 1560 200
alloc 45 112 1008 1432 200
alloc 40 68 3592 1344 200
alloc 39 364 7568 960 200
free 42 -1 1096 200
free 1 -1 1256 200
free 44 -1 1424 200
free 43 -1 1888 200
alloc 14 174 3128 1696 200
free 21 -1 1928 200
free 16 -1 2520 200
alloc 31 511 6672 1992 200
free 34 -1 2112 200
alloc 41 287 4256 1784 200
alloc 36 598 -1 1784 200
free 3 -1 1816 200
free 6 -1 2312 200
free 29 -1 2424 200
free 40 -1 2512 200
free 7 -1 2872 200
alloc 42 232 328 2624 200
alloc 1 572 -1 2624 200
alloc 28 591 -1 2624 200
free 27 -1 2680 200
alloc 46 471 4584 2184 200
free 37 -1 2656 200
alloc 32 316 3320 2320 200
alloc 47 191 16 2112 200
alloc 34 333 5840 1760 200
free 25 -1 2120 200
free 4 -1 2360 200
alloc 3 102 576 2240 200
free 38 -1 2352 200
free 13 -1 2824 200
alloc 24 581 3656 2224 200
alloc 7 136 1136 2064 200
alloc 10 437 6192 1584 200
alloc 1 447 -1 1584 200
alloc 44 395 -1 1584 200
alloc 27 99 696 1448 200
alloc 30 81 1472 1344 200
free 5 -1 1520 200
free 32 -1 1856 200
free 31 -1 2384 200
free 34 -1 2736 200
free 41 -1 3064 200
alloc 36 156 1296 2888 200
alloc 35 323 5480 2544 200
alloc 38 387 6672 2136 200
free 45 -1 2264 200
alloc 40 409 7080 1832 200
alloc 23 432 -1 1832 200
alloc 26 409 -1 1832 200
free 33 -1 2320 200
alloc 28 293 2096 2008 200
alloc 43 171 2408 1816 200
free 14 -1 2008 200
alloc 5 214 3128 1776 200
alloc 16 421 -1 1776 200
alloc 31 200 3360 1560 200
free 18 -1 1696 200
alloc 9 358 -1 1696 200
alloc 4 401 -1 1696 200
free 3 -1 1816 200
free 38 -1 2224 200
alloc 29 367 6672 1816 200
free 40 -1 2248 200
free 7 -1 2408 200
free 10 -1 2888 200
alloc 1 485 5824 2384 200
free 28 -1 2696 200
alloc 11 492 -1 2696 200
free 30 -1 2800 200
alloc 37 419 7080 2360 200
alloc 32 137 1008 2200 200
free 47 -1 2408 200
alloc 34 354 -1 2408 200
alloc 41 395 -1 2408 200
free 36 -1 2584 200
free 19 -1 2984 200
alloc 6 71 16 2896 200
alloc 45 79 104 2800 200
free 8 -1 3184 200
alloc 23 294 1168 2872 200
alloc 26 23 200 2832 200
alloc 33 562 1480 2248 200
alloc 12 574 -1 2248 200
free 43 -1 2440 200
free 46 -1 2936 200
alloc 21 489 2064 2424 200
alloc 0 38 576 2368 200
alloc 15 57 832 2288 200
alloc 34 337 4256 1928 200
alloc 41 526 4616 1384 200
free 20 -1 1424 200
alloc 19 551 -1 1424 200
alloc 22 307 6328 1080 200
alloc 13 472 -1 1080 200
alloc 8 76 912 984 200
free 39 -1 1368 200
free 26 -1 1408 200
free 17 -1 1768 200
alloc 44 343 2576 1408 200
free 27 -1 1544 200
alloc 46 354 7520 1168 200
free 21 -1 1680 200
alloc 16 218 2064 1440 200
free 15 -1 1520 200
free 34 -1 1880 200
free 41 -1 2424 200
alloc 20 99 632 2304 200
free 35 -1 2648 200
free 6 -1 2736 200
free 45 -1 2832 200
free 24 -1 3432 200
alloc 39 225 16 3168 200
free 42 -1 3416 200
free 1 -1 3920 200
free 44 -1 4280 200
alloc 11 317 2304 3944 200
alloc 30 36 328 3888 200
free 37 -1 4328 200
free 0 -1 4384 200
free 31 -1 4600 200
free 2 -1 4648 200
alloc 41 492 3360 4136 200
alloc 4 173 384 3944 200
alloc 3 384 2640 3544 200
alloc 6 100 752 3424 200
alloc 45 320 3872 3088 200
alloc 24 575 4208 2496 200
alloc 7 378 4800 2096 200
alloc 26 572 5200 1504 200
alloc 1 153 5792 1328 200
alloc 44 5 280 1280 200
alloc 27 405 7080 840 200
alloc 14 446 -1 840 200
free 5 -1 1072 200
free 32 -1 1232 200
alloc 15 522 -1 1232 200
alloc 2 140 1008 1072 200
alloc 9 437 -1 1072 200
free 20 -1 1192 200
alloc 35 317 5968 832 200
free 22 -1 1176 200
free 29 -1 1584 200
free 8 -1 1680 200
free 23 -1 1992 200
alloc 42 312 6328 1664 200
free 33 -1 2248 200
alloc 12 58 576 2168 200
free 27 -1 2608 200
free 30 -1 2664 200
alloc 21 349 1168 2296 200
free 16 -1 2536 200
alloc 47 303 1536 2216 200
alloc 34 117 872 2080 200
alloc 25 445 6656 1616 200
alloc 20 224 1856 1376 200
alloc 19 579 -1 1376 200
alloc 22 263 3040 1096 200
alloc 29 185 2096 888 200
free 24 -1 1480 200
free 39 -1 1744 200
alloc 10 437 4208 1288 200
alloc 33 217 16 1024 200
free 44 -1 1072 200
alloc 43 344 7120 712 200
alloc 30 553 -1 712 200
alloc 37 173 7896 520 200
alloc 0 177 -1 520 200
alloc 15 424 -1 520 200
alloc 18 175 -1 520 200
free 41 -1 1032 200
alloc 36 92 3320 920 200
alloc 19 214 3432 688 200
free 6 -1 808 200
free 45 -1 1144 200
alloc 40 41 280 1080 200
alloc 23 248 3664 816 200
free 10 -1 1272 200
free 1 -1 1448 200
free 12 -1 1528 200
free 11 -1 1864 200
free 46 -1 2240 200
free 21 -1 2608 200
alloc 16 173 576 2416 200
free 47 -1 2736 200
free 34 -1 2872 200
free 25 -1 3336 200
free 20 -1 3576 200
free 35 -1 3936 200
alloc 6 384 1168 3536 200
free 29 -1 3744 200
free 40 -1 3808 200
alloc 39 304 1568 3488 200
free 42 -1 3816 200
alloc 1 373 1888 3424 200
alloc 12 335 2280 3064 200
alloc 27 1 280 3040 200
alloc 46 468 3928 2552 200
free 37 -1 2744 200
alloc 0 431 5792 2296 200
alloc 47 80 768 2200 200
free 2 -1 2360 200
alloc 9 577 6240 1760 200
free 4 -1 1952 200
alloc 35 289 4416 1640 200
alloc 38 377 7480 1240 200
alloc 45 167 304 1056 200
alloc 8 277 864 752 200
free 7 -1 1152 200
free 26 -1 1744 200
alloc 17 293 4728 1432 200
alloc 28 459 5040 952 200
free 43 -1 1312 200
free 46 -1 1800 200
alloc 37 278 3928 1504 200
free 0 -1 1952 200
alloc 31 310 5520 1624 200
alloc 18 28 488 1576 200
alloc 25 473 6840 1080 200
free 36 -1 1192 200
free 3 -1 1592 200
free 6 -1 1992 200
alloc 29 189 1168 1784 200
alloc 24 329 2640 1432 200
alloc 7 188 5848 1224 200
alloc 10 217 7880 984 200
free 17 -1 1296 200
alloc 44 575 -1 1296 200
free 27 -1 1320 200
alloc 14 344 -1 1320 200
alloc 21 532 -1 1320 200
free 16 -1 1512 200
free 31 -1 1840 200
alloc 34 568 -1 1840 200
free 25 -1 2336 200
alloc 20 35 536 2280 200
free 19 -1 2512 200
free 22 -1 2792 200
alloc 13 483 2992 2288 200
alloc 40 181 4728 2088 200
free 7 -1 2296 200
free 10 -1 2536 200
free 1 -1 2928 200
free 28 -1 3408 200
alloc 43 55 592 3336 200
alloc 14 23 664 3296 200
free 37 -1 3592 200
alloc 0 84 1376 3488 200
alloc 31 116 1888 3352 200
alloc 34 319 3928 3016 200
alloc 41 164 2024 2832 200
alloc 36 351 4928 2464 200
alloc 19 269 5296 2176 200
alloc 6 84 3496 2072 200
free 29 -1 2280 200
free 8 -1 2584 200
free 39 -1 2904 200
alloc 42 177 864 2704 200
alloc 1 393 5584 2288 200
alloc 28 128 1064 2144 200
alloc 11 176 1480 1952 200
alloc 30 435 6840 1496 200
alloc 21 298 -1 1496 200
alloc 32 381 -1 1496 200
alloc 15 250 7880 1224 200
alloc 2 252 -1 1224 200
free 41 -1 1408 200
alloc 4 548 -1 1408 200
free 19 -1 1696 200
free 38 -1 2096 200
alloc 29 78 1208 2000 200
free 24 -1 2352 200
free 23 -1 2616 200
alloc 26 571 -1 2616 200
free 33 -1 2880 200
alloc 44 244 16 2592 200
alloc 27 552 7296 2008 200
free 30 -1 2464 200
alloc 37 18 704 2400 200
alloc 16 399 6840 1984 200
free 15 -1 2256 200
free 18 -1 2304 200
alloc 25 45 1304 2232 200
free 20 -1 2288 200
alloc 19 435 -1 2288 200
free 6 -1 2392 200
free 45 -1 2576 200
alloc 24 117 304 2440 200
alloc 23 549 -1 2440 200
alloc 26 466 -1 2440 200
alloc 17 532 -1 2440 200
free 44 -1 2728 200
free 27 -1 3312 200
free 14 -1 3352 200
alloc 21 16 16 3320 200
free 0 -1 3424 200
alloc 15 88 48 3320 200
alloc 18 151 1672 3152 200
alloc 41 293 2640 2840 200
free 36 -1 3208 200
alloc 3 137 2024 3048 200
alloc 6 297 3496 2728 200
free 13 -1 3232 200
alloc 8 495 2952 2688 200
alloc 23 88 152 2584 200
alloc 26 361 4928 2200 200
free 1 -1 2616 200
alloc 44 50 440 2544 200
alloc 27 566 5312 1960 200
alloc 14 35 512 1880 200
free 21 -1 1912 200
free 16 -1 2328 200
free 15 -1 2432 200
free 34 -1 2768 200
free 25 -1 2840 200
alloc 4 89 16 2704 200
free 35 -1 3016 200
free 6 -1 3336 200
alloc 45 460 3496 2856 200
free 8 -1 3400 200
free 23 -1 3504 200
free 42 -1 3704 200
alloc 1 597 3976 3088 200
free 44 -1 3160 200
free 43 -1 3232 200
alloc 30 31 152 3184 200
alloc 21 326 2952 2840 200
alloc 32 41 200 2776 200
free 47 -1 2872 200
alloc 2 440 6840 2416 200
alloc 25 462 7296 1936 200
alloc 36 138 768 1776 200
alloc 35 353 7776 1400 200
alloc 38 185 5896 1192 200
free 29 -1 1288 200
alloc 8 301 -1 1288 200
alloc 39 147 1208 1120 200
alloc 10 386 -1 1120 200
alloc 33 314 -1 1120 200
free 12 -1 1480 200
free 27 -1 2064 200
alloc 46 147 2184 1896 200
free 37 -1 1960 200
alloc 0 102 592 1840 200
alloc 47 363 5312 1456 200
alloc 34 361 -1 1456 200
free 25 -1 1936 200
alloc 20 4 264 1896 200
free 35 -1 2272 200
alloc 6 582 7296 1672 200
alloc 13 208 2352 1448 200
free 40 -1 1648 200
alloc 7 484 -1 1648 200
alloc 42 587 -1 1648 200
alloc 33 93 928 1512 200
alloc 44 39 440 1440 200
free 11 -1 1632 200
free 14 -1 1712 200
alloc 37 521 -1 1712 200
alloc 16 466 -1 1712 200
free 31 -1 1848 200
free 2 -1 2304 200
alloc 25 28 512 2224 200
free 36 -1 2384 200
alloc 35 311 4592 2048 200
free 38 -1 2256 200
free 13 -1 2480 200
alloc 40 141 712 2320 200
alloc 23 84 1376 2216 200
alloc 10 416 5696 1784 200
free 33 -1 1920 200
free 28 -1 2064 200
alloc 43 103 872 1944 200
alloc 14 15 992 1912 200
free 21 -1 2256 200
alloc 16 217 2352 2016 200
alloc 15 231 2952 1768 200
free 18 -1 1936 200
free 41 -1 2248 200
alloc 36 47 1024 2184 200
free 35 -1 2520 200
alloc 22 209 1480 2288 200
alloc 13 518 -1 2288 200
free 24 -1 2424 200
free 39 -1 2592 200
alloc 42 433 6840 2136 200
alloc 17 590 -1 2136 200
free 44 -1 2208 200
alloc 27 381 -1 2208 200
free 30 -1 2256 200
alloc 37 295 1712 1944 200
free 32 -1 2008 200
free 47 -1 2392 200
alloc 2 564 -1 2392 200
free 9 -1 2992 200
free 20 -1 3032 200
alloc 19 536 6128 2480 200
free 22 -1 2712 200
alloc 13 393 -1 2712 200
alloc 8 593 -1 2712 200
free 23 -1 2816 200
free 26 -1 3200 200
alloc 17 49 152 3128 200
alloc 12 594 1088 2504 200
alloc 27 480 4592 2008 200
alloc 30 562 5088 1400 200
alloc 21 197 224 1184 200
free 0 -1 1304 200
alloc 31 330 2592 944 200
alloc 2 371 -1 944 200
alloc 41 66 592 824 200
free 4 -1 960 200
alloc 35 160 3200 784 200
free 6 -1 1384 200
alloc 13 444 7296 920 200
alloc 24 221 7760 680 200
alloc 23 237 -1 680 200
free 10 -1 1112 200
free 17 -1 1184 200
free 12 -1 1808 200
alloc 11 118 16 1672 200
free 14 -1 1704 200
free 37 -1 2016 200
free 16 -1 2256 200
alloc 47 282 1088 1952 200
alloc 2 170 1392 1760 200
free 41 -1 1880 200
free 36 -1 1944 200
free 3 -1 2104 200
alloc 22 142 1584 1944 200
free 13 -1 2408 200
alloc 8 159 1744 2232 200
alloc 7 67 592 2112 200
alloc 26 441 7296 1648 200
free 1 -1 2264 200
alloc 28 541 3976 1704 200
free 43 -1 1824 200
free 46 -1 1992 200
alloc 5 526 1920 1448 200
alloc 16 149 872 1280 200
free 15 -1 1528 200
alloc 34 347 5696 1160 200
alloc 41 544 -1 1160 200
alloc 36 531 -1 1160 200
free 35 -1 1336 200
free 22 -1 1496 200
alloc 29 79 1584 1400 200
free 40 -1 1560 200
free 7 -1 1680 200
free 26 -1 2144 200
alloc 33 399 2952 1728 200
alloc 12 207 592 1504 200
free 11 -1 1640 200
alloc 14 98 16 1520 200
free 21 -1 1736 200
free 16 -1 1904 200
free 47 -1 2208 200
free 34 -1 2576 200
free 25 -1 2656 200
alloc 4 320 136 2320 200
alloc 3 591 -1 2320 200
alloc 38 593 -1 2320 200
alloc 13 309 816 1992 200
free 24 -1 2232 200
alloc 23 502 7296 1712 200
alloc 10 130 1144 1560 200
free 33 -1 1976 200
free 28 -1 2536 200
free 27 -1 3032 200
free 30 -1 3640 200
free 5 -1 4184 200
alloc 0 6 472 4160 200
alloc 47 267 1920 3872 200
free 2 -1 4064 200
alloc 41 406 2952 3640 200
alloc 36 361 2208 3256 200
alloc 3 562 3976 2672 200
alloc 38 584 4560 2072 200
free 45 -1 2552 200
alloc 40 38 496 2496 200
free 23 -1 3016 200
free 42 -1 3472 200
alloc 1 131 1296 3320 200
free 12 -1 3544 200
alloc 43 412 3376 3112 200
free 14 -1 3232 200
alloc 21 372 5160 2840 200
alloc 32 487 5552 2336 200
alloc 15 468 6680 1848 200
alloc 34 288 7168 1544 200
alloc 9 343 7472 1184 200
alloc 20 203 552 960 200
free 19 -1 1512 200
alloc 22 370 6056 1120 200
free 29 -1 1216 200
free 8 -1 1392 200
alloc 7 279 1448 1096 200
free 10 -1 1248 200
free 1 -1 1400 200
alloc 44 246 1144 1136 200
alloc 11 301 7832 816 200
alloc 30 588 -1 816 200
alloc 37 484 -1 816 200
free 0 -1 840 200
free 47 -1 1128 200
alloc 2 141 1744 968 200
free 9 -1 1328 200
free 20 -1 1552 200
free 3 -1 2136 200
alloc 6 388 3808 1728 200
free 13 -1 2056 200
alloc 24 327 552 1712 200
alloc 39 28 16 1664 200
alloc 10 391 -1 1664 200
alloc 17 358 -1 1664 200
alloc 28 392 -1 1664 200
free 43 -1 2096 200
alloc 46 16 64 2064 200
free 21 -1 2456 200
alloc 0 579 -1 2456 200
alloc 47 260 1904 2152 200
free 34 -1 2456 200
alloc 25 458 7168 1976 200
alloc 20 337 3376 1616 200
alloc 19 288 4216 1312 200
free 38 -1 1912 200
alloc 13 97 896 1792 200
alloc 8 137 4520 1632 200
free 39 -1 1680 200
alloc 26 147 4680 1512 200
alloc 33 54 1016 1440 200
alloc 28 63 4848 1360 200
alloc 43 13 16 1312 200
alloc 30 330 4928 960 200
alloc 21 581 -1 960 200
alloc 0 210 5280 728 200
free 31 -1 1088 200
free 2 -1 1248 200
alloc 9 72 1744 1160 200
free 4 -1 1496 200
free 19 -1 1800 200
alloc 38 284 96 1496 200
alloc 45 414 -1 1496 200
free 8 -1 1656 200
free 7 -1 1952 200
free 26 -1 2120 200
alloc 17 532 4216 1568 200
alloc 12 465 -1 1568 200
free 43 -1 1616 200
free 46 -1 1648 200
alloc 21 216 1408 1416 200
free 0 -1 1648 200
alloc 31 101 2592 1528 200
alloc 18 47 16 1448 200
free 9 -1 1536 200
free 36 -1 1920 200
alloc 3 153 1640 1744 200
free 6 -1 2152 200
free 13 -1 2272 200
free 40 -1 2328 200
alloc 23 528 -1 2328 200
alloc 26 145 2208 2160 200
free 17 -1 2712 200
free 44 -1 2976 200
alloc 43 563 3736 2392 200
alloc 14 419 4320 1952 200
alloc 5 358 -1 1952 200
free 32 -1 2456 200
free 47 -1 2760 200
alloc 34 3 400 2736 200
free 25 -1 3216 200
alloc 4 345 1816 2824 200
free 3 -1 3000 200
free 22 -1 3392 200
alloc 13 378 5280 2992 200
alloc 8 478 5680 2496 200
alloc 7 454 6176 1992 200
alloc 42 501 7168 1472 200
alloc 1 365 -1 1472 200
free 28 -1 1552 200
alloc 27 249 1088 1280 200
alloc 46 516 -1 1280 200
alloc 37 467 -1 1280 200
alloc 32 513 -1 1280 200
free 31 -1 1400 200
free 34 -1 1424 200
free 41 -1 1848 200
free 4 -1 2240 200
alloc 35 305 1640 1912 200
free 38 -1 2216 200
alloc 29 138 96 2056 200
alloc 40 7 256 2032 200
alloc 23 286 2376 1728 200
free 42 -1 2248 200
alloc 1 168 280 2064 200
alloc 28 507 2680 1536 200
free 27 -1 1808 200
free 30 -1 2160 200
free 21 -1 2392 200
alloc 32 400 1088 1976 200
alloc 31 558 7168 1400 200
free 18 -1 1480 200
alloc 25 233 4760 1224 200
free 20 -1 1584 200
alloc 3 234 3208 1328 200
alloc 6 86 896 1208 200
free 13 -1 1608 200
free 8 -1 2104 200
free 23 -1 2408 200
alloc 42 571 5016 1816 200
alloc 17 288 2376 1512 200
free 28 -1 2040 200
free 11 -1 2360 200
free 14 -1 2800 200
alloc 37 393 2680 2384 200
alloc 0 93 1504 2248 200
alloc 47 294 4320 1936 200
alloc 2 398 5608 1520 200
free 25 -1 1776 200
alloc 36 48 16 1696 200
free 35 -1 2024 200
alloc 38 495 1640 1512 200
alloc 13 499 -1 1512 200
free 40 -1 1536 200
free 7 -1 2040 200
free 26 -1 2208 200
free 33 -1 2280 200
alloc 44 518 6024 1744 200
alloc 11 373 7744 1352 200
alloc 14 263 4632 1072 200
alloc 5 290 -1 1072 200
free 0 -1 1208 200
free 15 -1 1696 200
alloc 18 386 6560 1288 200
alloc 41 308 -1 1288 200
alloc 20 218 3464 1016 200
alloc 19 13 464 984 200
free 6 -1 1104 200
alloc 45 544 -1 1104 200
free 24 -1 1448 200
alloc 39 308 496 1120 200
alloc 10 159 824 944 200
alloc 33 395 -1 944 200
alloc 28 248 -1 944 200
free 43 -1 1528 200
free 14 -1 1808 200
alloc 21 154 2152 1632 200
alloc 0 27 1000 1584 200
alloc 15 530 3736 1000 200
alloc 34 478 -1 1000 200
alloc 25 162 4632 816 200
free 20 -1 1088 200
alloc 35 541 -1 1088 200
alloc 22 264 -1 1088 200
free 29 -1 1248 200
alloc 40 11 96 1216 200
free 39 -1 1544 200
free 42 -1 2136 200
free 17 -1 2440 200
free 44 -1 2976 200
alloc 43 421 4816 2536 200
alloc 14 333 2328 2184 200
alloc 5 408 6024 1760 200
alloc 16 375 -1 1760 200
free 47 -1 2072 200
alloc 34 61 128 1992 200
alloc 9 568 -1 1992 200
alloc 20 312 496 1664 200
free 3 -1 1920 200
free 38 -1 2432 200
alloc 13 292 1504 2120 200
alloc 8 376 3096 1728 200
alloc 39 194 1816 1512 200
free 10 -1 1688 200
free 1 -1 1872 200
alloc 44 203 208 1616 200
alloc 27 459 -1 1616 200
alloc 46 566 -1 1616 200
free 5 -1 2040 200
free 0 -1 2088 200
free 15 -1 2672 200
free 18 -1 3080 200
free 25 -1 3264 200
free 36 -1 3344 200
alloc 35 283 3488 3040 200
alloc 38 131 824 2888 200
free 13 -1 3200 200
free 8 -1 3592 200
alloc 23 272 1504 3280 200
alloc 26 81 976 3168 200
alloc 17 551 3792 2600 200
alloc 12 560 6024 2024 200
free 43 -1 2464 200
alloc 46 549 4360 1896 200
free 37 -1 2312 200
alloc 0 520 2680 1776 200
free 31 -1 2352 200
free 34 -1 2432 200
alloc 41 440 4928 1976 200
alloc 36 363 6600 1592 200
free 35 -1 1896 200
alloc 22 221 3216 1656 200
alloc 29 159 3456 1480 200
alloc 24 443 6984 1016 200
alloc 7 534 -1 1016 200
alloc 10 355 -1 1016 200
free 17 -1 1584 200
free 12 -1 2160 200
free 11 -1 2552 200
free 46 -1 3120 200
alloc 5 65 2032 3000 200
alloc 16 196 3632 2784 200
alloc 15 230 3848 2536 200
alloc 34 514 4096 2000 200
alloc 25 374 6024 1608 200
free 20 -1 1936 200
free 19 -1 1968 200
free 38 -1 2120 200
free 29 -1 2296 200
free 24 -1 2760 200
free 39 -1 2976 200
free 26 -1 3088 200
alloc 33 426 464 2640 200
free 44 -1 2896 200
alloc 27 388 6984 2488 200
alloc 46 99 128 2368 200
free 21 -1 2544 200
free 0 -1 3080 200
free 15 -1 3328 200
free 2 -1 3744 200
free 25 -1 4136 200
alloc 20 116 248 4000 200
alloc 35 428 2680 3552 200
alloc 38 568 5384 2968 200
alloc 45 34 16 2888 200
alloc 24 97 912 2768 200
alloc 39 518 5968 2232 200
alloc 26 174 1816 2016 200
free 33 -1 2464 200
alloc 44 47 384 2400 200
free 27 -1 2808 200
free 14 -1 3160 200
alloc 37 409 448 2696 200
free 32 -1 3112 200
alloc 47 542 6984 2552 200
alloc 18 275 1032 2256 200
alloc 25 228 2152 2008 200
free 36 -1 2392 200
alloc 3 365 6504 2008 200
alloc 6 573 7544 1416 200
alloc 13 11 1328 1384 200
free 40 -1 1416 200
alloc 7 175 2400 1224 200
free 26 -1 1440 200
alloc 1 278 4632 1144 200
free 44 -1 1208 200
alloc 27 274 -1 1208 200
free 46 -1 1328 200
free 5 -1 1448 200
alloc 0 276 1816 1152 200
free 47 -1 1712 200
alloc 2 533 6888 1160 200
alloc 9 410 -1 1160 200
alloc 36 535 -1 1160 200
free 35 -1 1608 200
free 6 -1 2200 200
alloc 29 475 2592 1704 200
free 24 -1 1824 200
free 39 -1 2360 200
alloc 42 217 3848 2112 200
alloc 33 315 5968 1776 200
alloc 28 24 96 1736 200
alloc 43 434 7440 1280 200
alloc 46 472 -1 1280 200
free 37 -1 1744 200
free 0 -1 2040 200
alloc 15 234 384 1784 200
free 34 -1 2320 200
free 41 -1 2776 200
alloc 36 78 136 2664 200
alloc 35 485 4096 2128 200
free 38 -1 2712 200
free 13 -1 2744 200
alloc 40 291 640 2432 200
free 7 -1 2624 200
free 42 -1 2872 200
alloc 17 57 952 2792 200
alloc 44 388 4928 2384 200
alloc 11 115 1328 2248 200
alloc 30 546 5336 1680 200
alloc 21 573 -1 1680 200
free 16 -1 1896 200
alloc 47 151 1816 1728 200
alloc 34 485 3456 1224 200
alloc 9 32 1984 1176 200
free 20 -1 1312 200
alloc 19 363 -1 1312 200
alloc 6 50 248 1240 200
alloc 13 564 -1 1240 200
alloc 8 576 -1 1240 200
alloc 7 208 7896 1016 200
alloc 10 109 2400 888 200
free 33 -1 1224 200
free 44 -1 1632 200
alloc 27 371 4928 1224 200
alloc 14 356 5904 848 200
alloc 5 147 6280 680 200
alloc 16 206 -1 680 200
free 15 -1 936 200
free 18 -1 1232 200
free 9 -1 1280 200
free 36 -1 1392 200
free 35 -1 1928 200
free 6 -1 2000 200
alloc 13 303 136 1680 200
alloc 8 447 3960 1216 200
alloc 39 357 -1 1216 200
free 10 -1 1344 200
alloc 33 348 -1 1344 200
free 28 -1 1384 200
free 11 -1 1520 200
free 14 -1 1896 200
free 5 -1 2064 200
alloc 16 165 456 1880 200
free 47 -1 2048 200
alloc 18 190 1032 1840 200
free 25 -1 2088 200
alloc 4 81 1240 1984 200
alloc 19 33 1344 1928 200
alloc 6 392 1816 1520 200
free 45 -1 1600 200
alloc 24 355 5904 1224 200
alloc 39 168 2224 1040 200
alloc 26 496 -1 1040 200
free 17 -1 1120 200
alloc 12 183 4424 912 200
free 43 -1 1368 200
free 30 -1 1936 200
alloc 5 521 5336 1368 200
free 16 -1 1552 200
alloc 31 243 7440 1288 200
free 2 -1 1840 200
alloc 41 507 6888 1288 200
alloc 36 298 -1 1288 200
free 3 -1 1672 200
alloc 38 593 -1 1672 200
free 13 -1 1992 200
free 24 -1 2368 200
free 23 -1 2680 200
alloc 26 231 16 2432 200
free 1 -1 2728 200
free 12 -1 2936 200
alloc 43 353 264 2560 200
alloc 46 27 952 2480 200
alloc 37 118 1400 2344 200
alloc 0 446 4424 1880 200
free 31 -1 2144 200
free 34 -1 2648 200
alloc 9 252 1536 2368 200
free 4 -1 2472 200
alloc 35 92 2408 2360 200
alloc 38 488 3456 1856 200
alloc 45 394 5904 1440 200
free 8 -1 1904 200
free 7 -1 2128 200
alloc 42 395 3960 1712 200
alloc 1 43 1240 1648 200
alloc 44 7 1304 1608 200
free 27 -1 2016 200
alloc 14 224 4888 1776 200
free 37 -1 1912 200
alloc 16 154 5128 1704 200
alloc 15 420 6320 1264 200
alloc 34 336 7440 912 200
free 41 -1 1464 200
alloc 4 598 6760 848 200
alloc 3 237 7792 592 200
free 22 -1 832 200
alloc 13 219 3088 592 200
free 40 -1 904 200
alloc 23 220 640 664 200
free 42 -1 1080 200
free 1 -1 1144 200
free 44 -1 1184 200
alloc 11 445 3960 720 200
free 14 -1 960 200
free 5 -1 1528 200
free 16 -1 1736 200
alloc 47 321 4888 1392 200
free 34 -1 1744 200
alloc 25 319 5232 1408 200
alloc 20 426 -1 1408 200
free 3 -1 1664 200
free 38 -1 2168 200
free 29 -1 2664 200
alloc 40 212 2520 2432 200
free 39 -1 2616 200
alloc 10 447 3328 2152 200
alloc 1 217 2752 1912 200
alloc 44 5 880 1888 200
alloc 27 293 5568 1552 200
alloc 30 227 7376 1304 200
alloc 37 543 7624 736 200
free 0 -1 1200 200
alloc 31 151 2224 1016 200
free 18 -1 1224 200
free 25 -1 1560 200
free 4 -1 2176 200
alloc 3 139 1032 2016 200
free 6 -1 2424 200
alloc 29 566 6760 1808 200
free 40 -1 2040 200
alloc 39 463 -1 2040 200
free 10 -1 2504 200
free 1 -1 2744 200
alloc 12 130 1192 2592 200
free 27 -1 2928 200
alloc 14 205 1816 2704 200
alloc 21 429 2520 2256 200
alloc 32 220 3328 2016 200
free 47 -1 2360 200
alloc 18 488 4424 1856 200
alloc 25 541 4928 1296 200
alloc 20 216 3568 1064 200
free 35 -1 1176 200
alloc 22 423 -1 1176 200
free 13 -1 1416 200
alloc 24 357 5488 1040 200
alloc 7 312 2968 680 200
alloc 10 373 -1 680 200
alloc 1 183 -1 680 200
free 44 -1 704 200
alloc 27 459 -1 704 200
free 14 -1 928 200
free 21 -1 1376 200
alloc 0 233 1816 1120 200
free 31 -1 1304 200
alloc 2 362 2072 920 200
free 9 -1 1200 200
free 20 -1 1432 200
free 19 -1 1488 200
alloc 6 97 1344 1368 200
free 45 -1 1784 200
free 24 -1 2160 200
free 7 -1 2520 200
alloc 10 372 2456 2128 200
alloc 1 314 1464 1776 200
alloc 28 341 2848 1416 200
free 11 -1 1880 200
alloc 14 171 3568 1688 200
alloc 21 315 3760 1352 200
free 0 -1 1608 200
alloc 31 40 880 1536 200
free 2 -1 1920 200
alloc 41 328 1816 1576 200
alloc 4 561 5488 992 200
free 3 -1 1152 200
alloc 22 237 2160 896 200
free 29 -1 1512 200
alloc 8 46 1032 1448 200
free 23 -1 1688 200
free 10 -1 2080 200
free 1 -1 2432 200
alloc 44 81 640 2328 200
free 43 -1 2704 200
free 46 -1 2784 200
free 21 -1 3120 200
free 32 -1 3360 200
alloc 47 16 264 3328 200
alloc 34 570 3760 2736 200
free 41 -1 3080 200
free 4 -1 3664 200
alloc 19 356 1464 3288 200
free 6 -1 3408 200
alloc 45 263 296 3128 200
alloc 40 407 2416 2696 200
alloc 7 361 5488 2312 200
free 26 -1 2560 200
alloc 17 173 16 2368 200
free 44 -1 2472 200
alloc 11 79 576 2376 200
free 30 -1 2624 200
free 37 -1 3192 200
alloc 0 118 672 3056 200
free 31 -1 3128 200
free 18 -1 3632 200
alloc 41 398 4352 3216 200
alloc 20 572 6760 2624 200
free 19 -1 3000 200
free 22 -1 3256 200
free 45 -1 3536 200
free 8 -1 3600 200
free 7 -1 3984 200
alloc 10 401 1344 3560 200
free 17 -1 3752 200
free 28 -1 4112 200
alloc 43 324 808 3768 200
free 14 -1 3960 200
alloc 21 92 16 3848 200
free 0 -1 3984 200
free 47 -1 4016 200
alloc 2 398 128 3568 200
free 25 -1 4128 200
free 20 -1 4720 200
alloc 3 557 1768 4144 200
alloc 6 205 2848 3920 200
alloc 13 539 3072 3360 200
alloc 8 355 4768 2984 200
alloc 23 236 5144 2728 200
alloc 26 13 672 2696 200
alloc 33 472 5400 2208 200
alloc 28 249 5888 1936 200
alloc 27 10 704 1904 200
alloc 30 316 6760 1568 200
alloc 5 482 7096 1064 200
alloc 32 150 7600 896 200
free 15 -1 1336 200
alloc 18 394 6160 920 200
alloc 9 314 7768 584 200
alloc 20 354 -1 584 200
alloc 19 21 736 512 200
free 6 -1 736 200
alloc 29 211 -1 736 200
free 40 -1 1168 200
free 23 -1 1424 200
alloc 42 241 2344 1160 200
free 33 -1 1648 200
alloc 44 221 2608 1408 200
free 27 -1 1440 200
alloc 14 102 2848 1320 200
free 5 -1 1824 200
alloc 0 123 5144 1680 200
alloc 15 90 3632 1552 200
free 2 -1 2000 200
free 9 -1 2336 200
alloc 36 598 -1 2336 200
free 3 -1 2912 200
alloc 6 363 128 2528 200
alloc 45 307 1768 2200 200
free 8 -1 2576 200
alloc 39 175 2096 2384 200
free 42 -1 2648 200
alloc 1 60 2288 2568 200
free 28 -1 2840 200
free 11 -1 2936 200
free 30 -1 3272 200
free 21 -1 3384 200
alloc 16 407 5288 2960 200
alloc 47 439 6576 2504 200
free 34 -1 3096 200
free 41 -1 3512 200
alloc 20 32 16 3464 200
alloc 3 54 512 3392 200
alloc 38 44 64 3328 200
free 13 -1 3888 200
alloc 8 152 2368 3720 200
free 39 -1 3912 200
alloc 42 175 2096 3720 200
free 1 -1 3800 200
free 12 -1 3952 200
free 43 -1 4296 200
alloc 46 558 2968 3720 200
alloc 5 571 3760 3128 200
free 0 -1 3272 200
free 15 -1 3400 200
alloc 2 490 808 2864 200
alloc 9 355 4352 2488 200
alloc 4 338 4728 2128 200
free 3 -1 2200 200
alloc 22 190 3544 1984 200
alloc 13 519 7032 1416 200
alloc 24 52 512 1344 200
alloc 7 211 5712 1112 200
free 10 -1 1536 200
alloc 33 188 1344 1328 200
alloc 12 392 7768 904 200
alloc 27 502 -1 904 200
alloc 30 72 584 816 200
alloc 21 515 -1 816 200
free 32 -1 984 200
alloc 31 56 1552 912 200
alloc 34 563 -1 912 200
alloc 41 520 -1 912 200
free 4 -1 1272 200
alloc 3 196 4728 1056 200
free 6 -1 1440 200
alloc 29 79 128 1344 200
free 24 -1 1416 200
alloc 39 360 -1 1416 200
free 26 -1 1448 200
alloc 17 146 224 1280 200
free 12 -1 1704 200
alloc 43 190 4944 1496 200
free 14 -1 1616 200
alloc 37 419 7600 1176 200
alloc 0 71 392 1088 200
alloc 15 558 -1 1088 200
free 2 -1 1624 200
free 9 -1 2000 200
alloc 4 240 808 1744 200
free 3 -1 1960 200
free 22 -1 2176 200
free 45 -1 2504 200
alloc 24 578 -1 2504 200
alloc 39 67 480 2400 200
alloc 26 167 1064 2216 200
free 33 -1 2424 200
alloc 28 179 1248 2224 200
free 43 -1 2432 200
free 46 -1 3008 200
free 5 -1 3600 200
free 16 -1 4024 200
free 31 -1 4096 200
alloc 2 463 1448 3616 200
alloc 41 206 2848 3392 200
free 4 -1 3648 200
alloc 35 188 808 3440 200
alloc 6 574 3072 2848 200
free 13 -1 3416 200
free 8 -1 3584 200
free 39 -1 3688 200
free 42 -1 3880 200
alloc 33 5 480 3856 200
free 28 -1 4056 200
alloc 43 60 504 3976 200
alloc 14 560 1928 3400 200
alloc 21 492 3664 2888 200
alloc 16 162 1248 2688 200
free 47 -1 3144 200
free 18 -1 3560 200
alloc 9 199 4176 3344 200
alloc 36 432 4392 2896 200
free 35 -1 3104 200
free 38 -1 3168 200
alloc 45 245 4840 2904 200
alloc 24 152 808 2736 200
free 7 -1 2968 200
alloc 10 464 5104 2488 200
free 17 -1 2656 200
alloc 12 340 5584 2296 200
alloc 27 10 64 2232 200
free 30 -1 2320 200
free 37 -1 2760 200
free 16 -1 2960 200
alloc 15 567 5944 2376 200
alloc 34 111 224 2248 200
free 41 -1 2472 200
free 36 -1 2920 200
free 19 -1 2992 200
alloc 22 465 6528 2504 200
alloc 13 22 352 2464 200
free 24 -1 2632 200
alloc 23 447 584 2152 200
free 10 -1 2632 200
alloc 1 217 4392 2392 200
free 44 -1 2632 200
alloc 11 440 2504 2176 200
free 14 -1 2752 200
alloc 5 541 1928 2176 200
alloc 32 221 5104 1936 200
alloc 31 343 7016 1576 200
free 2 -1 2056 200
alloc 25 490 1248 1544 200
alloc 4 236 7376 1288 200
alloc 19 448 7632 824 200
alloc 38 37 1760 768 200
free 45 -1 1032 200
alloc 24 454 4632 560 200
alloc 7 477 -1 560 200
free 26 -1 744 200
alloc 17 537 -1 744 200
alloc 28 183 5344 544 200
free 43 -1 624 200
alloc 30 162 1064 440 200
free 21 -1 952 200
free 32 -1 1192 200
free 15 -1 1776 200
alloc 18 320 3664 1440 200
free 25 -1 1952 200
free 4 -1 2208 200
alloc 3 310 1248 1880 200
free 22 -1 2368 200
alloc 45 518 5944 1832 200
alloc 8 392 6480 1424 200
alloc 7 280 -1 1424 200
alloc 42 111 1576 1296 200
alloc 17 100 4000 1176 200
free 12 -1 1536 200
free 27 -1 1600 200
alloc 46 182 5104 1400 200
alloc 37 373 5544 1000 200
alloc 16 94 1816 888 200
free 31 -1 1248 200
free 18 -1 1584 200
alloc 41 589 6888 976 200
free 20 -1 1024 200
alloc 35 595 -1 1024 200
free 38 -1 1080 200
free 45 -1 1616 200
free 24 -1 2088 200
alloc 7 323 4632 1744 200
free 42 -1 1872 200
free 33 -1 1896 200
free 28 -1 2096 200
alloc 43 59 16 1984 200
free 30 -1 2168 200
alloc 21 67 480 2064 200
free 16 -1 2176 200
alloc 47 389 5944 1768 200
free 34 -1 1896 200
free 41 -1 2504 200
alloc 20 150 1064 2320 200
alloc 35 198 1576 2104 200
alloc 38 258 3664 1824 200
free 13 -1 1864 200
alloc 40 376 6888 1472 200
alloc 39 176 5304 1280 200
alloc 42 133 224 1112 200
free 17 -1 1232 200
alloc 44 537 -1 1232 200
alloc 27 537 -1 1232 200
alloc 30 567 -1 1232 200
free 21 -1 1336 200
free 0 -1 1424 200
alloc 31 475 -1 1424 200
alloc 34 202 3944 1192 200
alloc 25 222 7280 952 200
alloc 36 146 392 760 200
free 3 -1 1088 200
alloc 22 460 -1 1088 200
free 29 -1 1184 200
free 8 -1 1592 200
free 7 -1 1936 200
alloc 10 162 1248 1752 200
free 1 -1 1992 200
alloc 44 104 1432 1848 200
alloc 27 340 4392 1488 200
alloc 30 374 6352 1096 200
free 37 -1 1496 200
alloc 16 155 4752 1320 200
alloc 15 161 5496 1136 200
free 34 -1 1368 200
free 9 -1 1584 200
free 20 -1 1768 200
alloc 3 58 128 1672 200
free 38 -1 1952 200
alloc 13 48 1064 1888 200
alloc 24 113 1792 1752 200
free 23 -1 2232 200
free 42 -1 2400 200
alloc 33 301 584 2080 200
alloc 28 154 3664 1904 200
free 11 -1 2360 200
alloc 14 408 2504 1936 200
alloc 21 68 224 1848 200
free 16 -1 2024 200
free 47 -1 2432 200
alloc 18 155 3840 2256 200
alloc 9 103 904 2136 200
alloc 4 342 4016 1760 200
free 19 -1 2224 200
free 6 -1 2816 200
free 13 -1 2880 200
free 24 -1 3016 200
alloc 7 39 312 2936 200
free 10 -1 3120 200
alloc 1 502 2928 2600 200
alloc 12 492 5680 2088 200
alloc 11 285 1024 1784 200
free 14 -1 2208 200
free 5 -1 2784 200
alloc 0 180 1792 2584 200
alloc 31 84 1328 2480 200
free 18 -1 2656 200
free 25 -1 2896 200
free 4 -1 3272 200
free 3 -1 3368 200
alloc 38 6 128 3344 200
alloc 45 368 1992 2960 200
alloc 8 522 2376 2408 200
alloc 23 311 3840 2080 200
alloc 26 332 4752 1728 200
free 33 -1 2048 200
free 12 -1 2560 200
free 11 -1 2864 200
free 30 -1 3256 200
alloc 37 391 5680 2848 200
alloc 32 37 152 2776 200
free 31 -1 2880 200
alloc 2 68 584 2792 200
alloc 25 594 6088 2176 200
alloc 20 553 7280 1600 200
alloc 3 427 -1 1600 200
free 38 -1 1624 200
free 45 -1 2008 200
free 8 -1 2560 200
free 23 -1 2888 200
alloc 10 510 1992 2360 200
free 1 -1 2880 200
free 44 -1 3024 200
free 43 -1 3136 200
free 46 -1 3336 200
free 21 -1 3424 200
free 0 -1 3624 200
alloc 47 415 1024 3192 200
alloc 18 496 2520 2680 200
free 25 -1 3296 200
free 36 -1 3488 200
free 35 -1 3704 200
alloc 22 367 1456 3320 200
alloc 45 366 3032 2936 200
alloc 24 309 3840 2608 200
free 39 -1 2800 200
free 10 -1 3328 200
alloc 33 297 1840 3008 200
alloc 44 11 16 2976 200
free 27 -1 3336 200
alloc 30 9 48 3304 200
free 37 -1 3712 200
free 32 -1 3784 200
free 47 -1 4216 200
free 2 -1 4304 200
alloc 41 21 80 4264 200
free 20 -1 4840 200
alloc 35 299 392 4520 200
free 22 -1 4904 200
free 45 -1 5288 200
free 24 -1 5616 200
alloc 23 264 1024 5336 200
free 26 -1 5688 200
alloc 1 290 1304 5376 200
free 28 -1 5552 200
alloc 11 169 120 5360 200
alloc 14 395 3032 4944 200
alloc 21 123 712 4800 200
alloc 16 37 1616 4744 200
free 15 -1 4928 200
alloc 34 507 3448 4400 200
free 9 -1 4520 200
alloc 36 187 2160 4312 200
alloc 19 497 3976 3792 200
alloc 22 373 4496 3400 200
alloc 29 559 4888 2824 200
alloc 24 195 5464 2608 200
free 23 -1 2888 200
alloc 42 341 856 2528 200
free 1 -1 2840 200
alloc 28 580 5680 2240 200
free 11 -1 2432 200
free 14 -1 2848 200
alloc 5 441 6280 2384 200
alloc 0 95 120 2272 200
alloc 47 176 1216 2080 200
free 34 -1 2608 200
alloc 25 214 3032 2376 200
alloc 4 544 3264 1816 200
free 35 -1 2136 200
alloc 6 151 392 1968 200
alloc 13 453 7280 1496 200
free 40 -1 1888 200
alloc 39 35 232 1808 200
free 42 -1 2168 200
free 33 -1 2488 200
alloc 12 270 856 2200 200
alloc 27 556 -1 2200 200
free 30 -1 2232 200
alloc 37 94 560 2120 200
free 0 -1 2232 200
alloc 31 94 120 2120 200
free 18 -1 2632 200
alloc 9 260 1672 2352 200
alloc 20 308 2368 2024 200
alloc 3 442 6744 1560 200
free 6 -1 1728 200
alloc 45 474 -1 1728 200
free 24 -1 1944 200
free 7 -1 2024 200
alloc 10 497 -1 2024 200
alloc 33 453 -1 2024 200
free 44 -1 2056 200
alloc 11 322 7752 1712 200
alloc 30 325 -1 1712 200
free 37 -1 1824 200
free 16 -1 1880 200
free 47 -1 2072 200
alloc 34 568 -1 2072 200
free 25 -1 2304 200
free 20 -1 2632 200
free 19 -1 3152 200
free 22 -1 3544 200
alloc 45 141 312 3384 200
alloc 24 568 2368 2800 200
alloc 7 399 1144 2384 200
alloc 42 274 2952 2072 200
alloc 1 206 472 1832 200
free 28 -1 2432 200
alloc 27 74 1560 2320 200
alloc 46 521 3824 1776 200
free 21 -1 1920 200
alloc 0 468 4368 1400 200
alloc 15 295 5464 1088 200
alloc 34 471 5776 584 200
alloc 25 415 -1 584 200
free 36 -1 792 200
alloc 35 122 712 648 200
alloc 38 158 1952 472 200
free 45 -1 632 200
alloc 8 354 -1 632 200
free 39 -1 712 200
alloc 10 503 -1 712 200
alloc 33 443 -1 712 200
free 12 -1 1000 200
free 11 -1 1344 200
alloc 30 267 856 1056 200
alloc 37 79 232 960 200
free 0 -1 1480 200
free 15 -1 1792 200
alloc 18 33 16 1728 200
free 9 -1 2008 200
alloc 36 342 4368 1648 200
free 3 -1 2112 200
free 38 -1 2288 200
alloc 45 547 1672 1720 200
alloc 8 361 6744 1336 200
free 7 -1 1752 200
free 42 -1 2064 200
alloc 17 409 7752 1624 200
alloc 28 167 1144 1440 200
alloc 11 579 -1 1440 200
free 46 -1 1984 200
alloc 21 325 3824 1640 200
alloc 0 122 328 1496 200
alloc 47 95 1328 1384 200
free 18 -1 1448 200
alloc 25 437 -1 1448 200
free 4 -1 2008 200
alloc 19 179 2952 1808 200
alloc 22 407 3152 1384 200
free 13 -1 1856 200
free 8 -1 2240 200
alloc 7 504 6744 1720 200
alloc 42 503 -1 1720 200
free 17 -1 2160 200
alloc 44 331 7264 1808 200
free 27 -1 1920 200
free 30 -1 2208 200
free 37 -1 2304 200
alloc 16 150 856 2136 200
alloc 15 536 7616 1560 200
alloc 18 79 232 1464 200
alloc 9 371 -1 1464 200
free 36 -1 1824 200
free 35 -1 1968 200
free 22 -1 2392 200
free 45 -1 2960 200
alloc 40 505 1440 2432 200
alloc 23 264 1968 2152 200
alloc 26 97 712 2008 200
alloc 33 228 3152 1760 200
free 44 -1 2112 200
alloc 43 555 4168 1536 200
alloc 46 141 3400 1376 200
free 5 -1 1840 200
free 0 -1 1984 200
free 15 -1 2560 200
free 34 -1 3064 200
alloc 25 387 5464 2656 200
alloc 36 443 5872 2192 200
alloc 3 268 6336 1904 200
alloc 22 269 7264 1616 200
alloc 13 258 7552 1336 200
free 24 -1 1920 200
free 23 -1 2200 200
free 26 -1 2344 200
alloc 17 530 1968 1792 200
free 28 -1 1976 200
alloc 11 396 2520 1544 200
free 46 -1 1704 200
alloc 37 35 16 1640 200
alloc 0 391 3400 1216 200
free 47 -1 1328 200
free 18 -1 1424 200
alloc 9 593 -1 1424 200
alloc 4 224 232 1184 200
free 19 -1 1384 200
alloc 38 425 -1 1384 200
alloc 45 303 1024 1064 200
free 40 -1 1592 200
alloc 39 155 1344 1416 200
alloc 42 76 712 1320 200
free 1 -1 1560 200
alloc 28 3 472 1536 200
free 43 -1 2112 200
alloc 30 582 4168 1512 200
alloc 5 364 1520 1128 200
free 16 -1 1296 200
alloc 15 169 496 1080 200
alloc 2 375 -1 1080 200
alloc 9 460 -1 1080 200
free 4 -1 1320 200
alloc 35 516 -1 1320 200
alloc 38 400 -1 1320 200
free 45 -1 1640 200
alloc 8 524 -1 1640 200
free 39 -1 1816 200
free 42 -1 1912 200
free 17 -1 2464 200
alloc 44 287 712 2160 200
alloc 27 527 1904 1616 200
free 30 -1 2216 200
free 21 -1 2560 200
free 0 -1 2984 200
alloc 47 550 3400 2416 200
alloc 34 16 232 2384 200
alloc 9 303 1016 2064 200
alloc 20 51 264 1992 200
free 3 -1 2280 200
free 22 -1 2568 200
alloc 45 221 3968 2328 200
alloc 8 251 4208 2056 200
alloc 39 217 4480 1816 200
alloc 26 109 336 1680 200
free 33 -1 1928 200
alloc 12 436 -1 1928 200
free 27 -1 2472 200
alloc 30 476 1904 1976 200
free 37 -1 2040 200
alloc 32 590 -1 2040 200
free 31 -1 2152 200
alloc 2 517 -1 2152 200
free 41 -1 2192 200
free 20 -1 2264 200
alloc 3 184 16 2048 200
alloc 22 233 2952 1792 200
free 13 -1 2072 200
alloc 40 236 6336 1816 200
free 39 -1 2056 200
free 26 -1 2192 200
alloc 1 593 7264 1576 200
alloc 12 563 -1 1576 200
alloc 27 61 264 1496 200
alloc 14 558 -1 1496 200
alloc 21 258 4480 1216 200
alloc 16 64 344 1136 200
free 47 -1 1704 200
alloc 18 369 3208 1312 200
free 9 -1 1632 200
free 36 -1 2096 200
alloc 19 496 -1 2096 200
alloc 38 557 -1 2096 200
free 29 -1 2672 200
free 40 -1 2928 200
alloc 23 522 4760 2384 200
alloc 26 131 1016 2232 200
alloc 33 230 1168 1984 200
free 44 -1 2288 200
alloc 43 53 712 2216 200
alloc 14 349 3600 1848 200
free 5 -1 2232 200
free 16 -1 2312 200
alloc 47 599 5872 1696 200
alloc 2 3 344 1672 200
alloc 9 592 -1 1672 200
alloc 36 533 -1 1672 200
alloc 19 315 1416 1336 200
alloc 6 402 -1 1336 200
free 45 -1 1576 200
alloc 40 74 368 1472 200
free 23 -1 2016 200
free 26 -1 2168 200
free 1 -1 2784 200
alloc 44 595 4760 2168 200
free 11 -1 2600 200
free 14 -1 2968 200
free 21 -1 3248 200
alloc 16 206 784 3024 200
free 47 -1 3640 200
free 18 -1 4032 200
free 25 -1 4440 200
alloc 4 26 1008 4392 200
free 19 -1 4728 200
alloc 6 353 1416 4352 200
alloc 13 335 2400 4000 200
free 8 -1 4272 200
alloc 39 437 3208 3816 200
alloc 10 476 3664 3320 200
alloc 1 330 4160 2968 200
free 28 -1 2992 200
free 27 -1 3072 200
alloc 46 141 2752 2912 200
alloc 37 328 5376 2568 200
alloc 32 106 4512 2440 200
alloc 47 253 5720 2168 200
free 34 -1 2200 200
alloc 9 22 232 2160 200
free 4 -1 2208 200
alloc 19 257 5992 1928 200
free 6 -1 2304 200
alloc 29 199 1416 2088 200
alloc 8 126 1008 1928 200
free 39 -1 2384 200
alloc 26 160 1632 2208 200
free 1 -1 2560 200
alloc 12 151 3208 2392 200
alloc 27 73 1808 2296 200
free 46 -1 2456 200
alloc 5 33 272 2384 200
free 32 -1 2512 200
alloc 31 475 4160 2016 200
free 2 -1 2040 200
free 9 -1 2080 200
alloc 36 122 2752 1936 200
alloc 35 489 7264 1424 200
free 22 -1 1680 200
alloc 45 199 2896 1464 200
free 40 -1 1568 200
alloc 23 110 344 1416 200
free 26 -1 1592 200
alloc 17 477 -1 1592 200
free 44 -1 2208 200
free 43 -1 2280 200
alloc 14 129 1632 2104 200
alloc 21 505 4656 1576 200
alloc 0 446 6272 1104 200
free 15 -1 1320 200
alloc 18 108 496 1192 200
alloc 9 460 -1 1192 200
alloc 20 572 -1 1192 200
free 3 -1 1408 200
alloc 22 443 -1 1408 200
free 29 -1 1624 200
free 8 -1 1784 200
alloc 39 502 -1 1784 200
alloc 26 142 16 1624 200
alloc 17 120 624 1464 200
alloc 44 255 3376 1176 200
alloc 43 92 1008 1064 200
alloc 46 218 7776 824 200
free 21 -1 1352 200
free 0 -1 1824 200
alloc 15 340 4656 1464 200
free 18 -1 1592 200
alloc 9 183 1416 1376 200
alloc 4 294 5016 1064 200
free 19 -1 1344 200
alloc 6 149 5992 1176 200
alloc 29 440 6160 720 200
alloc 40 197 -1 720 200
free 23 -1 872 200
alloc 42 98 344 752 200
free 17 -1 912 200
alloc 28 313 -1 912 200
alloc 11 557 -1 912 200
free 30 -1 1408 200
free 5 -1 1480 200
alloc 0 444 1904 984 200
free 47 -1 1256 200
alloc 2 389 -1 1256 200
alloc 25 111 176 1128 200
free 4 -1 1440 200
free 35 -1 1952 200
free 6 -1 2120 200
free 45 -1 2336 200
alloc 40 116 464 2200 200
alloc 39 436 7264 1744 200
free 10 -1 2240 200
free 33 -1 2488 200
alloc 28 488 -1 2488 200
free 27 -1 2584 200
free 46 -1 2824 200
alloc 5 37 600 2768 200
free 0 -1 3264 200
alloc 47 204 1120 3040 200
alloc 2 292 1808 2728 200
free 25 -1 2856 200
free 36 -1 3000 200
alloc 35 509 -1 3000 200
alloc 22 80 176 2904 200
alloc 45 579 -1 2904 200
free 40 -1 3040 200
free 39 -1 3496 200
alloc 10 222 2120 3256 200
alloc 17 145 2752 3088 200
free 44 -1 3376 200
alloc 11 579 3376 2776 200
alloc 30 498 7264 2256 200
free 37 -1 2600 200
alloc 0 146 2920 2432 200
free 31 -1 2928 200
alloc 18 280 3976 2632 200
alloc 25 85 464 2496 200
alloc 20 288 4272 2192 200
alloc 3 534 5016 1640 200
free 22 -1 1736 200
free 13 -1 2088 200
alloc 40 186 2360 1880 200
free 7 -1 2400 200
free 10 -1 2640 200
alloc 1 231 5568 2392 200
free 12 -1 2560 200
free 11 -1 3160 200
free 30 -1 3680 200
free 5 -1 3736 200
alloc 32 27 176 3688 200
free 47 -1 3912 200
free 2 -1 4224 200
free 25 -1 4360 200
alloc 36 332 1808 4008 200
alloc 19 422 3088 3568 200
alloc 6 545 6616 3000 200
alloc 13 351 3528 2632 200
alloc 8 367 7184 2248 200
alloc 39 413 7568 1816 200
alloc 10 100 224 1696 200
free 1 -1 1944 200
alloc 12 528 5568 1400 200
free 43 -1 1512 200
alloc 46 229 464 1264 200
alloc 37 240 1008 1008 200
free 32 -1 1056 200
free 15 -1 1416 200
alloc 2 481 -1 1416 200
free 9 -1 1632 200
free 36 -1 1984 200
free 19 -1 2424 200
alloc 38 138 1264 2264 200
free 29 -1 2720 200
free 40 -1 2928 200
alloc 23 75 1424 2832 200
free 42 -1 2952 200
alloc 33 495 1808 2440 200
alloc 44 249 2320 2168 200
alloc 27 369 3088 1776 200
free 46 -1 2024 200
alloc 5 513 -1 2024 200
free 16 -1 2248 200
alloc 47 88 344 2144 200
alloc 2 72 448 2056 200
alloc 41 363 536 1672 200
alloc 36 346 4576 1304 200
alloc 19 20 176 1256 200
free 6 -1 1824 200
alloc 29 386 6112 1416 200
free 8 -1 1800 200
free 39 -1 2232 200
free 26 -1 2392 200
alloc 1 24 16 2352 200
free 12 -1 2896 200
alloc 43 481 5568 2392 200
alloc 46 539 6520 1832 200
alloc 5 100 56 1712 200
alloc 32 584 7080 1112 200
free 47 -1 1216 200
free 18 -1 1512 200
alloc 9 52 344 1408 200
free 20 -1 1712 200
alloc 35 412 3896 1280 200
alloc 22 251 7680 1008 200
free 29 -1 1416 200
alloc 40 134 2592 1256 200
alloc 39 270 6072 968 200
alloc 42 451 -1 968 200
free 33 -1 1480 200
alloc 12 53 920 1392 200
free 43 -1 1896 200
free 14 -1 2072 200
free 37 -1 2328 200
alloc 16 386 1520 1920 200
alloc 15 356 1928 1528 200
alloc 34 80 1008 1432 200
free 9 -1 1536 200
free 36 -1 1904 200
free 3 -1 2456 200
free 38 -1 2616 200
alloc 29 72 344 2512 200
free 40 -1 2672 200
alloc 7 463 4328 2192 200
alloc 42 594 4808 1576 200
free 17 -1 1744 200
free 12 -1 1832 200
alloc 43 215 1104 1600 200
free 46 -1 2160 200
free 5 -1 2280 200
free 0 -1 2448 200
alloc 47 361 2592 2064 200
alloc 18 146 5424 1896 200
alloc 25 503 6360 1376 200
alloc 20 466 -1 1376 200
free 19 -1 1424 200
alloc 38 486 -1 1424 200
alloc 45 568 -1 1424 200
alloc 24 311 5592 1096 200
free 23 -1 1192 200
free 10 -1 1312 200
free 1 -1 1352 200
alloc 28 560 -1 1352 200
free 43 -1 1584 200
alloc 30 267 16 1296 200
alloc 5 325 1104 952 200
alloc 0 315 -1 952 200
free 15 -1 1344 200
free 34 -1 1440 200
alloc 9 453 -1 1440 200
alloc 20 529 -1 1440 200
free 35 -1 1872 200
free 22 -1 2144 200
free 29 -1 2248 200
free 24 -1 2576 200
alloc 23 330 1928 2224 200
alloc 10 110 304 2080 200
alloc 17 9 920 2048 200
free 44 -1 2320 200
free 27 -1 2712 200
alloc 14 357 2976 2336 200
free 5 -1 2680 200
free 32 -1 3280 200
alloc 15 197 952 3064 200
free 18 -1 3232 200
free 41 -1 3616 200
alloc 20 120 536 3480 200
alloc 19 11 672 3448 200
alloc 6 18 704 3408 200
alloc 29 257 1168 3128 200
alloc 24 389 3896 2696 200
free 39 -1 2984 200
free 42 -1 3600 200
alloc 33 385 4808 3192 200
alloc 44 411 5216 2760 200
alloc 27 19 744 2720 200
free 14 -1 3096 200
alloc 5 483 2976 2592 200
alloc 0 97 784 2456 200
free 15 -1 2672 200
alloc 34 52 952 2600 200
alloc 41 69 1024 2512 200
alloc 4 170 2280 2320 200
alloc 3 33 1112 2264 200
alloc 38 507 5648 1736 200
alloc 45 145 6176 1552 200
alloc 8 167 6880 1368 200
free 23 -1 1720 200
alloc 26 177 1928 1520 200
alloc 1 242 7064 1256 200
free 44 -1 1688 200
alloc 11 209 5216 1456 200
alloc 46 381 7328 1056 200
alloc 21 323 7728 712 200
free 16 -1 1120 200
alloc 31 552 -1 1120 200
free 34 -1 1192 200
free 25 -1 1712 200
free 4 -1 1904 200
alloc 35 366 1448 1520 200
alloc 22 165 2128 1336 200
free 45 -1 1520 200
alloc 40 80 1832 1424 200
alloc 23 283 6176 1120 200
free 26 -1 1320 200
free 33 -1 1728 200
alloc 12 567 -1 1728 200
alloc 43 166 1928 1528 200
alloc 14 242 2312 1248 200
free 5 -1 1752 200
free 0 -1 1888 200
alloc 15 174 2976 1696 200
alloc 18 397 -1 1696 200
alloc 9 425 -1 1696 200
free 20 -1 1832 200
free 19 -1 1864 200
free 6 -1 1904 200
alloc 45 23 536 1864 200
free 8 -1 2048 200
alloc 39 467 6480 1560 200
alloc 42 92 576 1448 200
free 1 -1 1712 200
alloc 28 523 -1 1712 200
free 27 -1 1752 200
free 14 -1 2032 200
alloc 37 414 -1 2032 200
alloc 32 32 688 1984 200
alloc 31 150 736 1800 200
alloc 34 241 2312 1520 200
alloc 9 484 -1 1520 200
alloc 4 359 4808 1112 200
free 3 -1 1168 200
free 38 -1 1696 200
free 29 -1 1976 200
free 24 -1 2408 200
free 7 -1 2888 200
free 10 -1 3032 200
alloc 1 483 3896 2528 200
alloc 12 565 5448 1944 200
alloc 27 263 1112 1664 200
free 30 -1 1952 200
alloc 5 279 16 1656 200
alloc 0 421 -1 1656 200
free 31 -1 1840 200
alloc 18 99 312 1704 200
alloc 9 303 3168 1384 200
free 4 -1 1792 200
alloc 19 506 4400 1264 200
free 22 -1 1448 200
free 45 -1 1488 200
free 40 -1 1584 200
free 23 -1 1888 200
free 42 -1 2000 200
free 17 -1 2032 200
free 12 -1 2616 200
free 11 -1 2848 200
alloc 30 500 4928 2328 200
alloc 37 52 536 2256 200
alloc 0 356 5448 1880 200
alloc 31 164 736 1696 200
free 18 -1 1832 200
alloc 25 151 2128 1648 200
alloc 36 535 5824 1096 200
free 19 -1 1624 200
alloc 22 489 4400 1096 200
alloc 29 291 6968 784 200
alloc 24 167 -1 784 200
alloc 7 42 312 720 200
alloc 10 359 -1 720 200
free 1 -1 1224 200
alloc 44 93 3896 1112 200
free 27 -1 1392 200
free 30 -1 1912 200
free 21 -1 2256 200
free 32 -1 2304 200
free 15 -1 2496 200
free 2 -1 2584 200
free 41 -1 2672 200
alloc 20 49 376 2600 200
alloc 3 587 -1 2600 200
alloc 38 365 920 2216 200
alloc 45 579 -1 2216 200
alloc 40 563 -1 2216 200
alloc 23 266 4008 1928 200
alloc 10 262 4928 1648 200
alloc 17 393 7728 1232 200
free 44 -1 1344 200
alloc 27 400 -1 1344 200
alloc 30 130 2976 1192 200
free 5 -1 1488 200
alloc 16 359 -1 1488 200
alloc 15 477 -1 1488 200
alloc 2 147 16 1320 200
free 9 -1 1640 200
alloc 4 379 3128 1240 200
alloc 3 94 184 1112 200
alloc 6 178 5208 912 200
alloc 45 566 -1 912 200
alloc 8 400 -1 912 200
free 23 -1 1200 200
free 10 -1 1480 200
alloc 33 169 3896 1288 200
alloc 28 534 -1 1288 200
alloc 27 211 4088 1056 200
free 30 -1 1208 200
alloc 5 371 -1 1208 200
alloc 32 67 448 1120 200
alloc 15 592 -1 1120 200
alloc 18 279 -1 1120 200
alloc 9 235 4928 840 200
free 20 -1 912 200
free 35 -1 1296 200
free 6 -1 1496 200
free 13 -1 1864 200
alloc 40 417 1304 1424 200
free 39 -1 1912 200
alloc 10 460 6376 1432 200
alloc 1 594 -1 1432 200
alloc 12 56 376 1360 200
alloc 11 105 608 1232 200
alloc 14 203 3528 1008 200
free 37 -1 1080 200
free 0 -1 1456 200
free 31 -1 1640 200
free 34 -1 1920 200
free 9 -1 2200 200
free 36 -1 2752 200
alloc 19 409 4928 2320 200
free 22 -1 2848 200
alloc 45 588 4320 2240 200
free 40 -1 2680 200
alloc 23 323 1304 2336 200
free 10 -1 2816 200
alloc 1 125 736 2672 200
alloc 44 73 1648 2576 200
free 43 -1 2776 200
alloc 30 527 5360 2232 200
alloc 21 390 5904 1824 200
alloc 0 159 1744 1648 200
free 47 -1 2032 200
alloc 18 277 2312 1736 200
alloc 9 297 2608 1416 200
free 4 -1 1816 200
free 3 -1 1944 200
alloc 22 460 2928 1464 200
free 29 -1 1776 200
alloc 24 10 184 1744 200
alloc 39 243 6312 1480 200
alloc 42 508 6576 952 200
free 1 -1 1096 200
free 44 -1 1192 200
free 27 -1 1424 200
free 46 -1 1824 200
alloc 5 316 7104 1488 200
free 0 -1 1664 200
alloc 15 441 1648 1184 200
alloc 34 273 -1 1184 200
alloc 41 462 -1 1184 200
alloc 4 223 7440 944 200
free 19 -1 1376 200
free 38 -1 1760 200
alloc 29 213 736 1528 200
alloc 40 142 968 1368 200
free 7 -1 1432 200
alloc 10 129 216 1272 200
alloc 1 283 4928 968 200
free 12 -1 1040 200
alloc 43 548 -1 1040 200
alloc 46 466 -1 1040 200
free 5 -1 1376 200
alloc 16 426 -1 1376 200
alloc 31 529 -1 1376 200
free 2 -1 1544 200
free 9 -1 1864 200
free 4 -1 2104 200
alloc 19 194 2608 1888 200
alloc 38 215 4088 1656 200
free 29 -1 1888 200
alloc 8 595 7104 1264 200
alloc 7 95 16 1152 200
free 42 -1 1680 200
free 33 -1 1872 200
alloc 12 564 -1 1872 200
alloc 27 82 736 1768 200
free 30 -1 2312 200
free 21 -1 2720 200
alloc 16 321 5232 2376 200
alloc 47 313 3752 2040 200
alloc 2 381 5576 1640 200
alloc 9 162 5976 1456 200
alloc 4 269 6576 1168 200
alloc 3 368 -1 1168 200
free 22 -1 1648 200
free 45 -1 2256 200
free 24 -1 2288 200
free 39 -1 2552 200
alloc 26 588 2824 1944 200
alloc 33 11 128 1912 200
alloc 44 573 4320 1304 200
free 27 -1 1408 200
alloc 46 56 376 1336 200
alloc 5 525 -1 1336 200
free 32 -1 1424 200
alloc 31 103 448 1304 200
free 18 -1 1600 200
free 9 -1 1784 200
alloc 20 33 160 1728 200
alloc 3 459 5976 1248 200
alloc 22 96 736 1136 200
alloc 45 427 -1 1136 200
free 8 -1 1760 200
free 23 -1 2104 200
free 26 -1 2712 200
free 33 -1 2744 200
alloc 28 351 1128 2376 200
free 11 -1 2504 200
alloc 30 394 2824 2088 200
alloc 37 490 6864 1576 200
alloc 32 284 7376 1272 200
free 31 -1 1392 200
alloc 18 568 -1 1392 200
alloc 9 600 -1 1392 200
free 20 -1 1448 200
free 19 -1 1664 200
free 22 -1 1776 200
alloc 13 124 448 1632 200
alloc 24 165 592 1448 200
alloc 39 106 776 1320 200
free 10 -1 1480 200
free 17 -1 1896 200
alloc 12 57 128 1816 200
alloc 11 582 -1 1816 200
free 30 -1 2232 200
alloc 21 104 208 2112 200
free 16 -1 2456 200
free 15 -1 2936 200
alloc 18 583 1496 2304 200
alloc 9 291 2312 1992 200
alloc 20 407 2624 1568 200
alloc 19 406 3048 1144 200
free 38 -1 1376 200
alloc 45 193 4088 1144 200
free 40 -1 1304 200
free 39 -1 1432 200
alloc 26 585 -1 1432 200
alloc 17 303 776 1080 200
free 12 -1 1160 200
alloc 11 193 5232 944 200
alloc 30 384 7680 544 200
free 21 -1 664 200
alloc 0 560 -1 664 200
free 47 -1 1000 200
alloc 34 515 -1 1000 200
free 25 -1 1184 200
alloc 36 419 -1 1184 200
alloc 35 30 128 1136 200
alloc 6 536 -1 1136 200
free 45 -1 1368 200
alloc 8 286 3752 1064 200
alloc 23 67 176 976 200
alloc 42 109 2128 848 200
free 1 -1 1152 200
alloc 12 255 4928 848 200
free 11 -1 1064 200
free 14 -1 1288 200
alloc 5 521 -1 1288 200
alloc 0 471 -1 1288 200
alloc 31 163 3472 1104 200
alloc 34 242 4056 840 200
free 9 -1 1152 200
free 20 -1 1576 200
free 35 -1 1624 200
alloc 38 521 2256 1080 200
alloc 45 87 264 968 200
free 24 -1 1152 200
free 23 -1 1240 200
alloc 26 415 -1 1240 200
alloc 33 466 -1 1240 200
free 28 -1 1608 200
alloc 11 591 -1 1608 200
free 46 -1 1680 200
alloc 21 585 -1 1680 200
alloc 16 243 1128 1416 200
alloc 15 41 128 1352 200
free 2 -1 1752 200
alloc 9 380 5232 1352 200
alloc 20 124 592 1208 200
alloc 35 84 1392 1104 200
alloc 6 422 -1 1104 200
alloc 29 13 192 1072 200
alloc 40 486 -1 1072 200
alloc 23 137 2800 912 200
free 42 -1 1040 200
alloc 33 389 -1 1040 200
free 12 -1 1344 200
alloc 11 154 4928 1168 200
alloc 14 96 2128 1040 200
free 37 -1 1552 200
alloc 0 541 -1 1552 200
free 31 -1 1736 200
alloc 2 390 6864 1328 200
alloc 25 516 -1 1328 200
free 20 -1 1472 200
free 19 -1 1896 200
free 38 -1 2440 200
free 13 -1 2584 200
alloc 40 429 2256 2136 200
free 23 -1 2296 200
alloc 26 437 2704 1840 200
alloc 33 176 376 1648 200
alloc 12 196 3160 1432 200
alloc 27 570 -1 1432 200
free 14 -1 1560 200
alloc 5 170 568 1352 200
free 32 -1 1656 200
free 15 -1 1720 200
free 2 -1 2128 200
free 9 -1 2528 200
alloc 20 130 3376 2376 200
alloc 19 205 3528 2152 200
alloc 38 494 5104 1640 200
alloc 13 478 6864 1144 200
free 8 -1 1448 200
alloc 23 519 -1 1448 200
free 26 -1 1904 200
free 17 -1 2256 200
free 44 -1 2864 200
alloc 43 546 4320 2296 200
alloc 14 198 776 2080 200
free 5 -1 2288 200
free 16 -1 2552 200
alloc 47 356 992 2152 200
free 34 -1 2416 200
alloc 9 581 -1 2416 200
alloc 36 102 568 2296 200
free 3 -1 2776 200
alloc 22 520 3752 2208 200
free 29 -1 2240 200
free 40 -1 2688 200
alloc 23 378 2128 2288 200
alloc 42 392 2528 1880 200
alloc 17 1 128 1856 200
free 12 -1 2072 200
free 11 -1 2248 200
free 14 -1 2464 200
alloc 5 240 688 2208 200
alloc 16 503 5616 1688 200
alloc 15 197 2936 1472 200
alloc 2 555 -1 1472 200
alloc 25 565 -1 1472 200
free 36 -1 1592 200
alloc 3 350 6136 1224 200
free 38 -1 1736 200
free 13 -1 2232 200
alloc 40 2 152 2208 200
free 23 -1 2608 200
alloc 26 410 4888 2176 200
free 17 -1 2200 200
alloc 44 579 6864 1600 200
alloc 11 14 176 1568 200
alloc 14 164 2128 1384 200
free 5 -1 1640 200
free 16 -1 2160 200
free 15 -1 2376 200
alloc 34 180 568 2176 200
alloc 9 43 768 2112 200
free 20 -1 2264 200
free 35 -1 2368 200
alloc 38 371 2936 1976 200
alloc 29 452 5320 1504 200
alloc 24 284 5792 1200 200
free 7 -1 1312 200
free 42 -1 1720 200
alloc 17 55 16 1648 200
alloc 28 109 832 1488 200
free 43 -1 2056 200
alloc 46 45 88 1992 200
alloc 21 523 2312 1448 200
alloc 32 298 4320 1128 200
alloc 31 312 -1 1128 200
alloc 2 145 3328 928 200
free 9 -1 992 200
alloc 36 419 -1 992 200
free 3 -1 1360 200
alloc 6 104 4640 1240 200
alloc 13 58 1392 1136 200
free 40 -1 1160 200
alloc 23 587 -1 1160 200
free 26 -1 1592 200
free 33 -1 1784 200
free 44 -1 2384 200
free 11 -1 2416 200
free 14 -1 2600 200
free 21 -1 3144 200
alloc 0 415 2128 2712 200
alloc 31 283 2560 2408 200
free 2 -1 2608 200
alloc 41 555 6864 2032 200
alloc 36 178 3328 1832 200
alloc 35 97 376 1712 200
free 6 -1 1832 200
free 13 -1 1936 200
alloc 40 63 152 1824 200
alloc 39 507 4640 1296 200
alloc 26 279 6096 1000 200
alloc 1 88 1392 896 200
alloc 12 262 -1 896 200
alloc 27 340 -1 896 200
alloc 14 9 496 864 200
alloc 37 574 -1 864 200
free 0 -1 1296 200
alloc 15 201 2128 1072 200
free 18 -1 1704 200
alloc 9 284 1496 1400 200
free 4 -1 1688 200
free 19 -1 1912 200
alloc 6 502 -1 1912 200
free 45 -1 2024 200
alloc 8 404 6392 1600 200
alloc 7 292 1800 1272 200
alloc 42 171 2352 1064 200
free 1 -1 1168 200
free 28 -1 1328 200
alloc 11 362 -1 1328 200
free 46 -1 1392 200
alloc 21 44 88 1328 200
free 32 -1 1648 200
free 47 -1 2048 200
alloc 18 179 768 1848 200
free 41 -1 2424 200
alloc 20 115 968 2288 200
free 35 -1 2408 200
free 22 -1 2976 200
alloc 45 5 264 2952 200
free 24 -1 3256 200
alloc 23 4 288 3232 200
free 42 -1 3440 200
alloc 1 110 312 3312 200
alloc 12 116 1104 3176 200
alloc 27 538 3528 2616 200
alloc 46 113 1240 2480 200
alloc 37 516 4088 1928 200
alloc 32 94 1376 1808 200
alloc 47 81 2352 1704 200
free 34 -1 1904 200
alloc 25 351 6816 1536 200
alloc 4 213 528 1296 200
alloc 3 256 5792 992 200
alloc 22 321 7184 648 200
free 45 -1 672 200
alloc 24 391 -1 672 200
free 39 -1 1200 200
alloc 42 185 4640 992 200
free 17 -1 1064 200
free 12 -1 1200 200
free 27 -1 1760 200
free 46 -1 1896 200
alloc 5 421 3528 1456 200
free 32 -1 1576 200
free 31 -1 1880 200
alloc 34 174 1104 1688 200
free 9 -1 1992 200
free 4 -1 2232 200
free 3 -1 2536 200
free 22 -1 2880 200
free 29 -1 3352 200
free 40 -1 3464 200
alloc 39 183 528 3264 200
free 42 -1 3472 200
alloc 17 137 1296 3312 200
alloc 12 50 16 3240 200
alloc 27 456 2456 2760 200
free 14 -1 2792 200
free 21 -1 2856 200
alloc 32 196 1456 2640 200
free 47 -1 2744 200
free 18 -1 2944 200
alloc 41 170 88 2744 200
free 20 -1 2880 200
alloc 3 446 4640 2416 200
alloc 22 215 728 2184 200
alloc 45 478 5104 1688 200
alloc 40 458 5600 1192 200
free 39 -1 1392 200
free 26 -1 1688 200
free 1 -1 1816 200
free 12 -1 1888 200
alloc 43 504 -1 1888 200
alloc 14 84 312 1784 200
alloc 21 88 416 1680 200
free 32 -1 1896 200
free 15 -1 2120 200
alloc 18 87 520 2016 200
alloc 9 355 7184 1640 200
alloc 4 250 1456 1368 200
alloc 35 219 2128 1128 200
alloc 6 169 6096 936 200
free 45 -1 1432 200
free 40 -1 1928 200
free 7 -1 2256 200
alloc 10 484 5104 1752 200
alloc 33 76 624 1648 200
alloc 28 221 1728 1408 200
alloc 43 331 5608 1056 200
free 30 -1 1456 200
free 37 -1 2008 200
alloc 16 197 3968 1792 200
alloc 47 205 4184 1568 200
free 18 -1 1672 200
free 25 -1 2040 200
free 4 -1 2312 200
alloc 19 369 7560 1920 200
free 38 -1 2312 200
alloc 13 506 -1 2312 200
alloc 24 483 -1 2312 200
free 23 -1 2336 200
alloc 42 93 960 2192 200
free 17 -1 2352 200
alloc 12 271 1296 2064 200
free 43 -1 2416 200
free 14 -1 2520 200
free 21 -1 2624 200
alloc 32 129 288 2472 200
alloc 15 478 -1 2472 200
alloc 2 320 2936 2136 200
alloc 25 182 4408 1904 200
free 36 -1 2104 200
free 3 -1 2568 200
free 22 -1 2800 200
alloc 45 439 4640 2336 200
alloc 40 527 -1 2336 200
alloc 39 139 440 2152 200
alloc 26 223 3272 1896 200
alloc 1 96 728 1784 200
alloc 44 336 5608 1432 200
alloc 11 375 -1 1432 200
alloc 46 187 6816 1224 200
alloc 37 350 -1 1224 200
alloc 0 590 -1 1224 200
free 47 -1 1448 200
free 34 -1 1640 200
free 25 -1 1872 200
alloc 4 95 840 1752 200
free 35 -1 1992 200
free 6 -1 2184 200
free 45 -1 2648 200
free 8 -1 3072 200
free 39 -1 3256 200
free 26 -1 3512 200
alloc 17 488 4184 3008 200
free 12 -1 3296 200
alloc 11 170 1104 3104 200
alloc 30 533 5960 2552 200
alloc 21 220 1296 2312 200
alloc 0 285 1968 2008 200
alloc 15 372 4688 1592 200
alloc 18 371 -1 1592 200
free 41 -1 1792 200
free 4 -1 1912 200
alloc 35 479 -1 1912 200
alloc 38 95 16 1800 200
alloc 13 67 128 1712 200
alloc 8 515 -1 1712 200
alloc 39 425 -1 1712 200
alloc 26 205 3272 1456 200
free 1 -1 1568 200
free 44 -1 1920 200
free 27 -1 2400 200
alloc 14 343 2272 2040 200
alloc 37 420 -1 2040 200
free 32 -1 2192 200
alloc 31 516 -1 2192 200
free 2 -1 2528 200
alloc 25 599 2632 1888 200
alloc 20 266 216 1600 200
alloc 35 410 -1 1600 200
alloc 22 257 5608 1320 200
alloc 45 88 504 1200 200
alloc 8 10 728 1168 200
alloc 23 359 -1 1168 200
free 10 -1 1672 200
free 33 -1 1776 200
alloc 44 461 5104 1272 200
alloc 27 437 -1 1272 200
free 46 -1 1480 200
free 21 -1 1720 200
free 0 -1 2024 200
alloc 47 340 1296 1664 200
alloc 2 36 624 1608 200
free 25 -1 2248 200
free 20 -1 2536 200
alloc 3 3 216 2512 200
free 38 -1 2624 200
alloc 29 534 2632 2072 200
alloc 24 102 240 1952 200
alloc 23 242 1968 1688 200
alloc 10 254 6512 1416 200
free 17 -1 1920 200
free 44 -1 2424 200
alloc 43 69 16 2312 200
free 14 -1 2672 200
alloc 21 309 2232 2344 200
alloc 0 90 360 2200 200
free 47 -1 2560 200
alloc 18 288 1296 2256 200
free 9 -1 2632 200
alloc 36 277 4184 2336 200
free 19 -1 2728 200
alloc 6 578 6784 2128 200
free 45 -1 2248 200
free 8 -1 2280 200
free 23 -1 2544 200
free 26 -1 2800 200
alloc 33 377 5104 2400 200
free 28 -1 2640 200
free 11 -1 2832 200
alloc 46 38 504 2776 200
free 21 -1 3104 200
free 0 -1 3248 200
alloc 47 362 1600 2864 200
alloc 34 4 360 2840 200
alloc 9 547 1984 2272 200
alloc 20 487 7384 1768 200
alloc 35 323 3184 1424 200
free 22 -1 1704 200
free 29 -1 2256 200
alloc 8 79 384 2136 200
alloc 7 595 2552 1504 200
free 10 -1 1776 200
alloc 1 338 5504 1416 200
alloc 12 200 680 1200 200
alloc 27 62 1104 1120 200
alloc 14 227 6512 848 200
alloc 37 440 -1 848 200
alloc 0 152 4480 680 200
free 15 -1 1096 200
free 34 -1 1120 200
alloc 25 155 4648 944 200
free 36 -1 1240 200
alloc 19 409 -1 1240 200
free 6 -1 1840 200
free 13 -1 1928 200
free 8 -1 2048 200
free 7 -1 2680 200
alloc 26 240 2552 2424 200
free 33 -1 2824 200
alloc 28 76 360 2728 200
alloc 11 460 4824 2248 200
free 30 -1 2800 200
free 5 -1 3240 200
free 0 -1 3408 200
alloc 31 555 5864 2832 200
free 2 -1 2888 200
free 9 -1 3456 200
alloc 36 226 1984 3208 200
free 35 -1 3552 200
alloc 38 97 560 3432 200
alloc 45 551 2808 2864 200
free 24 -1 2984 200
alloc 39 267 2232 2664 200
free 42 -1 2808 200
alloc 33 90 240 2688 200
alloc 44 320 3376 2352 200
free 27 -1 2432 200
free 46 -1 2488 200
alloc 21 209 896 2256 200
alloc 0 230 3712 2000 200
alloc 15 489 6784 1488 200
alloc 2 407 4184 1064 200
alloc 9 164 5304 864 200
free 36 -1 1112 200
free 3 -1 1136 200
alloc 22 155 1984 960 200
alloc 13 592 -1 960 200
alloc 24 545 -1 960 200
free 39 -1 1280 200
alloc 10 449 -1 1280 200
free 1 -1 1640 200
free 28 -1 1736 200
free 43 -1 1848 200
free 14 -1 2120 200
alloc 5 583 -1 2120 200
free 16 -1 2336 200
free 47 -1 2720 200
free 2 -1 3144 200
alloc 41 561 3968 2560 200
alloc 36 80 16 2464 200
alloc 35 167 360 2264 200
free 22 -1 2440 200
alloc 29 184 1600 2240 200
alloc 40 429 1800 1792 200
alloc 7 111 112 1664 200
free 26 -1 1920 200
free 33 -1 2040 200
free 44 -1 2376 200
alloc 43 559 -1 2376 200
alloc 30 36 240 2320 200
alloc 37 548 -1 2320 200
alloc 32 70 1128 2232 200
alloc 47 185 2248 2024 200
free 18 -1 2328 200
free 25 -1 2504 200
free 36 -1 2600 200
alloc 19 101 1216 2480 200
alloc 6 100 1336 2360 200
alloc 13 534 -1 2360 200
alloc 24 135 2456 2208 200
alloc 23 599 -1 2208 200
alloc 26 484 -1 2208 200
alloc 1 241 3376 1944 200
alloc 44 125 1456 1800 200
alloc 43 162 2608 1600 200
alloc 46 40 16 1544 200
alloc 37 175 4552 1352 200
free 32 -1 1440 200
free 47 -1 1648 200
alloc 2 252 5504 1376 200
free 9 -1 1576 200
alloc 4 292 6440 1232 200
alloc 3 251 7888 928 200
free 38 -1 1048 200
alloc 13 337 -1 1048 200
free 24 -1 1200 200
free 7 -1 1328 200
alloc 42 512 -1 1328 200
alloc 17 97 72 1208 200
alloc 28 271 2248 920 200
free 43 -1 1120 200
free 30 -1 1176 200
alloc 5 48 192 1112 200
alloc 32 564 -1 1112 200
free 15 -1 1624 200
alloc 18 152 2536 1456 200
free 41 -1 2040 200
free 4 -1 2384 200
free 19 -1 2504 200
alloc 22 279 3968 2208 200
alloc 13 284 6440 1904 200
free 40 -1 2352 200
alloc 7 456 6744 1880 200
alloc 10 373 1800 1488 200
free 17 -1 1608 200
free 12 -1 1824 200
free 11 -1 2304 200
alloc 14 476 4744 1808 200
free 37 -1 2000 200
alloc 16 46 72 1936 200
free 31 -1 2512 200
alloc 34 348 4264 2144 200
alloc 41 53 256 2040 200
free 20 -1 2544 200
free 3 -1 2848 200
free 6 -1 2968 200
free 29 -1 3168 200
alloc 40 561 5776 2584 200
alloc 39 237 560 2328 200
alloc 26 457 7216 1848 200
alloc 17 95 1128 1736 200
free 44 -1 1880 200
alloc 27 430 1240 1432 200
free 46 -1 1488 200
free 21 -1 1720 200
free 16 -1 1784 200
alloc 47 485 -1 1784 200
free 34 -1 2152 200
alloc 25 251 816 1880 200
alloc 20 478 7696 1384 200
alloc 19 473 -1 1384 200
alloc 38 2 16 1360 200
alloc 29 583 -1 1360 200
free 40 -1 1944 200
alloc 23 467 5776 1456 200
free 10 -1 1848 200
free 17 -1 1960 200
alloc 12 127 40 1808 200
alloc 43 262 1688 1528 200
free 14 -1 2024 200
alloc 37 555 4264 1448 200
alloc 16 228 1968 1168 200
alloc 47 208 4840 944 200
free 18 -1 1112 200
free 41 -1 1216 200
alloc 36 322 5064 872 200
alloc 3 527 -1 872 200
free 22 -1 1168 200
free 13 -1 1472 200
alloc 24 74 256 1368 200
free 39 -1 1624 200
alloc 10 586 -1 1624 200
alloc 33 298 6264 1304 200
free 12 -1 1456 200
free 43 -1 1736 200
alloc 30 262 1688 1456 200
free 5 -1 1520 200
free 0 -1 1776 200
alloc 31 118 40 1640 200
alloc 18 492 3640 1128 200
alloc 9 580 -1 1128 200
alloc 4 383 -1 1128 200
free 35 -1 1328 200
alloc 6 382 360 928 200
free 45 -1 1496 200
alloc 40 318 2536 1160 200
alloc 39 134 1088 1008 200
alloc 42 515 -1 1008 200
free 33 -1 1328 200
alloc 44 431 2872 880 200
alloc 43 116 6264 744 200
alloc 14 320 6400 400 200
alloc 21 12 176 368 200
alloc 0 365 -1 368 200
alloc 15 252 -1 368 200
free 18 -1 880 200
free 25 -1 1152 200
alloc 4 134 760 1000 200
alloc 35 87 912 896 200
free 38 -1 920 200
alloc 45 117 3640 784 200
free 24 -1 888 200
free 23 -1 1376 200
alloc 10 408 3776 952 200
alloc 33 376 5776 560 200
free 44 -1 1008 200
free 43 -1 1144 200
free 30 -1 1424 200
free 37 -1 2000 200
alloc 0 404 2872 1576 200
free 47 -1 1800 200
alloc 18 570 4200 1208 200
alloc 25 503 -1 1208 200
free 20 -1 1704 200
alloc 3 304 7696 1384 200
alloc 22 361 -1 1384 200
alloc 13 486 -1 1384 200
free 40 -1 1720 200
free 7 -1 2192 200
alloc 42 489 -1 2192 200
alloc 17 294 2536 1856 200
alloc 44 477 -1 1856 200
alloc 43 98 208 1704 200
free 14 -1 2048 200
alloc 37 327 6168 1704 200
free 16 -1 1984 200
alloc 15 442 1688 1520 200
free 18 -1 2112 200
alloc 25 458 4200 1632 200
alloc 20 57 2152 1536 200
free 35 -1 1640 200
alloc 38 29 912 1592 200
alloc 13 585 6512 984 200
alloc 8 529 -1 984 200
alloc 7 493 -1 984 200
alloc 42 544 -1 984 200
free 17 -1 1320 200
free 28 -1 1608 200
alloc 11 243 2248 1344 200
alloc 46 431 -1 1344 200
free 21 -1 1376 200
alloc 32 60 960 1296 200
alloc 47 7 16 1272 200
alloc 18 416 -1 1272 200
alloc 41 402 -1 1272 200
free 20 -1 1368 200
alloc 19 371 -1 1368 200
free 38 -1 1416 200
free 45 -1 1552 200
alloc 24 197 2512 1336 200
alloc 7 256 4680 1064 200
free 26 -1 1544 200
free 1 -1 1808 200
alloc 28 6 176 1776 200
free 43 -1 1928 200
alloc 14 44 208 1864 200
alloc 5 59 272 1776 200
free 0 -1 2200 200
free 15 -1 2664 200
alloc 34 220 1688 2424 200
alloc 9 595 2728 1808 200
free 4 -1 1960 200
free 3 -1 2280 200
alloc 38 459 7120 1800 200
alloc 45 449 7600 1328 200
free 24 -1 1544 200
free 7 -1 1816 200
alloc 26 497 -1 1816 200
free 33 -1 2208 200
free 28 -1 2240 200
free 11 -1 2504 200
free 14 -1 2568 200
alloc 21 187 1928 2360 200
free 32 -1 2440 200
alloc 15 259 760 2160 200
alloc 18 230 2136 1912 200
alloc 41 192 2384 1704 200
alloc 4 417 -1 1704 200
alloc 19 337 3344 1344 200
free 38 -1 1824 200
alloc 29 103 2592 1688 200
alloc 24 243 4680 1424 200
alloc 23 155 5776 1248 200
alloc 42 13 176 1216 200
alloc 33 591 -1 1216 200
alloc 44 337 7120 856 200
alloc 43 374 -1 856 200
alloc 14 58 4944 776 200
free 5 -1 864 200
alloc 16 404 -1 864 200
free 31 -1 1000 200
free 34 -1 1240 200
free 25 -1 1720 200
free 36 -1 2064 200
alloc 3 135 208 1912 200
alloc 22 188 1688 1672 200
free 45 -1 2144 200
alloc 40 135 4200 1992 200
free 23 -1 2168 200
free 42 -1 2200 200
alloc 1 576 7480 1608 200
alloc 28 443 5024 1128 200
free 27 -1 1576 200
free 14 -1 1656 200
free 37 -1 2000 200
alloc 32 552 5776 1432 200
alloc 31 510 -1 1432 200
free 18 -1 1680 200
free 9 -1 2296 200
alloc 36 345 1240 1928 200
alloc 35 412 2728 1496 200
alloc 38 472 -1 1496 200
free 29 -1 1632 200
free 24 -1 1896 200
free 39 -1 2048 200
alloc 42 459 4352 1568 200
alloc 33 205 2136 1320 200
alloc 12 197 -1 1320 200
alloc 27 535 -1 1320 200
alloc 14 400 -1 1320 200
alloc 37 361 -1 1320 200
alloc 16 114 40 1152 200
alloc 31 393 -1 1152 200
alloc 34 208 -1 1152 200
alloc 25 60 1040 1072 200
free 36 -1 1440 200
free 35 -1 1872 200
free 6 -1 2272 200
alloc 45 597 2592 1656 200
alloc 24 376 360 1256 200
alloc 39 105 1120 1128 200
alloc 26 469 -1 1128 200
alloc 17 579 -1 1128 200
free 28 -1 1608 200
alloc 11 181 1248 1408 200
alloc 46 577 4832 808 200
alloc 37 428 -1 808 200
free 16 -1 976 200
alloc 31 316 -1 976 200
alloc 34 295 -1 976 200
free 41 -1 1184 200
alloc 20 90 40 1072 200
alloc 35 194 1448 832 200
free 22 -1 1072 200
alloc 29 203 1688 832 200
free 24 -1 1232 200
alloc 23 479 -1 1232 200
free 10 -1 1656 200
free 1 -1 2248 200
free 44 -1 2608 200
free 11 -1 2808 200
free 46 -1 3408 200
alloc 5 437 3704 2952 200
alloc 0 211 360 2720 200
free 15 -1 3000 200
free 2 -1 3272 200
alloc 41 223 592 3032 200
alloc 36 414 4832 2600 200
free 19 -1 2960 200
alloc 6 107 832 2832 200
free 29 -1 3072 200
alloc 8 65 1248 2984 200
alloc 7 429 3208 2536 200
free 42 -1 3016 200
free 33 -1 3264 200
alloc 12 42 960 3184 200
alloc 27 368 2136 2800 200
alloc 30 178 1688 2600 200
free 21 -1 2808 200
free 32 -1 3376 200
free 47 -1 3400 200
alloc 18 168 1888 3216 200
free 41 -1 3456 200
alloc 4 523 5264 2912 200
alloc 19 211 592 2672 200
free 6 -1 2800 200
free 13 -1 3408 200
free 8 -1 3496 200
alloc 23 485 5808 2992 200
alloc 42 431 4352 2512 200
alloc 1 359 6312 2136 200
alloc 44 67 832 2048 200
free 27 -1 2432 200
alloc 46 390 2072 2024 200
alloc 21 480 6688 1528 200
alloc 32 115 1248 1392 200
alloc 47 586 7184 784 200
alloc 34 36 152 728 200
free 25 -1 808 200
free 4 -1 1352 200
free 35 -1 1592 200
alloc 22 430 5264 1144 200
free 45 -1 1760 200
alloc 8 71 1384 1672 200
free 39 -1 1800 200
alloc 26 489 2480 1288 200
alloc 33 36 1040 1232 200
alloc 28 45 1096 1168 200
alloc 27 294 7792 856 200
alloc 14 467 -1 856 200
free 21 -1 1352 200
alloc 16 485 -1 1352 200
alloc 15 179 1472 1136 200
free 34 -1 1192 200
alloc 25 371 6688 800 200
free 36 -1 1232 200
alloc 35 262 4832 952 200
alloc 38 266 -1 952 200
alloc 45 404 -1 952 200
free 40 -1 1104 200
alloc 39 208 -1 1104 200
alloc 10 115 2992 968 200
free 1 -1 1344 200
free 28 -1 1408 200
alloc 11 508 -1 1408 200
alloc 14 74 1096 1312 200
alloc 37 123 4160 1168 200
free 0 -1 1400 200
free 15 -1 1616 200
alloc 34 506 -1 1616 200
free 25 -1 2008 200
alloc 4 592 6312 1400 200
free 35 -1 1680 200
alloc 38 433 -1 1680 200
alloc 13 373 4832 1288 200
free 8 -1 1376 200
free 7 -1 1824 200
free 42 -1 2304 200
alloc 1 408 3128 1880 200
alloc 28 67 360 1792 200
alloc 11 591 -1 1792 200
free 30 -1 1992 200
alloc 21 145 1384 1824 200
alloc 0 542 -1 1824 200
alloc 15 401 4304 1400 200
free 18 -1 1584 200
alloc 25 9 152 1528 200
alloc 36 129 1552 1376 200
free 3 -1 1528 200
alloc 6 454 -1 1528 200
alloc 45 74 208 1432 200
alloc 24 1 16 1408 200
alloc 39 446 -1 1408 200
free 26 -1 1920 200
free 33 -1 1976 200
free 28 -1 2064 200
free 27 -1 2376 200
alloc 30 525 -1 2376 200
free 37 -1 2520 200
alloc 16 522 -1 2520 200
alloc 31 489 2480 2008 200
alloc 2 542 -1 2008 200
free 25 -1 2064 200
free 20 -1 2176 200
alloc 3 469 -1 2176 200
alloc 38 119 40 2008 200
free 45 -1 2104 200
alloc 8 187 208 1896 200
alloc 39 273 1704 1600 200
free 10 -1 1736 200
free 1 -1 2160 200
alloc 28 129 416 1984 200
alloc 27 434 2992 1528 200
free 46 -1 1936 200
alloc 37 428 2000 1456 200
free 32 -1 1592 200
free 15 -1 2016 200
alloc 18 434 4160 1560 200
alloc 25 87 1192 1456 200
free 4 -1 2064 200
alloc 3 520 6312 1528 200
free 22 -1 1976 200
alloc 29 403 5224 1552 200
free 8 -1 1760 200
free 23 -1 2264 200
alloc 10 327 5648 1920 200
alloc 33 179 208 1712 200
free 44 -1 1800 200
alloc 11 536 -1 1800 200
alloc 30 491 -1 1800 200
free 21 -1 1968 200
alloc 0 523 -1 1968 200
alloc 15 466 -1 1968 200
free 18 -1 2424 200
alloc 41 359 4160 2048 200
alloc 20 41 832 1984 200
alloc 35 109 1296 1856 200
free 38 -1 2024 200
free 13 -1 2416 200
free 24 -1 2440 200
alloc 23 106 16 2312 200
free 10 -1 2656 200
alloc 1 468 4536 2168 200
free 28 -1 2344 200
free 27 -1 2800 200
alloc 46 423 2992 2360 200
alloc 21 397 5648 1944 200
alloc 0 42 144 1880 200
free 47 -1 2488 200
alloc 34 437 6848 2032 200
free 25 -1 2136 200
alloc 4 331 7304 1784 200
free 3 -1 2320 200
alloc 38 164 3432 2136 200
free 29 -1 2560 200
alloc 24 157 416 2384 200
alloc 7 416 5024 1952 200
alloc 10 389 6064 1544 200
alloc 17 252 6472 1272 200
alloc 28 70 1192 1168 200
alloc 43 360 7656 792 200
free 14 -1 888 200
free 37 -1 1368 200
alloc 16 158 2000 1192 200
alloc 15 320 -1 1192 200
free 34 -1 1648 200
free 41 -1 2024 200
free 36 -1 2176 200
alloc 3 409 6744 1744 200
free 38 -1 1928 200
alloc 45 169 1424 1736 200
alloc 40 561 -1 1736 200
free 23 -1 1864 200
free 10 -1 2272 200
free 1 -1 2760 200
free 12 -1 2840 200
alloc 27 70 16 2752 200
alloc 30 456 4160 2280 200
free 21 -1 2696 200
free 0 -1 2760 200
alloc 47 525 5456 2216 200
alloc 34 515 -1 2216 200
alloc 41 464 -1 2216 200
free 20 -1 2280 200
free 3 -1 2712 200
alloc 22 149 832 2544 200
alloc 29 175 1000 2352 200
free 24 -1 2528 200
free 39 -1 2824 200
alloc 26 352 1616 2440 200
alloc 1 301 4632 2120 200
free 28 -1 2224 200
free 27 -1 2312 200
free 30 -1 2784 200
alloc 21 550 -1 2784 200
free 16 -1 2960 200
alloc 15 246 2000 2696 200
alloc 18 453 4160 2224 200
alloc 25 278 6000 1928 200
free 4 -1 2280 200
free 19 -1 2520 200
alloc 38 409 6744 2088 200
free 29 -1 2280 200
alloc 24 122 16 2136 200
free 7 -1 2568 200
free 26 -1 2952 200
free 17 -1 3224 200
alloc 28 371 416 2808 200
alloc 27 164 1000 2624 200
alloc 14 489 -1 2624 200
alloc 21 57 1184 2512 200
alloc 32 192 1616 2304 200
free 31 -1 2816 200
free 18 -1 3288 200
free 25 -1 3584 200
alloc 20 428 2264 3136 200
alloc 3 258 2712 2856 200
alloc 6 238 3432 2584 200
alloc 13 232 4160 2336 200
alloc 40 174 4408 2112 200
alloc 23 1 160 2064 200
alloc 42 187 4952 1856 200
free 33 -1 2064 200
free 28 -1 2480 200
free 27 -1 2664 200
alloc 30 173 208 2472 200
free 21 -1 2584 200
alloc 0 413 400 2152 200
alloc 31 233 1000 1896 200
alloc 34 128 1824 1720 200
alloc 9 535 6000 1168 200
free 20 -1 1616 200
free 35 -1 1744 200
free 38 -1 2176 200
free 13 -1 2424 200
free 40 -1 2648 200
alloc 7 23 1256 2608 200
alloc 26 269 2264 2320 200
alloc 17 35 1296 2264 200
alloc 44 158 4160 2088 200
alloc 11 293 6552 1776 200
free 46 -1 2216 200
free 5 -1 2672 200
free 32 -1 2880 200
free 15 -1 3144 200
alloc 18 74 1616 3048 200
free 9 -1 3600 200
alloc 4 477 6000 3104 200
alloc 19 341 2992 2744 200
alloc 38 526 6864 2200 200
alloc 13 374 3704 1808 200
alloc 8 138 2000 1648 200
alloc 39 20 1352 1576 200
free 42 -1 1784 200
alloc 33 323 4952 1440 200
alloc 12 547 -1 1440 200
free 43 -1 1816 200
free 30 -1 2008 200
alloc 37 167 208 1816 200
free 0 -1 2248 200
free 47 -1 2792 200
alloc 2 524 5296 2248 200
alloc 25 186 400 2040 200
alloc 20 473 7408 1544 200
alloc 35 229 4336 1296 200
free 6 -1 1568 200
alloc 29 22 608 1528 200
free 8 -1 1688 200
free 23 -1 1736 200
alloc 42 480 -1 1736 200
free 17 -1 1792 200
free 44 -1 1968 200
alloc 27 496 -1 1968 200
alloc 46 543 -1 1968 200
alloc 21 437 -1 1968 200
alloc 32 548 -1 1968 200
alloc 15 597 -1 1968 200
free 34 -1 2144 200
free 25 -1 2352 200
alloc 36 285 1712 2048 200
free 19 -1 2408 200
free 22 -1 2576 200
free 29 -1 2616 200
alloc 8 136 400 2464 200
free 7 -1 2504 200
alloc 42 567 2992 1920 200
alloc 17 36 552 1864 200
alloc 44 299 608 1544 200
free 11 -1 1856 200
alloc 46 526 -1 1856 200
alloc 5 499 -1 1856 200
alloc 16 582 -1 1856 200
alloc 47 90 2016 1744 200
free 2 -1 2288 200
alloc 25 232 5296 2040 200
free 36 -1 2344 200
alloc 19 326 5544 2000 200
alloc 6 457 -1 2000 200
alloc 29 268 1712 1696 200
free 24 -1 1840 200
free 39 -1 1912 200
free 26 -1 2200 200
free 1 -1 2520 200
alloc 28 293 2128 2208 200
alloc 11 329 4584 1840 200
alloc 46 189 2440 1632 200
alloc 21 219 4096 1392 200
alloc 16 389 -1 1392 200
alloc 15 35 16 1336 200
free 18 -1 1432 200
alloc 41 264 6496 1152 200
alloc 36 115 72 1016 200
free 3 -1 1296 200
alloc 22 301 2648 952 200
free 13 -1 1344 200
free 8 -1 1496 200
alloc 7 70 400 1408 200
free 42 -1 1992 200
alloc 1 517 2992 1456 200
free 44 -1 1776 200
alloc 27 569 -1 1776 200
alloc 14 402 3528 1352 200
free 21 -1 1592 200
alloc 16 252 608 1320 200
free 47 -1 1432 200
alloc 18 469 -1 1432 200
free 41 -1 1712 200
free 4 -1 2208 200
free 19 -1 2552 200
free 22 -1 2896 200
free 29 -1 3200 200
alloc 24 82 880 3080 200
free 7 -1 3168 200
alloc 42 396 1616 2752 200
free 33 -1 3096 200
alloc 44 568 5544 2512 200
alloc 27 148 1256 2344 200
alloc 30 398 6128 1928 200
alloc 21 385 -1 1928 200
alloc 32 600 -1 1928 200
alloc 47 539 -1 1928 200
alloc 2 31 400 1880 200
alloc 9 332 3952 1496 200
free 20 -1 1992 200
free 35 -1 2240 200
alloc 6 566 7408 1656 200
alloc 13 344 -1 1656 200
free 24 -1 1776 200
alloc 39 22 448 1736 200
free 42 -1 2152 200
alloc 33 333 1616 1800 200
free 44 -1 2384 200
free 27 -1 2552 200
free 14 -1 2976 200
alloc 21 308 2648 2632 200
alloc 0 269 3528 2344 200
alloc 47 518 5544 1808 200
alloc 18 99 880 1688 200
free 25 -1 1936 200
free 36 -1 2072 200
alloc 19 458 4952 1592 200
free 38 -1 2136 200
free 45 -1 2328 200
alloc 24 112 72 2192 200
alloc 23 68 1256 2104 200
alloc 42 482 6544 1600 200
free 17 -1 1656 200
alloc 44 174 1344 1464 200
alloc 43 311 7048 1104 200
free 30 -1 1520 200
free 37 -1 1712 200
free 16 -1 1984 200
free 15 -1 2040 200
alloc 34 359 488 1648 200
alloc 41 484 -1 1648 200
alloc 36 127 208 1504 200
alloc 35 34 16 1448 200
alloc 38 558 -1 1448 200
alloc 13 118 1968 1288 200
free 24 -1 1424 200
alloc 7 338 6080 1064 200
free 42 -1 1568 200
alloc 17 486 6440 1064 200
alloc 12 107 72 928 200
free 43 -1 1288 200
free 46 -1 1496 200
free 21 -1 1840 200
alloc 32 21 352 1792 200
free 47 -1 2328 200
free 34 -1 2720 200
alloc 25 338 488 2328 200
alloc 4 132 2440 2176 200
free 19 -1 2656 200
alloc 22 536 4952 2104 200
alloc 45 331 2592 1752 200
alloc 40 459 5504 1272 200
free 7 -1 1632 200
alloc 26 435 5984 1176 200
free 1 -1 1712 200
free 44 -1 1904 200
free 11 -1 2272 200
alloc 46 143 1344 2112 200
alloc 21 141 2944 1952 200
alloc 16 375 3104 1528 200
alloc 47 567 4336 912 200
alloc 34 221 6944 672 200
free 9 -1 1056 200
alloc 20 136 3816 904 200
alloc 3 470 -1 904 200
alloc 38 476 -1 904 200
free 13 -1 1064 200
alloc 8 528 -1 1064 200
free 23 -1 1152 200
free 26 -1 1608 200
free 17 -1 2112 200
alloc 44 555 5984 1536 200
alloc 11 502 -1 1536 200
alloc 30 497 -1 1536 200
free 21 -1 1696 200
free 0 -1 1984 200
free 31 -1 2240 200
free 2 -1 2288 200
alloc 41 573 -1 2288 200
free 20 -1 2440 200
alloc 3 273 1000 2144 200
free 6 -1 2728 200
free 45 -1 3080 200
alloc 24 388 2592 2672 200
alloc 7 387 3528 2264 200
alloc 10 292 3936 1952 200
alloc 1 426 7184 1504 200
free 44 -1 2080 200
alloc 27 310 5984 1752 200
alloc 30 472 6312 1264 200
alloc 37 560 -1 1264 200
free 16 -1 1688 200
alloc 15 443 3000 1224 200
free 18 -1 1344 200
alloc 9 534 7632 784 200
free 4 -1 936 200
alloc 19 505 -1 936 200
alloc 38 34 880 880 200
alloc 29 535 -1 880 200
free 40 -1 1360 200
free 39 -1 1400 200
free 10 -1 1712 200
alloc 17 258 3936 1432 200
free 12 -1 1568 200
alloc 43 62 72 1488 200
free 46 -1 1648 200
alloc 37 379 5504 1248 200
alloc 0 143 1296 1088 200
free 15 -1 1552 200
alloc 18 141 1456 1392 200
free 25 -1 1784 200
free 36 -1 1928 200
free 3 -1 2224 200
alloc 6 375 400 1832 200
alloc 13 61 152 1752 200
alloc 40 63 232 1672 200
alloc 23 38 792 1584 200
alloc 42 372 3000 1192 200
free 1 -1 1640 200
free 28 -1 1952 200
free 27 -1 2280 200
alloc 46 547 1968 1712 200
alloc 5 596 -1 1712 200
alloc 16 91 936 1600 200
free 47 -1 2216 200
free 18 -1 2376 200
alloc 41 150 1048 2208 200
alloc 4 367 4216 1824 200
alloc 3 58 1216 1744 200
free 22 -1 2296 200
alloc 29 413 4600 1864 200
free 40 -1 1944 200
alloc 39 382 5032 1544 200
alloc 26 102 232 1424 200
alloc 1 475 -1 1424 200
alloc 12 557 -1 1424 200
free 43 -1 1504 200
free 30 -1 1992 200
alloc 21 460 5904 1512 200
free 32 -1 1560 200
alloc 31 553 -1 1560 200
alloc 2 526 6384 1000 200
free 41 -1 1168 200
alloc 36 440 -1 1168 200
alloc 19 530 -1 1168 200
free 38 -1 1224 200
alloc 45 405 7184 776 200
free 24 -1 1184 200
free 7 -1 1592 200
free 26 -1 1712 200
free 17 -1 1992 200
alloc 12 220 2536 1752 200
alloc 43 215 3392 1520 200
alloc 30 452 3624 1048 200
free 37 -1 1448 200
free 16 -1 1560 200
alloc 47 593 -1 1560 200
free 34 -1 1800 200
alloc 25 7 72 1776 200
alloc 20 226 880 1528 200
alloc 19 461 -1 1528 200
alloc 38 542 -1 1528 200
free 29 -1 1960 200
alloc 24 135 232 1792 200
alloc 7 458 -1 1792 200
alloc 26 452 5432 1320 200
alloc 17 166 2776 1136 200
alloc 44 325 4600 792 200
free 43 -1 1024 200
free 30 -1 1496 200
alloc 37 15 96 1440 200
alloc 32 429 3392 992 200
alloc 15 562 -1 992 200
alloc 34 86 1456 888 200
free 25 -1 912 200
free 20 -1 1160 200
alloc 19 16 880 1128 200
free 6 -1 1520 200
free 45 -1 1968 200
free 24 -1 2136 200
free 39 -1 2536 200
free 42 -1 2928 200
free 17 -1 3112 200
alloc 28 567 2776 2496 200
alloc 43 517 232 1936 200
alloc 14 29 912 1888 200
free 37 -1 1944 200
free 0 -1 2104 200
alloc 47 271 3840 1816 200
free 2 -1 2376 200
free 9 -1 2936 200
free 4 -1 3320 200
free 35 -1 3376 200
alloc 22 423 4128 2904 200
free 13 -1 2984 200
alloc 40 450 4944 2496 200
alloc 39 250 6384 2224 200
free 26 -1 2696 200
free 33 -1 3048 200
free 44 -1 3392 200
alloc 11 270 1560 3104 200
alloc 30 153 16 2928 200
free 21 -1 3408 200
alloc 0 473 5432 2912 200
alloc 15 176 960 2720 200
alloc 18 143 1296 2560 200
alloc 9 323 4600 2216 200
alloc 36 268 5928 1928 200
free 3 -1 2008 200
alloc 38 563 6656 1424 200
alloc 29 484 7240 920 200
alloc 24 588 -1 920 200
alloc 7 403 7744 472 200
alloc 26 321 -1 472 200
alloc 33 364 -1 472 200
alloc 44 458 -1 472 200
alloc 27 454 -1 472 200
free 14 -1 520 200
alloc 5 46 1152 456 200
free 0 -1 952 200
free 15 -1 1144 200
alloc 2 297 5432 824 200
alloc 41 464 -1 824 200
alloc 4 129 912 672 200
free 19 -1 704 200
alloc 6 576 -1 704 200
alloc 45 300 -1 704 200
alloc 24 467 -1 704 200
free 23 -1 792 200
alloc 10 195 -1 792 200
alloc 1 109 5752 664 200
free 28 -1 1280 200
free 43 -1 1840 200
alloc 14 426 192 1392 200
alloc 37 515 2776 856 200
free 32 -1 1304 200
alloc 31 435 3312 848 200
free 2 -1 1168 200
alloc 41 595 -1 1168 200
free 36 -1 1456 200
alloc 19 508 -1 1456 200
free 22 -1 1928 200
alloc 45 551 -1 1928 200
alloc 8 397 4128 1512 200
alloc 23 230 640 1240 200
alloc 42 412 5880 808 200
free 1 -1 936 200
alloc 44 72 1064 848 200
alloc 27 364 5432 464 200
free 46 -1 1032 200
free 5 -1 1096 200
alloc 0 246 1848 832 200
free 31 -1 1288 200
free 34 -1 1392 200
alloc 41 510 3312 864 200
alloc 36 449 -1 864 200
alloc 19 487 -1 864 200
alloc 22 587 -1 864 200
free 29 -1 1368 200
alloc 24 377 2112 944 200
free 7 -1 1392 200
alloc 26 94 1152 1248 200
alloc 1 83 1456 1144 200
alloc 28 170 7240 952 200
free 11 -1 1240 200
free 30 -1 1416 200
alloc 21 308 7432 1088 200
free 0 -1 1352 200
free 47 -1 1640 200
alloc 2 254 1560 1368 200
alloc 25 260 1832 1088 200
free 4 -1 1240 200
alloc 35 231 3840 992 200
alloc 6 485 -1 992 200
alloc 45 213 7760 760 200
free 8 -1 1176 200
free 23 -1 1448 200
alloc 10 208 640 1224 200
free 1 -1 1328 200
free 44 -1 1416 200
alloc 11 445 4088 952 200
free 14 -1 1400 200
free 21 -1 1728 200
alloc 16 297 16 1408 200
alloc 47 409 -1 1408 200
free 18 -1 1568 200
free 41 -1 2096 200
alloc 20 522 -1 2096 200
free 35 -1 2344 200
alloc 22 505 3312 1816 200
free 45 -1 2048 200
free 40 -1 2536 200
free 39 -1 2808 200
free 10 -1 3032 200
alloc 1 177 336 2832 200
free 28 -1 3024 200
free 11 -1 3488 200
alloc 30 315 536 3152 200
alloc 21 386 3840 2744 200
alloc 32 61 872 2664 200
alloc 47 332 4248 2312 200
alloc 18 201 1296 2088 200
free 25 -1 2368 200
alloc 20 441 4944 1880 200
alloc 3 435 7240 1424 200
alloc 6 195 1832 1208 200
alloc 29 238 6312 952 200
alloc 8 417 7696 512 200
alloc 7 101 952 392 200
free 42 -1 824 200
alloc 33 558 -1 824 200
alloc 28 71 5816 736 200
free 27 -1 1120 200
free 30 -1 1456 200
free 21 -1 1864 200
free 16 -1 2184 200
alloc 31 474 -1 2184 200
alloc 34 237 16 1928 200
free 9 -1 2272 200
free 20 -1 2760 200
alloc 19 315 536 2424 200
free 6 -1 2640 200
free 29 -1 2896 200
free 8 -1 3336 200
alloc 39 450 4600 2864 200
free 26 -1 3008 200
alloc 17 36 272 2944 200
alloc 44 3 1072 2920 200
alloc 43 384 3840 2512 200
alloc 30 313 5072 2176 200
free 37 -1 2712 200
alloc 16 446 2776 2248 200
alloc 15 592 5904 1640 200
free 2 -1 1912 200
alloc 25 600 -1 1912 200
alloc 36 276 1520 1616 200
free 3 -1 2072 200
free 22 -1 2600 200
alloc 45 377 3240 2200 200
alloc 40 193 1816 1984 200
free 39 -1 2456 200
alloc 42 174 1096 2256 200
free 17 -1 2320 200
free 28 -1 2408 200
alloc 27 486 7240 1904 200
free 30 -1 2240 200
alloc 37 312 4600 1912 200
free 16 -1 2376 200
free 47 -1 2728 200
free 18 -1 2952 200
alloc 41 448 2776 2488 200
alloc 4 369 4928 2096 200
alloc 3 356 5320 1720 200
alloc 6 152 1296 1552 200
alloc 29 31 272 1488 200
free 40 -1 1704 200
free 7 -1 1824 200
alloc 10 491 -1 1824 200
free 1 -1 2024 200
free 44 -1 2048 200
free 43 -1 2456 200
alloc 30 183 336 2256 200
alloc 5 241 1816 1960 200
alloc 0 399 3640 1544 200
alloc 47 568 -1 1544 200
alloc 2 232 4056 1296 200
alloc 9 441 -1 1296 200
free 36 -1 1592 200
free 3 -1 1968 200
free 6 -1 2136 200
alloc 13 453 1296 1664 200
alloc 8 301 5320 1344 200
alloc 23 238 4304 1088 200
alloc 26 39 952 1032 200
alloc 17 69 1008 944 200
free 12 -1 1184 200
free 27 -1 1688 200
alloc 14 129 2536 1536 200
free 5 -1 1832 200
alloc 16 475 7240 1336 200
free 15 -1 1944 200
alloc 18 292 1768 1600 200
alloc 25 489 5640 1088 200
alloc 20 388 6152 680 200
alloc 3 218 7736 440 200
alloc 6 334 -1 440 200
free 29 -1 504 200
free 8 -1 824 200
alloc 7 36 272 760 200
free 42 -1 960 200
free 17 -1 1048 200
alloc 12 581 -1 1048 200
alloc 43 212 1008 816 200
free 14 -1 968 200
alloc 5 391 -1 968 200
free 32 -1 1048 200
alloc 15 444 -1 1048 200
free 34 -1 1304 200
free 25 -1 1816 200
free 4 -1 2208 200
alloc 35 551 4928 1640 200
alloc 6 101 16 1520 200
free 45 -1 1920 200
free 24 -1 2344 200
alloc 39 73 136 2248 200
alloc 42 194 2112 2032 200
alloc 33 400 2328 1584 200
alloc 28 225 3240 1336 200
free 43 -1 1568 200
alloc 46 353 5496 1192 200
free 37 -1 1520 200
free 16 -1 2016 200
alloc 47 465 7240 1520 200
free 18 -1 1864 200
alloc 25 287 1768 1560 200
free 20 -1 1968 200
free 19 -1 2304 200
free 6 -1 2424 200
alloc 29 99 16 2304 200
alloc 24 23 232 2264 200
free 39 -1 2360 200
alloc 10 79 136 2264 200
alloc 1 17 536 2224 200
alloc 12 395 5872 1808 200
alloc 27 93 576 1696 200
free 46 -1 2072 200
alloc 37 143 688 1912 200
alloc 16 600 -1 1912 200
alloc 31 423 -1 1912 200
alloc 34 54 848 1808 200
free 41 -1 2272 200
alloc 20 449 -1 2272 200
free 35 -1 2840 200
free 38 -1 3424 200
free 29 -1 3544 200
alloc 40 19 16 3504 200
alloc 39 495 4560 2992 200
free 42 -1 3208 200
free 1 -1 3248 200
free 28 -1 3496 200
alloc 43 237 1008 3208 200
alloc 14 533 2776 2656 200
alloc 21 101 2072 2536 200
alloc 16 479 5072 2040 200
alloc 15 397 6288 1624 200
alloc 18 576 -1 1624 200
free 25 -1 1928 200
alloc 36 333 6704 1576 200
alloc 35 512 -1 1576 200
alloc 38 516 -1 1576 200
alloc 45 574 -1 1576 200
alloc 8 16 56 1544 200
free 7 -1 1608 200
free 10 -1 1704 200
alloc 1 87 88 1600 200
free 12 -1 2016 200
alloc 11 214 1768 1784 200
alloc 46 454 5568 1312 200
free 21 -1 1432 200
free 16 -1 1928 200
free 47 -1 2424 200
free 2 -1 2672 200
alloc 9 355 5072 2296 200
free 36 -1 2648 200
alloc 19 334 6704 2296 200
alloc 6 249 2000 2024 200
alloc 29 484 7056 1520 200
free 24 -1 1560 200
alloc 7 43 192 1496 200
alloc 10 204 3328 1272 200
free 1 -1 1376 200
alloc 28 53 88 1272 200
free 27 -1 1384 200
free 30 -1 1584 200
free 37 -1 1744 200
free 0 -1 2160 200
alloc 47 453 256 1688 200
alloc 2 281 3552 1384 200
alloc 41 48 728 1320 200
alloc 20 174 3856 1128 200
free 3 -1 1368 200
alloc 38 474 7560 872 200
alloc 45 100 4048 752 200
alloc 24 539 -1 752 200
free 7 -1 816 200
free 26 -1 872 200
alloc 1 21 192 808 200
free 28 -1 912 200
free 43 -1 1200 200
free 14 -1 1752 200
alloc 5 465 2776 1264 200
alloc 32 185 952 1056 200
alloc 31 83 88 952 200
alloc 18 53 1160 880 200
free 9 -1 1256 200
alloc 4 264 5072 976 200
alloc 3 47 1232 912 200
free 38 -1 1408 200
free 13 -1 1880 200
free 40 -1 1920 200
alloc 7 177 1296 1720 200
alloc 42 204 1496 1496 200
alloc 17 117 4168 1360 200
alloc 12 6 16 1320 200
alloc 27 444 7560 856 200
alloc 30 342 -1 856 200
alloc 21 105 5352 728 200
alloc 16 75 6040 632 200
free 15 -1 1048 200
free 18 -1 1120 200
free 41 -1 1184 200
alloc 36 161 6136 1000 200
free 19 -1 1352 200
alloc 38 16 728 1320 200
alloc 13 560 6320 744 200
alloc 24 209 -1 744 200
free 23 -1 1000 200
free 10 -1 1224 200
free 17 -1 1360 200
free 12 -1 1400 200
alloc 43 116 3264 1264 200
alloc 30 237 4168 1008 200
alloc 37 417 -1 1008 200
free 16 -1 1104 200
free 47 -1 1576 200
alloc 18 19 16 1536 200
alloc 9 471 -1 1536 200
free 20 -1 1728 200
alloc 35 423 256 1256 200
free 38 -1 1288 200
free 45 -1 1408 200
free 8 -1 1440 200
free 39 -1 1952 200
alloc 10 304 4424 1632 200
free 33 -1 2080 200
alloc 28 385 2272 1672 200
free 43 -1 1808 200
free 30 -1 2064 200
free 21 -1 2192 200
alloc 0 540 3856 1624 200
free 31 -1 1728 200
free 2 -1 2032 200
alloc 25 399 3264 1616 200
free 36 -1 1800 200
free 3 -1 1864 200
alloc 38 14 56 1832 200
alloc 45 560 -1 1832 200
alloc 40 484 -1 1832 200
alloc 39 444 -1 1832 200
free 42 -1 2056 200
alloc 33 499 -1 2056 200
alloc 12 331 -1 2056 200
free 27 -1 2520 200
alloc 30 27 88 2472 200
alloc 37 311 4744 2144 200
free 32 -1 2352 200
alloc 47 156 952 2176 200
alloc 2 548 7560 1608 200
alloc 9 349 -1 1608 200
alloc 20 225 1496 1336 200
alloc 3 43 728 1272 200
free 38 -1 1304 200
alloc 45 307 -1 1304 200
alloc 40 147 1128 1136 200
free 7 -1 1336 200
alloc 26 307 -1 1336 200
free 1 -1 1400 200
alloc 12 322 -1 1400 200
alloc 27 384 -1 1400 200
free 46 -1 1872 200
free 37 -1 2200 200
alloc 32 4 56 2168 200
free 47 -1 2344 200
free 2 -1 2912 200
alloc 41 434 5352 2456 200
alloc 36 437 5808 2000 200
alloc 19 403 7560 1576 200
alloc 22 487 -1 1576 200
free 13 -1 2152 200
free 40 -1 2320 200
alloc 7 536 6264 1768 200
alloc 42 263 952 1488 200
alloc 1 151 1232 1320 200
alloc 12 441 -1 1320 200
alloc 43 184 4744 1120 200
alloc 14 196 6816 880 200
alloc 37 5 136 856 200
alloc 16 30 160 808 200
alloc 47 266 -1 808 200
free 34 -1 912 200
alloc 9 107 792 752 200
free 4 -1 1032 200
free 35 -1 1504 200
free 6 -1 1776 200
alloc 45 105 208 1648 200
alloc 24 204 336 1424 200
alloc 39 125 560 1256 200
free 42 -1 1536 200
free 1 -1 1704 200
alloc 12 40 952 1648 200
free 11 -1 1880 200
free 14 -1 2120 200
alloc 21 315 1008 1784 200
free 0 -1 2352 200
alloc 47 21 1344 2312 200
alloc 2 465 1768 1808 200
free 41 -1 2264 200
free 20 -1 2536 200
free 19 -1 2960 200
alloc 22 485 3680 2456 200
alloc 13 26 1384 2408 200
alloc 8 38 1432 2352 200
free 39 -1 2520 200
free 10 -1 2840 200
alloc 17 394 4184 2424 200
free 28 -1 2832 200
free 43 -1 3032 200
free 30 -1 3080 200
free 37 -1 3104 200
free 16 -1 3152 200
alloc 31 587 4600 2544 200
alloc 34 594 7560 1912 200
free 9 -1 2072 200
alloc 20 493 5208 1560 200
free 3 -1 1624 200
free 22 -1 2128 200
free 29 -1 2632 200
alloc 40 575 6816 2040 200
alloc 39 275 560 1744 200
alloc 10 546 -1 1744 200
free 17 -1 2160 200
alloc 44 168 1488 1976 200
alloc 11 223 2272 1736 200
alloc 30 302 3680 1416 200
alloc 37 142 2512 1256 200
alloc 16 371 4000 864 200
alloc 15 521 -1 864 200
free 34 -1 1496 200
alloc 41 270 7408 1208 200
free 36 -1 1664 200
alloc 35 428 5720 1216 200
alloc 38 32 88 1168 200
free 13 -1 1216 200
free 24 -1 1440 200
free 7 -1 1992 200
alloc 42 427 6168 1544 200
alloc 17 152 336 1376 200
alloc 28 594 -1 1376 200
alloc 43 388 7696 968 200
free 30 -1 1288 200
free 37 -1 1448 200
alloc 0 149 2512 1280 200
free 47 -1 1320 200
alloc 34 288 3680 1000 200
free 41 -1 1288 200
free 20 -1 1800 200
alloc 3 237 5208 1544 200
alloc 22 306 -1 1544 200
alloc 13 387 -1 1544 200
free 40 -1 2136 200
alloc 23 532 6616 1584 200
alloc 26 173 4392 1376 200
alloc 1 550 -1 1376 200
free 12 -1 1432 200
free 11 -1 1672 200
alloc 14 95 856 1560 200
free 21 -1 1896 200
free 32 -1 1928 200
alloc 47 185 968 1720 200
free 2 -1 2224 200
free 25 -1 2640 200
alloc 4 493 1672 2128 200
alloc 19 213 1176 1872 200
free 38 -1 1920 200
free 45 -1 2048 200
alloc 40 28 56 2000 200
free 23 -1 2552 200
free 42 -1 3000 200
free 17 -1 3168 200
free 44 -1 3352 200
alloc 27 349 104 2984 200
free 14 -1 3096 200
alloc 21 114 1488 2960 200
free 16 -1 3352 200
free 47 -1 3560 200
free 34 -1 3880 200
alloc 41 503 3264 3360 200
free 4 -1 3872 200
free 35 -1 4320 200
alloc 38 501 1624 3800 200
alloc 45 427 3784 3352 200
free 40 -1 3400 200
free 39 -1 3696 200
alloc 10 518 472 3160 200
alloc 1 300 2144 2840 200
alloc 44 68 1008 2752 200
alloc 11 547 5464 2184 200
alloc 14 125 4232 2024 200
alloc 37 578 6032 1424 200
alloc 16 359 6632 1048 200
alloc 15 293 7008 736 200
free 18 -1 776 200
free 41 -1 1296 200
alloc 20 472 3264 776 200
alloc 35 248 7320 512 200
alloc 6 434 -1 512 200
alloc 13 356 -1 512 200
alloc 24 373 -1 512 200
alloc 39 394 -1 512 200
free 26 -1 720 200
alloc 17 556 -1 720 200
alloc 28 398 -1 720 200
free 11 -1 1288 200
alloc 46 214 5464 1056 200
free 5 -1 1544 200
alloc 32 147 2680 1376 200
alloc 47 226 2848 1128 200
alloc 18 279 5696 832 200
alloc 9 491 -1 832 200
free 20 -1 1352 200
free 3 -1 1608 200
alloc 6 97 3096 1488 200
alloc 29 316 3216 1152 200
free 8 -1 1208 200
alloc 39 565 -1 1208 200
free 10 -1 1744 200
free 1 -1 2064 200
alloc 28 133 472 1912 200
free 43 -1 2320 200
free 46 -1 2552 200
free 37 -1 3152 200
free 0 -1 3320 200
free 31 -1 3928 200
alloc 34 531 4392 3376 200
alloc 9 150 624 3208 200
alloc 4 593 4944 2592 200
free 35 -1 2856 200
alloc 22 581 5992 2256 200
free 45 -1 2704 200
alloc 8 278 2144 2408 200
alloc 7 430 3552 1960 200
alloc 26 576 7320 1368 200
alloc 33 415 -1 1368 200
free 28 -1 1520 200
alloc 43 14 16 1488 200
alloc 46 468 -1 1488 200
free 21 -1 1624 200
free 16 -1 2000 200
free 47 -1 2248 200
free 34 -1 2800 200
free 9 -1 2968 200
free 4 -1 3584 200
alloc 3 519 472 3048 200
free 22 -1 3648 200
alloc 13 133 1432 3496 200
alloc 24 10 48 3440 200
alloc 39 163 2440 3256 200
free 26 -1 3848 200
alloc 17 165 2848 3664 200
alloc 28 595 4392 3048 200
alloc 11 423 5008 2608 200
alloc 30 470 5992 2120 200
alloc 37 510 6480 1592 200
free 32 -1 1760 200
alloc 47 227 5448 1512 200
alloc 2 247 7320 1248 200
alloc 9 28 1096 1168 200
alloc 4 583 7584 560 200
free 3 -1 1096 200
free 38 -1 1616 200
alloc 45 2 472 1592 200
free 8 -1 1888 200
free 39 -1 2072 200
alloc 26 334 496 1720 200
free 17 -1 1904 200
free 44 -1 1992 200
free 27 -1 2360 200
free 14 -1 2520 200
alloc 5 455 1584 2048 200
alloc 16 458 2056 1568 200
free 15 -1 1880 200
free 18 -1 2176 200
free 9 -1 2256 200
alloc 20 139 104 2096 200
free 19 -1 2352 200
alloc 22 234 848 2096 200
free 13 -1 2248 200
alloc 8 27 264 2200 200
alloc 39 225 1104 1952 200
alloc 10 40 312 1896 200
alloc 33 8 368 1872 200
free 28 -1 2488 200
free 11 -1 2928 200
alloc 46 457 2536 2448 200
free 5 -1 2920 200
alloc 32 246 1352 2656 200
free 47 -1 2904 200
free 2 -1 3168 200
alloc 25 127 1616 3024 200
free 20 -1 3184 200
alloc 35 426 4000 2736 200
alloc 38 270 1760 2440 200
free 29 -1 2776 200
alloc 40 172 3216 2584 200
free 7 -1 3032 200
free 10 -1 3088 200
alloc 1 417 3408 2648 200
alloc 12 347 4448 2280 200
alloc 11 152 4816 2112 200
free 30 -1 2600 200
alloc 21 346 4984 2232 200
alloc 0 387 5352 1824 200
alloc 15 554 5760 1248 200
alloc 2 548 7008 672 200
alloc 41 591 -1 672 200
alloc 36 310 -1 672 200
free 35 -1 1120 200
free 22 -1 1376 200
alloc 29 102 104 1256 200
free 24 -1 1312 200
free 39 -1 1560 200
alloc 10 246 848 1296 200
free 1 -1 1736 200
alloc 44 228 3408 1488 200
free 43 -1 1520 200
alloc 14 485 3656 1016 200
free 37 -1 1544 200
free 0 -1 1952 200
alloc 31 138 1112 1792 200
alloc 18 160 4160 1616 200
free 25 -1 1760 200
alloc 36 301 5352 1440 200
alloc 35 424 6336 1000 200
alloc 22 39 16 912 200
free 45 -1 936 200
free 40 -1 1128 200
alloc 7 360 -1 1128 200
free 10 -1 1392 200
alloc 17 316 -1 1392 200
free 44 -1 1640 200
free 11 -1 1808 200
alloc 30 129 848 1656 200
alloc 37 133 3216 1504 200
free 32 -1 1768 200
alloc 47 450 1272 1280 200
free 18 -1 1456 200
alloc 41 341 -1 1456 200
free 4 -1 2064 200
alloc 19 158 3368 1888 200
free 38 -1 2184 200
free 29 -1 2304 200
alloc 24 532 7584 1752 200
alloc 7 163 1760 1568 200
alloc 10 60 104 1488 200
alloc 1 386 -1 1488 200
alloc 28 261 4160 1200 200
alloc 27 238 -1 1200 200
free 46 -1 1680 200
free 37 -1 1832 200
alloc 32 250 2536 1560 200
free 31 -1 1720 200
alloc 34 539 -1 1720 200
alloc 41 120 1000 1584 200
alloc 4 449 -1 1584 200
free 35 -1 2024 200
free 6 -1 2144 200
alloc 29 567 6336 1560 200
free 24 -1 2112 200
alloc 23 499 2808 1592 200
alloc 42 413 7584 1160 200
alloc 17 298 -1 1160 200
free 28 -1 1448 200
alloc 11 36 184 1368 200
free 30 -1 1520 200
alloc 5 225 4160 1272 200
free 32 -1 1544 200
free 15 -1 2120 200
alloc 18 13 312 2064 200
alloc 9 233 2536 1792 200
free 36 -1 2112 200
free 19 -1 2288 200
free 22 -1 2376 200
alloc 45 359 5352 2000 200
alloc 24 514 5728 1464 200
free 23 -1 1984 200
free 42 -1 2416 200
alloc 1 592 2808 1808 200
free 12 -1 2176 200
alloc 27 284 4408 1872 200
alloc 46 451 7584 1400 200
free 5 -1 1648 200
alloc 32 120 848 1496 200
alloc 15 489 -1 1496 200
alloc 34 529 -1 1496 200
free 9 -1 1768 200
alloc 20 244 2536 1496 200
alloc 35 124 3416 1352 200
alloc 6 86 392 1248 200
free 45 -1 1624 200
free 8 -1 1672 200
alloc 23 465 -1 1672 200
alloc 42 91 1136 1536 200
alloc 17 96 1944 1424 200
alloc 12 109 4160 1296 200
free 27 -1 1600 200
free 46 -1 2072 200
alloc 37 113 4288 1936 200
free 16 -1 2416 200
free 47 -1 2904 200
free 18 -1 2960 200
alloc 9 527 4424 2400 200
alloc 36 216 1272 2168 200
alloc 3 477 7584 1672 200
free 6 -1 1776 200
alloc 13 267 2056 1488 200
free 24 -1 2024 200
alloc 23 20 16 1984 200
free 26 -1 2336 200
free 33 -1 2360 200
alloc 28 233 264 2104 200
alloc 27 42 520 2040 200
alloc 30 260 5352 1760 200
free 37 -1 1896 200
free 32 -1 2048 200
alloc 47 273 584 1752 200
alloc 34 303 5632 1432 200
alloc 25 183 1504 1232 200
free 36 -1 1464 200
free 3 -1 1960 200
alloc 6 324 5952 1616 200
alloc 45 552 7584 1048 200
alloc 24 263 -1 1048 200
free 23 -1 1088 200
alloc 26 492 -1 1088 200
free 17 -1 1200 200
free 28 -1 1456 200
free 11 -1 1536 200
alloc 46 504 -1 1536 200
alloc 5 461 -1 1536 200
alloc 0 27 16 1488 200
free 47 -1 1784 200
free 2 -1 2360 200
free 9 -1 2920 200
alloc 4 348 584 2552 200
alloc 19 32 184 2504 200
alloc 38 461 4288 2024 200
free 29 -1 2608 200
alloc 8 345 6296 2240 200
free 7 -1 2424 200
alloc 26 443 6664 1960 200
free 1 -1 2568 200
free 12 -1 2696 200
free 27 -1 2760 200
alloc 46 103 232 2640 200
free 21 -1 3008 200
alloc 16 599 -1 3008 200
alloc 47 135 352 2856 200
alloc 18 216 1272 2624 200
free 25 -1 2824 200
free 20 -1 3096 200
free 35 -1 3240 200
alloc 22 159 1504 3064 200
free 13 -1 3352 200
alloc 24 549 1680 2784 200
alloc 39 418 2248 2344 200
free 26 -1 2808 200
alloc 1 15 64 2768 200
alloc 28 502 2688 2248 200
alloc 43 368 3208 1864 200
free 46 -1 1984 200
alloc 37 69 232 1864 200
alloc 32 499 4768 1344 200
free 47 -1 1496 200
free 34 -1 1816 200
free 41 -1 1952 200
free 4 -1 2320 200
alloc 3 489 352 1808 200
free 38 -1 2288 200
alloc 29 28 864 2240 200
free 8 -1 2608 200
free 39 -1 3048 200
free 10 -1 3128 200
alloc 17 351 2248 2760 200
alloc 12 96 912 2648 200
alloc 11 425 4160 2200 200
alloc 46 573 6296 1608 200
free 37 -1 1728 200
alloc 16 573 6888 1136 200
alloc 31 528 -1 1136 200
alloc 34 547 -1 1136 200
alloc 9 446 -1 1136 200
alloc 36 411 -1 1136 200
free 3 -1 1648 200
free 6 -1 1992 200
alloc 13 474 232 1496 200
alloc 8 510 5632 968 200
alloc 23 483 -1 968 200
alloc 26 136 4608 808 200
free 1 -1 848 200
free 12 -1 960 200
alloc 27 49 64 888 200
free 30 -1 1168 200
alloc 37 339 -1 1168 200
free 16 -1 1760 200
alloc 15 142 912 1600 200
alloc 34 322 5288 1256 200
alloc 9 585 6888 648 200
alloc 4 152 -1 648 200
alloc 3 159 -1 648 200
alloc 6 191 -1 648 200
free 45 -1 1216 200
free 24 -1 1784 200
alloc 7 225 1680 1536 200
alloc 10 482 7496 1032 200
alloc 33 218 1928 792 200
free 28 -1 1312 200
free 27 -1 1384 200
free 46 -1 1976 200
alloc 5 220 2616 1736 200
free 32 -1 2256 200
alloc 31 270 2856 1968 200
free 34 -1 2312 200
alloc 25 177 4768 2112 200
alloc 4 511 4968 1584 200
free 19 -1 1632 200
alloc 38 176 6160 1440 200
free 29 -1 1488 200
alloc 40 382 6352 1088 200
alloc 23 529 -1 1088 200
free 42 -1 1224 200
free 33 -1 1464 200
alloc 44 103 64 1344 200
free 11 -1 1792 200
alloc 30 45 728 1728 200
alloc 37 97 792 1608 200
alloc 16 546 -1 1608 200
alloc 47 230 1928 1360 200
alloc 2 374 4160 968 200
free 25 -1 1168 200
free 4 -1 1696 200
alloc 19 226 4768 1448 200
free 22 -1 1624 200
alloc 45 37 1072 1568 200
free 8 -1 2096 200
alloc 23 516 5016 1560 200
alloc 42 114 1128 1416 200
alloc 33 88 1504 1312 200
free 44 -1 1432 200
alloc 27 434 5552 976 200
alloc 46 193 -1 976 200
alloc 21 383 -1 976 200
free 0 -1 1024 200
free 15 -1 1184 200
free 2 -1 1576 200
free 9 -1 2184 200
alloc 36 175 16 1968 200
alloc 35 562 6752 1384 200
alloc 6 172 4160 1192 200
free 13 -1 1688 200
alloc 8 18 232 1648 200
free 23 -1 2184 200
free 26 -1 2344 200
free 33 -1 2448 200
alloc 28 192 272 2240 200
free 27 -1 2696 200
alloc 46 400 4352 2280 200
free 37 -1 2400 200
alloc 32 525 5016 1856 200
alloc 15 386 5560 1448 200
alloc 34 70 480 1360 200
alloc 41 247 792 1080 200
alloc 4 324 -1 1080 200
alloc 3 291 -1 1080 200
free 6 -1 1272 200
alloc 13 385 -1 1272 200
alloc 24 550 -1 1272 200
alloc 23 178 -1 1272 200
free 10 -1 1776 200
alloc 33 414 7336 1344 200
alloc 12 18 568 1304 200
alloc 27 16 608 1272 200
free 30 -1 1336 200
free 5 -1 1576 200
free 32 -1 2120 200
free 15 -1 2528 200
free 34 -1 2616 200
alloc 25 29 480 2568 200
alloc 4 115 640 2416 200
free 19 -1 2664 200
alloc 6 106 1504 2536 200
free 45 -1 2592 200
free 40 -1 2992 200
free 7 -1 3240 200
alloc 26 250 1632 2944 200
free 17 -1 3312 200
free 12 -1 3352 200
alloc 11 302 2176 3032 200
free 46 -1 3448 200
alloc 21 600 4160 2832 200
alloc 32 155 2496 2656 200
alloc 15 120 2672 2520 200
free 18 -1 2752 200
alloc 9 267 4776 2464 200
free 36 -1 2680 200
alloc 3 169 16 2464 200
free 6 -1 2592 200
alloc 45 249 1272 2320 200
alloc 40 433 5064 1864 200
alloc 7 491 5520 1352 200
free 26 -1 1648 200
free 33 -1 2080 200
free 28 -1 2288 200
free 43 -1 2672 200
free 14 -1 3176 200
free 21 -1 3792 200
alloc 16 413 3144 3360 200
free 15 -1 3496 200
alloc 18 14 272 3464 200
free 25 -1 3512 200
alloc 36 459 3576 3032 200
free 3 -1 3248 200
alloc 22 421 4056 2808 200
alloc 29 503 7336 2288 200
free 8 -1 2328 200
free 7 -1 2840 200
alloc 10 339 1544 2456 200
alloc 1 157 16 2280 200
alloc 44 457 5520 1800 200
free 27 -1 1832 200
alloc 46 268 304 1544 200
alloc 21 558 -1 1544 200
alloc 0 95 2672 1432 200
free 31 -1 1720 200
alloc 2 272 2784 1432 200
alloc 25 542 -1 1432 200
alloc 20 309 6352 1104 200
alloc 3 263 4496 824 200
free 38 -1 1016 200
alloc 13 85 6000 912 200
free 40 -1 1368 200
alloc 39 27 192 1288 200
alloc 26 327 5064 944 200
free 1 -1 1120 200
free 44 -1 1600 200
alloc 43 9 16 1568 200
free 46 -1 1856 200
alloc 37 294 304 1520 200
free 16 -1 1952 200
alloc 15 337 3072 1592 200
free 2 -1 1880 200
free 41 -1 2160 200
free 20 -1 2488 200
free 3 -1 2768 200
free 22 -1 3208 200
free 29 -1 3728 200
alloc 40 78 48 3632 200
alloc 23 137 792 3472 200
free 26 -1 3816 200
alloc 17 80 952 3720 200
alloc 28 66 2784 3632 200
free 43 -1 3664 200
alloc 46 210 4056 3432 200
alloc 21 116 2872 3296 200
free 0 -1 3408 200
free 47 -1 3656 200
alloc 34 224 1928 3408 200
free 9 -1 3696 200
free 36 -1 4176 200
alloc 3 477 3432 3680 200
alloc 6 381 4288 3280 200
alloc 29 184 4688 3080 200
alloc 24 72 2672 2968 200
alloc 7 143 4888 2808 200
free 42 -1 2952 200
alloc 1 422 5048 2512 200
free 28 -1 2600 200
alloc 43 31 144 2552 200
alloc 30 348 5488 2184 200
free 37 -1 2520 200
alloc 16 465 6104 2032 200
free 15 -1 2392 200
alloc 2 573 7336 1800 200
alloc 41 124 304 1656 200
free 4 -1 1808 200
alloc 19 293 448 1464 200
free 6 -1 1864 200
free 45 -1 2136 200
free 24 -1 2248 200
free 39 -1 2328 200
alloc 26 532 -1 2328 200
free 1 -1 2768 200
alloc 12 43 192 2688 200
free 11 -1 3008 200
free 46 -1 3240 200
alloc 5 261 1048 2960 200
free 16 -1 3448 200
alloc 47 420 3928 3008 200
free 18 -1 3040 200
alloc 25 370 3008 2616 200
alloc 36 574 6104 2024 200
free 3 -1 2520 200
alloc 38 525 -1 2520 200
free 29 -1 2720 200
alloc 8 569 -1 2720 200
alloc 39 455 3432 2224 200
alloc 26 107 1328 2096 200
alloc 1 4 16 2064 200
alloc 28 103 2176 1944 200
alloc 27 328 4368 1600 200
free 30 -1 1968 200
free 21 -1 2104 200
alloc 0 226 2672 1856 200
free 47 -1 2296 200
free 2 -1 2888 200
free 41 -1 3032 200
free 36 -1 3624 200
free 19 -1 3968 200
alloc 22 391 272 3560 200
alloc 45 214 3928 3328 200
alloc 24 285 5048 3024 200
free 7 -1 3184 200
alloc 42 559 5352 2608 200
free 17 -1 2704 200
free 28 -1 2824 200
alloc 11 190 2176 2616 200
alloc 30 217 4712 2376 200
alloc 21 120 4160 2240 200
free 32 -1 2416 200
alloc 15 496 6104 1904 200
free 34 -1 2152 200
free 25 -1 2576 200
alloc 36 60 680 2464 200
alloc 3 417 2920 2024 200
free 22 -1 2432 200
alloc 29 12 272 2400 200
free 40 -1 2496 200
alloc 7 251 304 2224 200
free 26 -1 2352 200
alloc 17 439 7336 1896 200
alloc 28 397 -1 1896 200
free 27 -1 2240 200
alloc 46 5 48 2216 200
free 21 -1 2352 200
alloc 32 266 2384 2064 200
free 15 -1 2576 200
alloc 2 313 4160 2240 200
alloc 41 384 6104 1840 200
free 36 -1 1952 200
free 3 -1 2392 200
alloc 38 154 576 2216 200
free 13 -1 2320 200
free 24 -1 2624 200
free 7 -1 2896 200
alloc 26 416 2920 2464 200
free 1 -1 2496 200
free 12 -1 2576 200
free 11 -1 2784 200
free 30 -1 3024 200
alloc 37 475 4496 2528 200
alloc 16 28 72 2456 200
alloc 47 48 192 2376 200
free 2 -1 2712 200
free 41 -1 3112 200
alloc 36 322 1928 2768 200
free 35 -1 3352 200
alloc 6 375 5928 2960 200
free 45 -1 3192 200
alloc 24 418 3928 2752 200
alloc 7 537 6320 2192 200
free 10 -1 2576 200
free 17 -1 3032 200
alloc 12 78 304 2936 200
alloc 27 524 1328 2392 200
free 46 -1 2416 200
alloc 21 481 6880 1912 200
free 0 -1 2160 200
free 47 -1 2240 200
alloc 2 551 7384 1672 200
alloc 9 4 16 1616 200
alloc 20 172 2672 1424 200
alloc 35 412 -1 1424 200
free 6 -1 1816 200
free 29 -1 1848 200
alloc 40 462 -1 1848 200
free 7 -1 2408 200
free 26 -1 2840 200
alloc 33 437 2864 2384 200
alloc 44 167 4992 2200 200
alloc 11 394 5928 1784 200
alloc 14 512 6344 1248 200
free 37 -1 1744 200
free 32 -1 2032 200
alloc 31 41 192 1968 200
alloc 18 331 2272 1616 200
free 9 -1 1672 200
free 20 -1 1864 200
alloc 19 162 2624 1680 200
free 38 -1 1856 200
alloc 45 581 4368 1232 200
free 24 -1 1672 200
free 39 -1 2168 200
free 42 -1 2744 200
alloc 17 435 3320 2288 200
alloc 28 201 400 2064 200
free 43 -1 2112 200
free 14 -1 2648 200
free 5 -1 2928 200
alloc 0 476 3776 2432 200
alloc 15 575 5176 1840 200
alloc 34 55 624 1768 200
alloc 41 564 -1 1768 200
free 36 -1 2112 200
alloc 35 338 952 1736 200
alloc 6 188 1872 1528 200
alloc 13 366 6344 1144 200
alloc 8 362 -1 1144 200
alloc 39 236 -1 1144 200
alloc 10 191 7952 904 200
alloc 1 57 696 808 200
free 28 -1 1032 200
alloc 43 154 400 856 200
alloc 30 315 -1 856 200
free 21 -1 1360 200
free 0 -1 1856 200
free 31 -1 1920 200
free 2 -1 2488 200
alloc 25 450 3776 2016 200
alloc 36 6 16 1960 200
free 35 -1 2336 200
alloc 38 109 144 2176 200
free 13 -1 2560 200
alloc 24 590 6344 1952 200
free 23 -1 2112 200
alloc 26 163 792 1928 200
free 17 -1 2384 200
free 12 -1 2480 200
free 43 -1 2656 200
alloc 46 535 6952 2104 200
alloc 5 560 -1 2104 200
alloc 0 114 304 1968 200
alloc 47 487 -1 1968 200
alloc 2 219 976 1728 200
alloc 9 208 3320 1504 200
alloc 4 219 7504 1264 200
alloc 35 432 -1 1264 200
free 38 -1 1424 200
free 45 -1 2048 200
alloc 8 336 4248 1696 200
alloc 7 16 144 1664 200
alloc 42 599 -1 1664 200
free 33 -1 2120 200
alloc 28 558 -1 2120 200
free 11 -1 2536 200
free 46 -1 3088 200
alloc 37 253 2808 2816 200
free 16 -1 2888 200
alloc 31 509 5768 2360 200
free 34 -1 2432 200
free 25 -1 2904 200
free 36 -1 2960 200
alloc 3 537 3544 2400 200
alloc 38 515 6952 1848 200
alloc 29 276 4600 1552 200
free 8 -1 1904 200
alloc 23 200 440 1688 200
free 26 -1 1872 200
alloc 33 388 4104 1464 200
alloc 28 349 -1 1464 200
free 27 -1 2008 200
alloc 46 205 1216 1784 200
alloc 21 251 1440 1512 200
free 0 -1 1648 200
free 31 -1 2176 200
free 2 -1 2416 200
alloc 41 552 5768 1840 200
alloc 20 382 792 1416 200
free 3 -1 1976 200
free 6 -1 2184 200
free 29 -1 2480 200
alloc 40 488 1712 1976 200
alloc 39 72 16 1888 200
alloc 42 133 176 1736 200
free 1 -1 1832 200
alloc 28 372 3544 1440 200
alloc 27 241 4512 1176 200
alloc 30 575 -1 1176 200
alloc 5 145 3080 1008 200
alloc 32 553 -1 1008 200
alloc 31 595 -1 1008 200
free 18 -1 1360 200
alloc 25 382 2216 952 200
alloc 36 42 328 888 200
free 19 -1 1072 200
alloc 6 135 2624 888 200
alloc 29 122 3936 720 200
free 24 -1 1328 200
free 7 -1 1360 200
free 10 -1 1600 200
alloc 17 517 6344 1064 200
free 28 -1 1456 200
free 27 -1 1720 200
alloc 14 129 3544 1568 200
free 37 -1 1840 200
alloc 16 571 -1 1840 200
free 15 -1 2432 200
alloc 18 516 5176 1896 200
free 41 -1 2472 200
free 20 -1 2896 200
alloc 19 335 656 2544 200
alloc 22 451 4512 2064 200
free 29 -1 2232 200
alloc 8 52 104 2160 200
free 23 -1 2376 200
free 42 -1 2528 200
alloc 1 523 5712 1984 200
alloc 12 93 176 1872 200
alloc 11 498 -1 1872 200
alloc 30 197 392 1656 200
free 5 -1 1824 200
alloc 0 293 2808 1512 200
alloc 31 369 3696 1104 200
alloc 34 24 288 1064 200
alloc 41 545 -1 1064 200
alloc 20 595 -1 1064 200
alloc 35 271 7744 776 200
free 22 -1 1256 200
alloc 13 531 -1 1256 200
free 40 -1 1760 200
free 39 -1 1848 200
alloc 42 466 1712 1344 200
free 1 -1 1888 200
free 12 -1 2000 200
alloc 27 58 16 1912 200
free 46 -1 2136 200
alloc 5 394 1008 1704 200
alloc 32 286 4512 1400 200
free 31 -1 1808 200
free 34 -1 1848 200
free 25 -1 2256 200
alloc 20 442 5712 1792 200
free 35 -1 2080 200
free 38 -1 2632 200
alloc 29 291 2216 2320 200
alloc 40 500 6880 1800 200
alloc 39 68 176 1712 200
free 42 -1 2216 200
free 33 -1 2624 200
alloc 12 171 1712 2432 200
free 27 -1 2520 200
free 14 -1 2672 200
free 5 -1 3104 200
alloc 16 336 1008 2752 200
alloc 47 508 3544 2224 200
free 18 -1 2760 200
alloc 41 407 4072 2320 200
free 36 -1 2384 200
alloc 3 571 -1 2384 200
alloc 38 77 264 2256 200
alloc 13 505 5176 1720 200
free 8 -1 1792 200
alloc 23 2 16 1768 200
alloc 26 323 7744 1424 200
free 17 -1 1960 200
alloc 28 127 1904 1816 200
alloc 27 496 6176 1304 200
free 30 -1 1520 200
alloc 5 368 -1 1520 200
free 0 -1 1832 200
free 47 -1 2360 200
alloc 2 75 40 2264 200
free 9 -1 2488 200
alloc 36 325 2808 2144 200
alloc 3 182 392 1944 200
alloc 22 399 3152 1528 200
free 29 -1 1840 200
alloc 8 408 2048 1416 200
free 23 -1 1440 200
alloc 10 365 3568 1056 200
alloc 33 177 -1 1056 200
free 12 -1 1248 200
alloc 43 504 -1 1248 200
alloc 14 428 -1 1248 200
free 21 -1 1520 200
free 32 -1 1824 200
alloc 31 197 1360 1608 200
alloc 34 484 -1 1608 200
alloc 25 176 1576 1416 200
free 20 -1 1880 200
free 3 -1 2080 200
free 6 -1 2264 200
free 13 -1 2800 200
free 8 -1 3224 200
alloc 7 339 2048 2864 200
alloc 42 86 392 2760 200
alloc 1 530 5176 2208 200
alloc 12 64 496 2128 200
free 27 -1 2640 200
alloc 46 125 2408 2496 200
alloc 37 384 4512 2096 200
free 16 -1 2448 200
alloc 15 387 5728 2040 200
alloc 18 182 1008 1840 200
alloc 9 14 136 1800 200
free 4 -1 2040 200
alloc 35 78 1208 1944 200
free 38 -1 2072 200
alloc 45 180 2552 1872 200
alloc 24 219 6136 1632 200
alloc 23 579 -1 1632 200
free 26 -1 1976 200
alloc 33 519 7400 1440 200
free 12 -1 1520 200
alloc 43 422 6376 1080 200
alloc 14 50 264 1008 200
alloc 5 361 -1 1008 200
alloc 0 239 7936 752 200
alloc 47 328 -1 752 200
free 2 -1 848 200
free 25 -1 1040 200
alloc 20 61 16 960 200
free 19 -1 1312 200
alloc 6 471 496 800 200
free 45 -1 1000 200
free 24 -1 1240 200
free 39 -1 1328 200
free 10 -1 1712 200
free 1 -1 2264 200
free 44 -1 2448 200
free 43 -1 2888 200
free 46 -1 3032 200
alloc 21 257 1576 2752 200
alloc 16 259 2408 2472 200
free 15 -1 2880 200
alloc 34 577 4912 2280 200
free 41 -1 2720 200
free 36 -1 3064 200
free 35 -1 3160 200
free 6 -1 3672 200
alloc 29 21 96 3632 200
alloc 24 593 3568 3016 200
alloc 23 433 496 2560 200
alloc 26 326 2688 2216 200
free 33 -1 2752 200
free 28 -1 2896 200
alloc 43 92 1208 2784 200
alloc 30 85 1856 2680 200
free 37 -1 3080 200
free 0 -1 3336 200
free 31 -1 3552 200
alloc 2 206 1320 3296 200
alloc 41 41 176 3208 200
alloc 4 142 4184 3048 200
alloc 35 223 4344 2808 200
alloc 38 215 4584 2576 200
alloc 45 21 336 2520 200
alloc 8 211 5512 2288 200
alloc 39 185 5744 2080 200
free 26 -1 2424 200
alloc 33 496 5952 1912 200
alloc 12 548 7400 1344 200
alloc 11 53 1960 1256 200
free 14 -1 1328 200
free 21 -1 1608 200
free 16 -1 1888 200
alloc 31 356 2408 1512 200
free 18 -1 1712 200
alloc 25 399 6464 1296 200
alloc 36 207 952 1040 200
alloc 3 160 1576 864 200
free 38 -1 1096 200
free 29 -1 1136 200
free 40 -1 1656 200
free 23 -1 2112 200
free 42 -1 2216 200
alloc 17 590 -1 2216 200
alloc 44 533 392 1656 200
free 11 -1 1744 200
free 30 -1 1848 200
alloc 37 103 1752 1728 200
alloc 16 432 6880 1280 200
free 31 -1 1656 200
alloc 18 505 2408 1128 200
free 9 -1 1168 200
free 36 -1 1424 200
free 35 -1 1664 200
alloc 38 213 952 1408 200
alloc 13 577 -1 1408 200
free 8 -1 1640 200
free 39 -1 1848 200
alloc 10 110 1872 1720 200
alloc 1 580 -1 1720 200
free 12 -1 2288 200
alloc 27 32 96 2208 200
alloc 14 317 4344 1872 200
alloc 21 269 5512 1584 200
alloc 0 578 7328 984 200
alloc 31 514 -1 984 200
free 2 -1 1240 200
free 25 -1 1656 200
alloc 36 125 1320 1512 200
free 3 -1 1688 200
free 22 -1 2104 200
alloc 13 524 2936 1560 200
free 24 -1 2176 200
alloc 39 58 1464 2096 200
alloc 26 450 3480 1624 200
alloc 17 140 1544 1464 200
alloc 12 593 -1 1464 200
free 27 -1 1544 200
alloc 46 214 3952 1312 200
alloc 5 571 -1 1312 200
free 16 -1 1760 200
alloc 15 224 6464 1520 200
free 34 -1 2120 200
free 41 -1 2208 200
free 36 -1 2352 200
alloc 3 353 4680 1976 200
alloc 6 249 5056 1704 200
free 45 -1 1760 200
alloc 8 463 6704 1280 200
alloc 23 296 -1 1280 200
free 10 -1 1408 200
free 33 -1 1920 200
alloc 28 69 96 1832 200
free 43 -1 1944 200
alloc 30 456 5800 1472 200
alloc 5 510 -1 1472 200
alloc 32 154 184 1264 200
alloc 31 592 -1 1264 200
alloc 34 99 1208 1144 200
alloc 25 131 1872 968 200
free 4 -1 1128 200
free 3 -1 1504 200
free 38 -1 1760 200
alloc 29 39 952 1704 200
free 8 -1 2184 200
alloc 23 475 6704 1688 200
alloc 42 381 -1 1688 200
alloc 1 389 -1 1688 200
free 28 -1 1776 200
alloc 43 38 96 1688 200
free 46 -1 1920 200
free 37 -1 2040 200
free 0 -1 2640 200
alloc 47 256 3952 2368 200
alloc 2 360 4680 1992 200
alloc 41 515 7200 1456 200
alloc 4 600 -1 1456 200
alloc 35 25 1008 1408 200
free 6 -1 1680 200
free 13 -1 2224 200
alloc 24 210 2936 1992 200
free 39 -1 2072 200
alloc 10 74 1056 1976 200
free 17 -1 2136 200
alloc 12 406 1328 1712 200
alloc 11 471 -1 1712 200
free 14 -1 2048 200
alloc 37 94 1752 1928 200
alloc 16 155 3168 1752 200
free 47 -1 2024 200
free 2 -1 2400 200
free 41 -1 2936 200
free 20 -1 3016 200
alloc 19 575 3952 2424 200
alloc 38 16 16 2392 200
alloc 13 168 4544 2208 200
free 24 -1 2440 200
free 7 -1 2800 200
free 26 -1 3272 200
alloc 17 16 48 3224 200
alloc 28 530 3344 2672 200
free 43 -1 2760 200
free 30 -1 3232 200
free 37 -1 3352 200
alloc 0 261 2048 3072 200
alloc 47 310 4728 2744 200
free 18 -1 3272 200
free 25 -1 3448 200
alloc 36 560 2328 2872 200
alloc 3 37 96 2784 200
alloc 22 586 5800 2176 200
free 13 -1 2360 200
alloc 8 395 5056 1944 200
alloc 39 313 7200 1608 200
free 10 -1 1704 200
free 17 -1 1752 200
free 44 -1 2312 200
alloc 11 413 392 1880 200
alloc 14 255 1752 1584 200
alloc 37 396 7536 1168 200
free 16 -1 1344 200
alloc 31 84 824 1216 200
alloc 18 314 2904 880 200
alloc 25 463 -1 880 200
free 36 -1 1456 200
free 35 -1 1504 200
alloc 6 124 1008 1360 200
alloc 13 38 1152 1304 200
alloc 40 356 2328 928 200
alloc 7 250 -1 928 200
alloc 42 569 -1 928 200
alloc 33 363 -1 928 200
free 28 -1 1480 200
free 11 -1 1912 200
free 14 -1 2208 200
free 37 -1 2624 200
free 0 -1 2904 200
free 31 -1 3032 200
free 18 -1 3368 200
alloc 9 93 392 3256 200
alloc 20 545 1752 2680 200
free 3 -1 2768 200
free 22 -1 3376 200
alloc 45 235 504 3120 200
alloc 24 102 48 2984 200
free 23 -1 3480 200
alloc 10 246 2704 3216 200
alloc 17 409 2968 2784 200
alloc 44 428 3400 2336 200
alloc 43 589 5800 1728 200
alloc 14 197 6704 1512 200
alloc 37 330 7536 1160 200
alloc 0 346 -1 1160 200
free 15 -1 1400 200
free 34 -1 1520 200
free 9 -1 1632 200
alloc 4 83 392 1520 200
alloc 3 238 6408 1264 200
free 6 -1 1408 200
free 29 -1 1464 200
free 8 -1 1880 200
alloc 7 504 -1 1880 200
alloc 42 135 760 1728 200
alloc 1 7 912 1704 200
free 12 -1 2128 200
alloc 27 147 936 1960 200
alloc 30 33 1208 1904 200
free 37 -1 2256 200
alloc 0 193 1264 2040 200
alloc 15 512 7536 1512 200
alloc 34 180 1480 1312 200
alloc 41 581 -1 1312 200
alloc 36 300 5056 992 200
alloc 35 571 -1 992 200
free 38 -1 1024 200
free 45 -1 1280 200
alloc 8 431 -1 1280 200
alloc 23 416 -1 1280 200
alloc 26 65 504 1192 200
free 1 -1 1216 200
free 44 -1 1664 200
alloc 11 345 3400 1296 200
free 14 -1 1512 200
alloc 5 94 592 1400 200
alloc 16 309 6664 1072 200
alloc 31 184 6992 864 200
alloc 2 369 -1 864 200
alloc 25 211 -1 864 200
free 4 -1 976 200
free 3 -1 1232 200
alloc 6 24 392 1192 200
alloc 45 404 -1 1192 200
alloc 8 150 3768 1008 200
alloc 23 347 -1 1008 200
free 26 -1 1096 200
alloc 33 183 6408 896 200
alloc 12 87 432 792 200
free 11 -1 1160 200
alloc 14 226 3400 912 200
alloc 37 43 1680 840 200
free 0 -1 1056 200
free 47 -1 1384 200
free 34 -1 1584 200
alloc 25 246 1264 1320 200
alloc 4 80 1528 1224 200
free 19 -1 1816 200
alloc 22 92 3648 1696 200
free 13 -1 1752 200
free 40 -1 2128 200
alloc 23 278 2328 1832 200
free 10 -1 2096 200
free 33 -1 2296 200
alloc 28 563 3952 1712 200
alloc 11 311 2624 1368 200
free 14 -1 1616 200
free 37 -1 1688 200
alloc 0 270 4536 1400 200
free 15 -1 1928 200
alloc 34 393 7536 1512 200
free 25 -1 1776 200
free 20 -1 2352 200
alloc 19 215 1264 2088 200
free 22 -1 2208 200
alloc 13 104 1624 2088 200
alloc 40 286 1744 1784 200
free 23 -1 2080 200
alloc 10 481 2048 1576 200
alloc 33 221 3400 1336 200
free 12 -1 1440 200
free 43 -1 2048 200
free 30 -1 2104 200
alloc 37 481 5800 1600 200
free 32 -1 1808 200
alloc 47 510 -1 1808 200
alloc 2 582 -1 1808 200
alloc 9 143 184 1648 200
alloc 20 43 432 1584 200
free 19 -1 1848 200
free 6 -1 1888 200
alloc 45 205 1104 1664 200
free 8 -1 1848 200
alloc 23 4 16 1816 200
free 10 -1 2320 200
alloc 1 550 2048 1744 200
alloc 44 86 1328 1640 200
free 11 -1 1984 200
alloc 30 308 2624 1640 200
free 21 -1 1928 200
free 16 -1 2256 200
alloc 47 9 344 2224 200
free 34 -1 2640 200
alloc 41 156 3640 2464 200
free 20 -1 2528 200
alloc 3 432 6304 2080 200
alloc 6 500 7536 1560 200
free 13 -1 1680 200
free 24 -1 1816 200
alloc 7 458 -1 1816 200
alloc 26 316 5376 1480 200
free 33 -1 1720 200
free 28 -1 2304 200
alloc 11 440 3816 1848 200
alloc 14 6 48 1824 200
alloc 21 58 72 1712 200
alloc 32 53 376 1640 200
free 47 -1 1672 200
alloc 18 185 3400 1432 200
free 41 -1 1608 200
alloc 20 257 -1 1608 200
alloc 35 437 -1 1608 200
free 6 -1 2128 200
free 45 -1 2352 200
free 40 -1 2656 200
free 39 -1 2992 200
alloc 10 598 7200 2376 200
free 17 -1 2808 200
free 44 -1 2912 200
alloc 43 93 448 2768 200
free 30 -1 3112 200
free 5 -1 3224 200
alloc 16 95 592 3112 200
free 31 -1 3320 200
free 18 -1 3560 200
alloc 25 597 2624 2944 200
alloc 20 176 1104 2752 200
alloc 35 96 1296 2640 200
alloc 6 146 1624 2472 200
alloc 13 132 1792 2320 200
alloc 24 157 3240 2144 200
free 23 -1 2176 200
free 10 -1 2792 200
alloc 33 361 3416 2392 200
alloc 28 94 1408 2272 200
free 11 -1 2728 200
alloc 46 446 3816 2264 200
free 37 -1 2768 200
free 32 -1 2840 200
alloc 47 154 4280 2664 200
alloc 2 498 5712 2144 200
free 25 -1 2760 200
free 36 -1 3080 200
alloc 19 22 344 3040 200
alloc 22 558 2624 2464 200
alloc 29 452 4824 1992 200
free 24 -1 2168 200
alloc 39 213 6752 1936 200
free 42 -1 2088 200
free 33 -1 2488 200
alloc 12 152 704 2320 200
free 43 -1 2464 200
free 14 -1 2488 200
alloc 37 288 3200 2184 200
alloc 32 186 384 1976 200
alloc 15 299 6984 1656 200
alloc 34 563 7304 1072 200
free 9 -1 1232 200
free 4 -1 1328 200
free 35 -1 1440 200
free 6 -1 1608 200
free 13 -1 1760 200
alloc 24 499 1528 1240 200
free 39 -1 1472 200
alloc 42 237 3504 1216 200
alloc 33 487 -1 1216 200
free 12 -1 1384 200
alloc 43 534 -1 1384 200
alloc 30 23 16 1328 200
free 37 -1 1632 200
free 0 -1 1920 200
free 47 -1 2096 200
free 2 -1 2616 200
alloc 9 161 704 2432 200
alloc 36 522 4280 1888 200
alloc 35 233 3200 1632 200
alloc 38 401 5712 1208 200
free 29 -1 1680 200
alloc 8 101 184 1560 200
alloc 23 14 304 1520 200
alloc 10 394 4824 1104 200
alloc 17 317 -1 1104 200
alloc 44 168 6752 920 200
free 27 -1 1088 200
free 30 -1 1144 200
alloc 37 486 -1 1144 200
free 16 -1 1256 200
alloc 31 126 888 1112 200
alloc 2 495 -1 1112 200
alloc 41 14 16 1056 200
free 36 -1 1600 200
free 19 -1 1640 200
free 38 -1 2064 200
alloc 45 202 4280 1840 200
free 24 -1 2360 200
alloc 7 364 1528 1976 200
free 42 -1 2232 200
free 1 -1 2808 200
free 28 -1 2928 200
alloc 11 362 1912 2544 200
alloc 14 592 -1 2544 200
alloc 5 39 592 2488 200
free 32 -1 2696 200
free 15 -1 3016 200
free 34 -1 3600 200
free 9 -1 3784 200
alloc 36 240 2296 3528 200
free 35 -1 3784 200
alloc 38 383 3200 3384 200
alloc 29 304 4504 3064 200
alloc 40 261 5712 2784 200
free 7 -1 3168 200
free 10 -1 3584 200
alloc 1 174 344 3392 200
alloc 12 188 648 3152 200
alloc 43 415 1296 2720 200
alloc 30 156 1728 2536 200
free 5 -1 2592 200
alloc 16 345 4824 2224 200
alloc 15 183 3600 2008 200
alloc 2 125 5192 1864 200
alloc 25 471 6936 1376 200
free 20 -1 1568 200
free 3 -1 2016 200
alloc 6 28 536 1968 200
alloc 13 158 1032 1792 200
free 8 -1 1912 200
alloc 39 564 5992 1328 200
alloc 42 49 184 1256 200
alloc 17 246 7424 992 200
free 12 -1 1232 200
alloc 27 237 584 976 200
free 30 -1 1160 200
alloc 37 319 7688 824 200
alloc 32 85 1728 720 200
alloc 47 492 -1 720 200
alloc 34 110 6576 592 200
free 25 -1 1080 200
free 36 -1 1336 200
alloc 35 581 -1 1336 200
free 6 -1 1384 200
free 45 -1 1608 200
alloc 8 465 6936 1120 200
free 39 -1 1704 200
alloc 10 574 -1 1704 200
free 17 -1 1968 200
alloc 12 378 5992 1568 200
free 43 -1 2000 200
alloc 14 389 1208 1592 200
free 37 -1 1928 200
alloc 0 322 7424 1584 200
alloc 47 399 7768 1160 200
free 34 -1 1288 200
alloc 25 397 -1 1288 200
alloc 4 155 2296 1112 200
alloc 19 123 2472 960 200
alloc 6 394 -1 960 200
free 13 -1 1136 200
free 8 -1 1624 200
alloc 39 402 6936 1200 200
free 26 -1 1536 200
alloc 17 332 5336 1160 200
free 44 -1 1344 200
free 11 -1 1728 200
free 14 -1 2136 200
alloc 37 501 1032 1616 200
free 0 -1 1960 200
free 15 -1 2176 200
alloc 34 244 1832 1912 200
alloc 25 360 6392 1536 200
alloc 36 428 -1 1536 200
alloc 35 523 -1 1536 200
free 22 -1 2112 200
alloc 13 303 2624 1792 200
free 40 -1 2072 200
alloc 7 403 -1 2072 200
free 42 -1 2144 200
free 1 -1 2336 200
free 12 -1 2736 200
alloc 11 481 5712 2232 200
alloc 30 336 7360 1880 200
alloc 5 190 344 1640 200
alloc 0 512 -1 1640 200
free 31 -1 1784 200
free 34 -1 2048 200
alloc 9 310 1832 1720 200
free 4 -1 1896 200
alloc 3 396 -1 1896 200
free 38 -1 2296 200
free 13 -1 2616 200
alloc 24 395 2624 2200 200
alloc 7 478 3040 1704 200
alloc 42 501 -1 1704 200
alloc 33 199 2160 1488 200
alloc 44 17 184 1448 200
alloc 43 494 -1 1448 200
free 30 -1 1800 200
free 37 -1 2320 200
free 32 -1 2424 200
free 47 -1 2848 200
free 2 -1 2992 200
free 9 -1 3320 200
alloc 4 120 840 3184 200
alloc 35 473 976 2688 200
alloc 6 79 1472 2592 200
alloc 45 7 224 2568 200
alloc 40 79 1568 2472 200
free 23 -1 2512 200
alloc 26 71 248 2416 200
alloc 1 448 1664 1920 200
alloc 28 235 3536 1640 200
free 11 -1 2144 200
free 46 -1 2608 200
free 21 -1 2720 200
alloc 0 254 3816 2448 200
alloc 15 177 4088 2248 200
alloc 18 212 5712 2016 200
alloc 9 516 7360 1480 200
alloc 36 113 4288 1344 200
free 19 -1 1496 200
alloc 22 83 72 1384 200
free 29 -1 1704 200
alloc 8 484 -1 1704 200
free 39 -1 2128 200
free 26 -1 2224 200
free 33 -1 2440 200
free 28 -1 2720 200
free 27 -1 2976 200
alloc 46 458 6768 2496 200
alloc 21 84 584 2392 200
alloc 32 543 -1 2392 200
alloc 47 294 2160 2080 200
alloc 2 358 4424 1680 200
free 9 -1 2216 200
free 36 -1 2352 200
alloc 3 173 3536 2160 200
free 22 -1 2272 200
alloc 29 96 72 2160 200
free 24 -1 2576 200
alloc 23 76 248 2480 200
alloc 10 304 2472 2160 200
alloc 33 528 7248 1616 200
alloc 28 129 688 1464 200
alloc 11 453 -1 1464 200
alloc 14 119 2792 1328 200
alloc 37 500 -1 1328 200
alloc 32 30 2928 1280 200
free 47 -1 1592 200
free 18 -1 1824 200
free 41 -1 1880 200
free 4 -1 2016 200
free 3 -1 2208 200
alloc 22 49 840 2136 200
free 29 -1 2248 200
alloc 24 423 5712 1808 200
alloc 39 212 2160 1576 200
alloc 42 249 3536 1296 200
free 33 -1 1840 200
alloc 12 27 16 1792 200
alloc 43 530 7248 1240 200
free 14 -1 1376 200
free 21 -1 1480 200
free 16 -1 1848 200
alloc 47 516 -1 1848 200
alloc 18 409 4824 1416 200
alloc 9 309 7800 1088 200
alloc 4 308 -1 1088 200
free 35 -1 1584 200
alloc 38 253 912 1312 200
free 45 -1 1336 200
free 24 -1 1776 200
free 7 -1 2272 200
free 10 -1 2592 200
alloc 33 278 2392 2296 200
free 28 -1 2448 200
alloc 27 560 5712 1872 200
alloc 14 397 2976 1456 200
alloc 21 597 -1 1456 200
free 0 -1 1728 200
free 15 -1 1928 200
alloc 34 21 64 1888 200
free 25 -1 2264 200
alloc 36 597 -1 2264 200
alloc 19 323 3816 1920 200
free 6 -1 2016 200
alloc 29 25 104 1936 200
alloc 24 149 584 1768 200
free 39 -1 2000 200
alloc 26 506 -1 2000 200
free 33 -1 2296 200
free 44 -1 2336 200
free 43 -1 2888 200
free 14 -1 3304 200
alloc 21 160 1184 3128 200
alloc 16 126 1360 2984 200
alloc 31 221 2160 2744 200
free 2 -1 3144 200
free 9 -1 3472 200
alloc 20 551 4160 2904 200
alloc 35 179 2400 2704 200
free 38 -1 2976 200
free 29 -1 3056 200
free 40 -1 3152 200
free 23 -1 3248 200
alloc 10 404 2976 2824 200
free 1 -1 3320 200
alloc 28 109 104 3192 200
free 27 -1 3768 200
alloc 14 419 1504 3328 200
alloc 37 464 5712 2848 200
free 32 -1 2896 200
free 31 -1 3136 200
alloc 2 249 912 2864 200
alloc 9 398 1944 2448 200
free 20 -1 3016 200
alloc 3 148 2600 2848 200
free 22 -1 2920 200
alloc 45 76 232 2808 200
free 24 -1 2976 200
alloc 7 110 584 2848 200
free 10 -1 3272 200
free 17 -1 3648 200
alloc 44 1 712 3624 200
alloc 43 334 2768 3272 200
free 46 -1 3752 200
free 37 -1 4232 200
alloc 0 271 3120 3944 200
alloc 31 299 4160 3624 200
free 2 -1 3896 200
alloc 25 310 736 3568 200
alloc 36 522 5256 3024 200
free 19 -1 3368 200
alloc 22 108 3408 3240 200
free 45 -1 3352 200
alloc 24 418 5800 2912 200
alloc 39 475 6240 2416 200
free 42 -1 2696 200
alloc 1 512 3536 2168 200
free 12 -1 2216 200
alloc 27 164 4480 2032 200
free 14 -1 2472 200
free 21 -1 2648 200
alloc 32 144 1064 2488 200
alloc 47 203 1504 2264 200
free 34 -1 2304 200
free 25 -1 2632 200
alloc 4 423 6736 2192 200
alloc 19 351 7176 1824 200
alloc 6 118 736 1688 200
alloc 29 413 7544 1256 200
alloc 8 548 -1 1256 200
free 7 -1 1384 200
alloc 26 214 -1 1384 200
free 1 -1 1912 200
free 28 -1 2040 200
free 27 -1 2224 200
alloc 14 368 3536 1840 200
alloc 21 212 16 1608 200
free 32 -1 1768 200
alloc 15 580 -1 1768 200
alloc 2 246 872 1504 200
alloc 41 129 1136 1352 200
free 36 -1 1896 200
free 35 -1 2096 200
alloc 38 79 248 2000 200
alloc 45 541 -1 2000 200
alloc 8 387 5256 1592 200
free 39 -1 2088 200
alloc 42 258 4480 1808 200
alloc 33 40 584 1752 200
alloc 28 553 -1 1752 200
alloc 27 586 -1 1752 200
free 14 -1 2136 200
free 21 -1 2368 200
alloc 32 550 3536 1800 200
alloc 15 391 6240 1392 200
alloc 34 103 16 1272 200
free 41 -1 1424 200
free 4 -1 1864 200
alloc 35 466 6648 1376 200
free 6 -1 1512 200
alloc 45 584 -1 1512 200
free 8 -1 1920 200
alloc 7 218 2360 1680 200
alloc 26 196 1136 1456 200
free 33 -1 1512 200
alloc 12 467 5256 1024 200
free 43 -1 1376 200
alloc 30 539 -1 1376 200
alloc 37 71 136 1264 200
free 32 -1 1832 200
free 31 -1 2152 200
free 34 -1 2272 200
alloc 25 514 3536 1736 200
alloc 4 260 2768 1456 200
free 35 -1 1944 200
alloc 6 99 16 1824 200
alloc 45 499 6648 1296 200
free 24 -1 1736 200
alloc 39 111 584 1608 200
free 26 -1 1832 200
alloc 33 558 -1 1832 200
alloc 28 87 736 1696 200
alloc 43 373 4072 1288 200
alloc 30 58 1136 1208 200
alloc 21 165 1728 992 200
free 0 -1 1280 200
free 15 -1 1688 200
alloc 34 309 3048 1328 200
alloc 41 82 1216 1224 200
alloc 20 168 5744 1040 200
free 19 -1 1408 200
free 22 -1 1536 200
free 45 -1 2064 200
alloc 24 77 3408 1936 200
free 39 -1 2064 200
alloc 10 21 584 2024 200
alloc 17 116 5928 1888 200
free 44 -1 1912 200
alloc 11 150 6064 1744 200
alloc 46 390 6232 1336 200
free 37 -1 1448 200
alloc 32 563 6640 864 200
alloc 15 32 136 816 200
free 2 -1 1080 200
free 41 -1 1184 200
free 20 -1 1368 200
alloc 19 94 624 1256 200
free 6 -1 1376 200
free 29 -1 1808 200
free 24 -1 1936 200
alloc 23 104 16 1816 200
free 10 -1 1856 200
free 17 -1 1992 200
free 28 -1 2128 200
alloc 27 350 736 1728 200
free 46 -1 2136 200
alloc 37 464 7224 1656 200
alloc 0 176 5744 1464 200
alloc 31 456 7704 976 200
alloc 2 457 -1 976 200
alloc 41 472 -1 976 200
free 4 -1 1256 200
free 19 -1 1368 200
alloc 22 61 584 1288 200
alloc 29 263 2768 1008 200
alloc 24 211 6232 776 200
free 7 -1 1016 200
alloc 26 272 -1 1016 200
alloc 1 245 -1 1016 200
alloc 28 340 -1 1016 200
free 43 -1 1424 200
alloc 46 540 -1 1424 200
free 21 -1 1640 200
free 16 -1 1784 200
free 31 -1 2272 200
alloc 2 296 4072 1960 200
alloc 41 499 -1 1960 200
alloc 36 522 -1 1960 200
free 3 -1 2128 200
alloc 6 159 1216 1952 200
free 29 -1 2232 200
alloc 40 591 2360 1624 200
alloc 7 345 7704 1256 200
alloc 10 18 184 1192 200
alloc 33 250 -1 1192 200
free 12 -1 1680 200
free 27 -1 2080 200
free 30 -1 2160 200
free 5 -1 2400 200
free 0 -1 2592 200
free 15 -1 2640 200
free 34 -1 3000 200
free 25 -1 3536 200
alloc 20 92 344 3424 200
alloc 19 111 456 3296 200
free 38 -1 3392 200
alloc 13 416 664 2960 200
free 40 -1 3568 200
free 23 -1 3688 200
free 10 -1 3752 200
alloc 1 467 2360 3264 200
alloc 28 546 2848 2696 200
alloc 27 55 16 2624 200
alloc 30 397 3416 2208 200
free 37 -1 2688 200
free 32 -1 3272 200
free 47 -1 3496 200
alloc 34 488 1392 2992 200
alloc 25 36 88 2936 200
free 20 -1 3048 200
alloc 35 271 144 2736 200
alloc 38 559 5256 2160 200
alloc 29 456 6464 1688 200
alloc 8 387 6936 1280 200
free 7 -1 1648 200
alloc 10 544 7344 1088 200
alloc 33 480 -1 1088 200
alloc 44 302 -1 1088 200
alloc 43 55 1096 1016 200
alloc 46 265 7904 728 200
alloc 21 367 -1 728 200
alloc 0 116 3832 592 200
alloc 31 412 -1 592 200
free 2 -1 904 200
free 9 -1 1320 200
alloc 20 586 -1 1320 200
free 35 -1 1632 200
free 38 -1 2208 200
alloc 45 8 144 2184 200
alloc 40 228 168 1936 200
alloc 39 108 1896 1808 200
free 10 -1 2368 200
alloc 17 422 3968 1928 200
free 28 -1 2496 200
free 43 -1 2568 200
alloc 14 214 2024 2336 200
alloc 21 410 2848 1904 200
free 0 -1 2040 200
alloc 15 434 5256 1584 200
free 34 -1 2088 200
alloc 9 125 1392 1944 200
alloc 36 334 1536 1584 200
free 19 -1 1712 200
free 6 -1 1888 200
free 13 -1 2320 200
free 8 -1 2728 200
alloc 7 301 664 2408 200
free 42 -1 2688 200
free 17 -1 3128 200
alloc 28 223 984 2888 200
free 27 -1 2960 200
free 14 -1 3192 200
alloc 5 112 416 3064 200
alloc 0 170 2024 2872 200
alloc 47 383 3832 2472 200
free 18 -1 2904 200
alloc 41 522 4232 2360 200
alloc 4 531 6936 1808 200
alloc 35 144 1224 1640 200
alloc 6 250 4776 1368 200
free 45 -1 1392 200
alloc 8 536 -1 1392 200
free 7 -1 1712 200
alloc 10 565 -1 1712 200
alloc 17 356 7488 1336 200
alloc 12 345 -1 1336 200
alloc 27 587 -1 1336 200
alloc 14 348 -1 1336 200
free 21 -1 1768 200
alloc 32 195 664 1552 200
free 47 -1 1952 200
alloc 34 132 2848 1800 200
free 41 -1 2344 200
free 4 -1 2896 200
alloc 3 401 3832 2472 200
free 22 -1 2552 200
alloc 45 217 3000 2312 200
alloc 8 503 4256 1792 200
alloc 23 560 -1 1792 200
alloc 26 169 5048 1584 200
free 1 -1 2072 200
alloc 12 512 2216 1544 200
alloc 43 27 16 1472 200
alloc 14 99 544 1352 200
alloc 21 371 6936 960 200
free 0 -1 1152 200
alloc 31 168 2024 960 200
free 34 -1 1112 200
alloc 41 96 2744 1000 200
alloc 4 153 3240 824 200
alloc 19 265 5712 536 200
alloc 22 517 -1 536 200
free 29 -1 1008 200
free 40 -1 1256 200
alloc 23 267 6464 968 200
free 26 -1 1176 200
alloc 33 175 144 984 200
free 28 -1 1224 200
free 11 -1 1392 200
free 46 -1 1680 200
alloc 37 163 880 1496 200
alloc 16 332 -1 1496 200
free 15 -1 1952 200
alloc 2 176 5048 1760 200
free 41 -1 1872 200
alloc 20 341 5240 1512 200
free 3 -1 1936 200
alloc 38 385 3832 1512 200
alloc 13 45 336 1432 200
free 24 -1 1664 200
free 23 -1 1952 200
alloc 10 162 2744 1768 200
alloc 1 120 1064 1608 200
alloc 28 259 6000 1328 200
free 43 -1 1400 200
alloc 46 547 6280 832 200
free 21 -1 1224 200
free 32 -1 1440 200
alloc 47 387 6848 1032 200
alloc 18 108 664 904 200
alloc 41 462 -1 904 200
free 36 -1 1264 200
free 19 -1 1552 200
alloc 22 507 -1 1552 200
free 45 -1 1792 200
free 8 -1 2312 200
free 39 -1 2440 200
alloc 26 286 1536 2136 200
free 33 -1 2328 200
alloc 44 343 4256 1968 200
alloc 43 516 -1 1968 200
free 14 -1 2088 200
free 37 -1 2272 200
alloc 32 159 144 2080 200
alloc 15 404 -1 2080 200
free 18 -1 2208 200
free 9 -1 2352 200
free 20 -1 2712 200
alloc 3 413 544 2280 200
free 38 -1 2704 200
free 13 -1 2784 200
alloc 8 283 2928 2472 200
alloc 23 92 1392 2328 200
free 10 -1 2512 200
free 17 -1 2888 200
free 12 -1 3416 200
alloc 11 501 2216 2896 200
free 46 -1 3464 200
alloc 21 263 3832 3184 200
alloc 16 537 5240 2624 200
free 31 -1 2816 200
alloc 18 490 6280 2304 200
alloc 41 148 1840 2136 200
free 4 -1 2312 200
free 35 -1 2480 200
free 6 -1 2752 200
alloc 29 395 4616 2320 200
alloc 40 252 7256 2048 200
alloc 39 100 1224 1928 200
free 26 -1 2232 200
alloc 33 67 976 2144 200
free 44 -1 2504 200
alloc 27 157 1536 2328 200
alloc 14 422 4112 1888 200
free 21 -1 2168 200
free 16 -1 2728 200
alloc 15 314 5240 2392 200
free 18 -1 2904 200
alloc 9 261 3832 2624 200
alloc 4 524 6280 2056 200
alloc 19 536 7528 1504 200
alloc 38 469 -1 1504 200
alloc 13 273 5576 1208 200
free 40 -1 1480 200
alloc 7 389 -1 1480 200
alloc 42 352 -1 1480 200
alloc 17 497 -1 1480 200
alloc 12 498 -1 1480 200
alloc 43 389 -1 1480 200
free 14 -1 1920 200
free 5 -1 2048 200
free 32 -1 2240 200
free 47 -1 2648 200
alloc 18 448 4112 2184 200
free 25 -1 2240 200
alloc 20 464 16 1760 200
alloc 35 288 6848 1456 200
alloc 38 156 2008 1248 200
alloc 45 182 7152 1048 200
alloc 40 42 1712 984 200
alloc 7 280 -1 984 200
alloc 26 218 -1 984 200
free 33 -1 1072 200
alloc 44 435 -1 1072 200
free 11 -1 1592 200
free 30 -1 2008 200
alloc 21 544 2216 1448 200
alloc 16 590 -1 1448 200
alloc 47 162 3240 1264 200
free 18 -1 1728 200
free 41 -1 1896 200
alloc 36 492 -1 1896 200
free 3 -1 2328 200
alloc 6 321 496 1984 200
free 29 -1 2416 200
free 40 -1 2480 200
alloc 7 411 4112 2048 200
alloc 10 220 1712 1808 200
alloc 17 599 -1 1808 200
free 28 -1 2088 200
free 27 -1 2264 200
alloc 46 477 4544 1760 200
free 21 -1 2320 200
alloc 32 242 2216 2056 200
alloc 31 56 840 1984 200
alloc 18 326 2480 1640 200
free 9 -1 1920 200
free 20 -1 2400 200
alloc 3 68 16 2312 200
free 6 -1 2656 200
free 45 -1 2856 200
free 8 -1 3168 200
free 39 -1 3288 200
alloc 26 568 104 2704 200
free 1 -1 2864 200
alloc 44 81 688 2760 200
alloc 27 393 912 2344 200
alloc 30 47 1328 2280 200
alloc 5 129 1536 2104 200
alloc 0 159 2824 1928 200
free 31 -1 2000 200
alloc 34 98 792 1880 200
alloc 9 81 3000 1776 200
free 4 -1 2344 200
free 35 -1 2648 200
alloc 22 572 3424 2056 200
alloc 29 578 5872 1456 200
alloc 24 370 6472 1064 200
alloc 39 163 6864 880 200
free 10 -1 1120 200
alloc 33 90 1712 1008 200
free 44 -1 1112 200
alloc 43 241 7048 848 200
free 30 -1 912 200
free 5 -1 1088 200
free 32 -1 1352 200
free 47 -1 1536 200
free 18 -1 1880 200
alloc 25 441 2216 1416 200
alloc 36 81 688 1312 200
free 19 -1 1864 200
alloc 6 430 7312 1416 200
free 13 -1 1712 200
free 24 -1 2104 200
free 7 -1 2536 200
alloc 42 363 4016 2152 200
alloc 1 51 1536 2080 200
alloc 28 106 1824 1952 200
free 43 -1 2216 200
alloc 14 464 -1 2216 200
alloc 21 276 3104 1896 200
alloc 32 119 2680 1752 200
alloc 31 273 5576 1456 200
free 34 -1 1576 200
alloc 41 153 6472 1400 200
alloc 4 310 7760 1072 200
free 3 -1 1160 200
free 22 -1 1752 200
free 29 -1 2352 200
alloc 40 149 3424 2184 200
free 23 -1 2328 200
free 26 -1 2912 200
free 1 -1 2984 200
alloc 12 348 16 2616 200
free 27 -1 3032 200
free 46 -1 3536 200
alloc 37 108 384 3408 200
free 32 -1 3552 200
free 31 -1 3848 200
alloc 34 183 792 3648 200
free 41 -1 3824 200
free 36 -1 3928 200
alloc 19 549 992 3360 200
free 6 -1 3808 200
alloc 29 547 4400 3240 200
alloc 24 95 512 3128 200
alloc 23 551 5576 2560 200
free 42 -1 2944 200
alloc 17 566 3592 2360 200
free 28 -1 2488 200
alloc 11 120 624 2320 200
alloc 30 411 6144 1888 200
free 37 -1 2016 200
free 0 -1 2192 200
alloc 47 532 7048 1640 200
free 34 -1 1840 200
alloc 41 471 -1 1840 200
alloc 36 78 384 1712 200
alloc 35 533 -1 1712 200
alloc 22 448 -1 1712 200
free 29 -1 2280 200
free 40 -1 2448 200
free 39 -1 2632 200
alloc 10 438 4176 2176 200
free 17 -1 2760 200
free 12 -1 3128 200
alloc 43 157 16 2952 200
alloc 14 269 2680 2632 200
alloc 37 410 3424 2200 200
alloc 32 580 -1 2200 200
alloc 31 106 192 2072 200
free 2 -1 2264 200
alloc 41 242 3856 2000 200
free 4 -1 2328 200
free 19 -1 2896 200
alloc 6 466 792 2408 200
alloc 13 4 320 2384 200
alloc 8 344 1280 2024 200
free 23 -1 2592 200
free 10 -1 3048 200
free 33 -1 3160 200
alloc 12 577 4120 2560 200
free 43 -1 2736 200
alloc 46 470 4720 2216 200
free 21 -1 2536 200
alloc 0 201 1640 2312 200
free 31 -1 2440 200
alloc 2 514 5576 1872 200
free 9 -1 1976 200
alloc 4 354 3000 1600 200
alloc 35 491 7600 1088 200
alloc 22 238 16 832 200
free 13 -1 856 200
free 24 -1 968 200
alloc 7 115 1864 824 200
alloc 42 422 6576 352 200
alloc 1 594 -1 352 200
alloc 44 42 272 288 200
alloc 43 467 -1 288 200
free 46 -1 808 200
alloc 5 286 4720 504 200
alloc 32 506 -1 504 200
free 15 -1 840 200
alloc 34 219 5024 600 200
alloc 9 46 512 536 200
free 36 -1 664 200
alloc 19 401 -1 664 200
free 38 -1 872 200
alloc 45 372 -1 872 200
free 8 -1 1232 200
alloc 39 600 -1 1232 200
free 42 -1 1704 200
alloc 17 90 336 1592 200
free 44 -1 1656 200
alloc 43 182 1280 1456 200
free 30 -1 1888 200
free 37 -1 2320 200
free 0 -1 2544 200
alloc 15 310 1480 2216 200
free 34 -1 2456 200
free 9 -1 2520 200
free 4 -1 2896 200
alloc 3 287 3000 2592 200
free 22 -1 2848 200
alloc 29 138 16 2688 200
alloc 8 125 176 2528 200
alloc 39 571 6144 1936 200
alloc 26 63 448 1856 200
alloc 1 504 3304 1304 200
alloc 28 555 -1 1304 200
alloc 27 532 5024 752 200
free 14 -1 1072 200
free 5 -1 1376 200
alloc 0 390 -1 1376 200
free 15 -1 1704 200
free 2 -1 2272 200
free 25 -1 2736 200
alloc 36 129 1480 2584 200
free 3 -1 2888 200
free 6 -1 3376 200
alloc 13 584 2008 2776 200
alloc 40 126 792 2632 200
alloc 23 489 2608 2120 200
free 26 -1 2200 200
free 1 -1 2752 200
free 12 -1 3352 200
free 11 -1 3520 200
alloc 30 197 448 3304 200
alloc 37 289 936 2960 200
alloc 32 79 664 2832 200
free 47 -1 3384 200
alloc 18 331 3120 3032 200
alloc 25 204 1632 2800 200
alloc 20 523 4120 2256 200
alloc 3 373 5576 1864 200
alloc 6 189 3472 1656 200
free 13 -1 2256 200
free 8 -1 2416 200
free 23 -1 2928 200
alloc 10 40 176 2872 200
alloc 33 272 2008 2584 200
alloc 28 129 2296 2432 200
free 43 -1 2632 200
alloc 14 87 232 2528 200
free 37 -1 2872 200
alloc 0 532 2448 2320 200
alloc 47 497 936 1776 200
free 18 -1 2128 200
free 25 -1 2360 200
alloc 4 493 6736 1848 200
alloc 19 445 3000 1376 200
free 6 -1 1584 200
alloc 45 352 3472 1200 200
alloc 8 74 1632 1104 200
alloc 23 247 4664 840 200
free 10 -1 896 200
alloc 1 217 7248 656 200
alloc 44 29 176 600 200
alloc 43 506 -1 600 200
free 30 -1 816 200
alloc 21 106 448 688 200
free 32 -1 816 200
free 47 -1 1360 200
alloc 18 313 936 1024 200
free 41 -1 1288 200
free 36 -1 1440 200
free 3 -1 1832 200
alloc 38 133 576 1680 200
free 29 -1 1840 200
free 40 -1 1984 200
free 7 -1 2128 200
alloc 26 371 5576 1736 200
free 17 -1 1848 200
free 44 -1 1904 200
alloc 11 267 1272 1616 200
alloc 46 279 -1 1616 200
alloc 5 296 -1 1616 200
free 0 -1 2168 200
alloc 47 519 2448 1616 200
alloc 34 309 -1 1616 200
alloc 41 562 -1 1616 200
free 4 -1 2128 200
free 19 -1 2600 200
alloc 6 490 6736 2088 200
alloc 13 204 1728 1864 200
alloc 24 557 -1 1864 200
alloc 7 584 -1 1864 200
alloc 42 87 16 1760 200
alloc 17 396 3000 1344 200
free 28 -1 1496 200
alloc 43 184 728 1288 200
alloc 46 446 -1 1288 200
alloc 37 469 -1 1288 200
alloc 16 366 -1 1288 200
alloc 15 128 2296 1136 200
alloc 34 340 -1 1136 200
alloc 41 77 120 1024 200
alloc 4 282 -1 1024 200
free 35 -1 1536 200
alloc 22 462 7488 1056 200
free 45 -1 1440 200
alloc 24 172 3416 1248 200
free 39 -1 1840 200
free 42 -1 1944 200
free 1 -1 2184 200
alloc 44 498 5968 1664 200
free 43 -1 1872 200
alloc 46 453 3608 1400 200
free 21 -1 1528 200
alloc 32 338 -1 1528 200
alloc 31 448 -1 1528 200
free 18 -1 1864 200
alloc 9 326 728 1520 200
alloc 36 507 -1 1520 200
alloc 19 97 336 1400 200
free 38 -1 1552 200
alloc 45 476 -1 1552 200
free 8 -1 1648 200
alloc 39 560 -1 1648 200
free 26 -1 2040 200
alloc 1 501 -1 2040 200
alloc 12 183 456 1840 200
free 27 -1 2392 200
free 14 -1 2496 200
alloc 5 169 1072 2296 200
alloc 0 71 16 2192 200
free 47 -1 2744 200
alloc 18 165 2448 2560 200
free 41 -1 2672 200
free 20 -1 3216 200
alloc 35 353 4080 2840 200
alloc 38 217 2632 2600 200
alloc 29 170 120 2384 200
free 24 -1 2576 200
alloc 39 379 4928 2176 200
alloc 26 295 5328 1864 200
alloc 1 16 656 1832 200
alloc 28 315 -1 1832 200
alloc 43 369 -1 1832 200
free 46 -1 2304 200
alloc 21 145 1560 2136 200
alloc 32 88 2872 2008 200
alloc 47 435 3416 1552 200
alloc 2 151 3872 1384 200
alloc 25 1 688 1344 200
alloc 20 308 5640 1016 200
free 19 -1 1136 200
free 22 -1 1616 200
free 13 -1 1840 200
alloc 8 340 7248 1480 200
free 23 -1 1744 200
alloc 42 115 1728 1608 200
free 1 -1 1640 200
free 44 -1 2160 200
alloc 43 548 5968 1592 200
alloc 46 42 336 1528 200
free 5 -1 1728 200
free 32 -1 1856 200
free 47 -1 2312 200
free 18 -1 2496 200
free 25 -1 2536 200
alloc 36 256 3416 2264 200
alloc 3 229 4456 2016 200
alloc 22 474 7608 1520 200
alloc 45 5 400 1464 200
alloc 24 552 -1 1464 200
alloc 7 95 1072 1352 200
alloc 10 448 -1 1352 200
alloc 1 214 -1 1352 200
alloc 44 6 656 1328 200
free 11 -1 1616 200
alloc 14 559 -1 1616 200
alloc 5 258 1184 1336 200
alloc 16 241 -1 1336 200
alloc 31 340 -1 1336 200
alloc 18 178 4704 1112 200
free 9 -1 1456 200
free 20 -1 1784 200
free 35 -1 2160 200
free 6 -1 2672 200
free 29 -1 2888 200
alloc 40 20 120 2848 200
free 7 -1 2960 200
free 26 -1 3272 200
free 33 -1 3560 200
free 12 -1 3760 200
alloc 27 429 680 3312 200
free 46 -1 3376 200
free 21 -1 3544 200
free 0 -1 3648 200
alloc 47 132 160 3496 200
free 2 -1 3664 200
alloc 25 426 3688 3216 200
free 36 -1 3488 200
free 3 -1 3736 200
free 38 -1 3976 200
alloc 13 153 456 3776 200
free 40 -1 3816 200
alloc 23 106 16 3672 200
alloc 10 390 1864 3240 200
free 17 -1 3656 200
alloc 28 471 2448 3168 200
free 27 -1 3616 200
alloc 46 511 2936 3088 200
alloc 21 341 680 2728 200
alloc 32 580 5328 2128 200
alloc 31 530 4136 1560 200
free 18 -1 1784 200
alloc 41 226 1464 1520 200
alloc 4 555 6536 944 200
alloc 35 448 -1 944 200
alloc 38 140 3464 784 200
alloc 29 185 4704 560 200
alloc 40 514 -1 560 200
alloc 7 376 -1 560 200
alloc 26 178 -1 560 200
alloc 1 503 -1 560 200
free 28 -1 1048 200
alloc 11 422 2448 608 200
alloc 30 401 -1 608 200
free 21 -1 968 200
free 32 -1 1568 200
free 31 -1 2136 200
alloc 2 250 680 1864 200
free 41 -1 2128 200
alloc 36 268 4136 1840 200
alloc 19 486 5328 1336 200
free 22 -1 1832 200
free 13 -1 2032 200
free 8 -1 2392 200
alloc 7 283 7112 2088 200
free 10 -1 2520 200
alloc 33 268 1864 2232 200
alloc 12 472 7416 1744 200
free 11 -1 2184 200
free 46 -1 2712 200
free 5 -1 2992 200
alloc 0 120 456 2856 200
alloc 31 568 952 2272 200
alloc 18 358 2448 1896 200
alloc 41 408 2824 1472 200
alloc 20 590 -1 1472 200
alloc 3 132 1536 1320 200
free 38 -1 1480 200
alloc 13 538 -1 1480 200
alloc 24 75 2152 1384 200
free 23 -1 1528 200
free 42 -1 1664 200
alloc 1 269 3248 1376 200
free 44 -1 1400 200
alloc 27 441 -1 1400 200
alloc 46 180 4424 1200 200
alloc 5 377 -1 1200 200
free 0 -1 1336 200
free 15 -1 1488 200
alloc 34 426 -1 1488 200
alloc 9 177 456 1264 200
free 36 -1 1552 200
alloc 35 65 16 1464 200
alloc 38 329 -1 1464 200
alloc 13 205 4136 1240 200
free 24 -1 1336 200
free 7 -1 1640 200
alloc 42 316 -1 1640 200
alloc 17 397 -1 1640 200
alloc 28 235 2152 1384 200
free 43 -1 1952 200
alloc 30 574 5832 1360 200
alloc 37 574 -1 1360 200
alloc 16 243 7112 1096 200
free 47 -1 1248 200
free 2 -1 1520 200
free 25 -1 1968 200
free 4 -1 2544 200
free 35 -1 2632 200
alloc 6 198 16 2416 200
free 29 -1 2640 200
alloc 24 513 3536 2104 200
alloc 23 41 232 2040 200
alloc 26 150 680 1872 200
free 1 -1 2160 200
free 28 -1 2416 200
alloc 11 490 6424 1904 200
free 46 -1 2104 200
alloc 21 404 4360 1680 200
free 16 -1 1944 200
alloc 15 116 1688 1808 200
alloc 34 432 6936 1328 200
free 41 -1 1752 200
alloc 36 216 2152 1520 200
alloc 35 159 2824 1344 200
alloc 22 570 -1 1344 200
alloc 29 320 3000 1008 200
alloc 40 37 296 952 200
free 23 -1 1016 200
alloc 10 344 -1 1016 200
alloc 17 363 -1 1016 200
free 12 -1 1504 200
alloc 43 327 7416 1160 200
alloc 46 209 7760 928 200
free 21 -1 1352 200
alloc 32 390 4360 944 200
alloc 47 121 3336 800 200
free 18 -1 1176 200
free 9 -1 1400 200
free 36 -1 1632 200
free 35 -1 1808 200
free 6 -1 2024 200
free 29 -1 2360 200
alloc 8 482 2152 1856 200
alloc 7 234 16 1576 200
free 26 -1 1744 200
alloc 17 342 456 1384 200
alloc 28 392 2656 976 200
free 11 -1 1488 200
free 30 -1 2080 200
alloc 21 114 816 1944 200
alloc 0 419 5832 1504 200
free 47 -1 1648 200
alloc 2 340 3064 1288 200
alloc 9 125 4768 1128 200
alloc 20 457 6272 648 200
alloc 35 77 3424 536 200
alloc 22 160 6752 352 200
free 45 -1 408 200
free 40 -1 464 200
alloc 23 194 -1 464 200
alloc 42 16 296 432 200
free 17 -1 792 200
alloc 12 130 328 640 200
free 43 -1 984 200
alloc 14 85 480 880 200
free 21 -1 1016 200
alloc 16 431 -1 1016 200
alloc 47 303 584 696 200
free 34 -1 1176 200
alloc 41 482 6936 672 200
alloc 36 181 7440 472 200
free 35 -1 584 200
alloc 6 274 -1 584 200
alloc 29 65 3424 472 200
free 24 -1 1008 200
free 7 -1 1288 200
alloc 10 213 16 1056 200
alloc 17 388 3536 648 200
alloc 44 531 -1 648 200
alloc 27 59 3944 568 200
free 14 -1 672 200
alloc 37 109 7992 544 200
free 32 -1 952 200
free 15 -1 1088 200
alloc 34 172 4360 896 200
free 41 -1 1400 200
free 20 -1 1880 200
free 3 -1 2032 200
alloc 6 393 6272 1616 200
free 29 -1 1728 200
alloc 40 425 6936 1280 200
alloc 7 235 1536 1024 200
free 42 -1 1056 200
free 17 -1 1464 200
free 28 -1 1872 200
alloc 11 497 3424 1352 200
alloc 30 192 2656 1144 200
alloc 5 326 -1 1144 200
free 0 -1 1584 200
alloc 15 467 -1 1584 200
alloc 18 350 5832 1216 200
free 9 -1 1376 200
alloc 20 262 4552 1096 200
alloc 35 166 2864 896 200
free 22 -1 1080 200
free 13 -1 1304 200
alloc 24 91 4024 1192 200
alloc 23 283 -1 1192 200
free 10 -1 1424 200
alloc 17 322 -1 1424 200
free 12 -1 1576 200
alloc 43 590 -1 1576 200
free 30 -1 1784 200
free 37 -1 1912 200
alloc 16 340 16 1552 200
free 31 -1 2136 200
free 2 -1 2496 200
alloc 41 563 904 1912 200
alloc 4 544 -1 1912 200
free 35 -1 2112 200
free 6 -1 2528 200
alloc 45 487 2656 2024 200
free 24 -1 2136 200
free 7 -1 2392 200
alloc 26 479 6200 1896 200
alloc 17 189 376 1688 200
alloc 28 243 1488 1424 200
alloc 43 329 -1 1424 200
alloc 30 398 -1 1424 200
alloc 21 593 -1 1424 200
alloc 0 150 3160 1256 200
alloc 31 30 1752 1208 200
free 34 -1 1400 200
alloc 25 33 1800 1336 200
alloc 4 399 4024 920 200
alloc 35 516 -1 920 200
alloc 6 286 -1 920 200
alloc 13 488 -1 920 200
free 40 -1 1368 200
free 39 -1 1768 200
alloc 10 369 4832 1376 200
free 17 -1 1584 200
alloc 12 317 6696 1248 200
alloc 43 172 376 1040 200
alloc 14 88 4440 928 200
alloc 37 153 7032 752 200
free 16 -1 1112 200
alloc 15 340 16 752 200
free 18 -1 1120 200
free 41 -1 1704 200
free 4 -1 2120 200
free 19 -1 2624 200
alloc 22 146 904 2456 200
alloc 13 491 5224 1944 200
free 8 -1 2448 200
alloc 23 548 -1 2448 200
free 10 -1 2840 200
free 33 -1 3128 200
alloc 44 590 1864 2520 200
free 27 -1 2600 200
free 14 -1 2712 200
alloc 5 378 1072 2296 200
alloc 32 134 2472 2112 200
free 47 -1 2432 200
alloc 34 183 584 2232 200
free 25 -1 2296 200
alloc 4 565 3944 1688 200
alloc 3 256 4832 1416 200
free 22 -1 1584 200
free 13 -1 2096 200
alloc 40 460 5104 1616 200
alloc 7 498 5584 1096 200
alloc 10 39 784 1040 200
alloc 1 529 -1 1040 200
free 12 -1 1376 200
free 43 -1 1584 200
free 46 -1 1816 200
free 37 -1 1992 200
free 32 -1 2176 200
free 31 -1 2224 200
alloc 18 81 376 2120 200
alloc 25 522 6696 1576 200
free 4 -1 2184 200
free 3 -1 2456 200
alloc 6 555 3944 1848 200
alloc 13 473 7640 1352 200
free 40 -1 1832 200
alloc 23 498 4832 1312 200
alloc 42 88 480 1208 200
alloc 1 76 840 1112 200
alloc 12 370 -1 1112 200
alloc 27 496 -1 1112 200
alloc 46 175 5352 920 200
alloc 37 66 936 832 200
alloc 32 396 -1 832 200
alloc 47 375 -1 832 200
free 34 -1 1032 200
free 25 -1 1576 200
free 20 -1 1856 200
alloc 3 542 6696 1296 200
alloc 22 87 584 1192 200
free 45 -1 1696 200
alloc 8 560 2472 1120 200
free 23 -1 1640 200
free 42 -1 1744 200
alloc 17 36 480 1688 200
free 44 -1 2296 200
alloc 27 379 1752 1896 200
alloc 30 9 536 1848 200
free 37 -1 1936 200
alloc 16 582 4552 1336 200
alloc 47 10 688 1304 200
alloc 2 410 -1 1304 200
alloc 41 141 2152 1144 200
alloc 4 218 -1 1144 200
alloc 35 75 936 1048 200
free 6 -1 1656 200
alloc 45 217 3944 1416 200
free 8 -1 1992 200
free 7 -1 2512 200
alloc 42 414 2312 2080 200
free 17 -1 2136 200
alloc 12 112 2744 2008 200
alloc 43 35 480 1952 200
free 46 -1 2144 200
alloc 37 216 2872 1912 200
free 16 -1 2512 200
free 15 -1 2872 200
free 18 -1 2976 200
alloc 9 518 4184 2440 200
alloc 4 473 4720 1944 200
alloc 19 577 5216 1344 200
alloc 6 136 16 1192 200
alloc 29 455 -1 1192 200
alloc 8 198 168 976 200
alloc 23 19 384 936 200
free 42 -1 1368 200
alloc 33 159 2312 1192 200
free 28 -1 1456 200
free 11 -1 1976 200
alloc 14 2 424 1920 200
free 5 -1 2336 200
alloc 32 185 1032 2128 200
free 47 -1 2160 200
alloc 2 256 1240 1888 200
alloc 25 166 1512 1704 200
free 36 -1 1904 200
free 19 -1 2504 200
free 22 -1 2608 200
alloc 29 178 584 2408 200
alloc 40 287 3328 2104 200
free 23 -1 2144 200
free 10 -1 2200 200
alloc 17 77 2488 2104 200
alloc 28 11 384 2064 200
free 27 -1 2464 200
free 30 -1 2512 200
alloc 5 268 1696 2224 200
alloc 16 419 5216 1784 200
alloc 15 489 5656 1240 200
alloc 34 97 1984 1120 200
free 9 -1 1656 200
free 4 -1 2152 200
free 3 -1 2712 200
alloc 22 67 2584 2624 200
free 29 -1 2824 200
alloc 24 553 4184 2248 200
alloc 39 438 4760 1792 200
alloc 10 281 536 1488 200
free 17 -1 1584 200
alloc 44 215 3632 1352 200
alloc 27 279 6696 1056 200
alloc 46 98 6992 936 200
alloc 21 148 7112 768 200
free 0 -1 936 200
alloc 47 214 7280 704 200
free 34 -1 824 200
free 25 -1 1008 200
alloc 36 272 -1 1008 200
free 35 -1 1104 200
alloc 38 71 936 1008 200
free 13 -1 1504 200
free 40 -1 1808 200
alloc 23 444 3104 1344 200
alloc 42 378 7512 944 200
free 33 -1 1120 200
free 44 -1 1352 200
free 27 -1 1648 200
free 46 -1 1768 200
free 5 -1 2056 200
alloc 0 340 1512 1696 200
free 47 -1 1928 200
free 2 -1 2200 200
alloc 25 199 1240 1984 200
alloc 20 226 1872 1704 200
alloc 35 266 3568 1416 200
free 6 -1 1568 200
alloc 29 555 -1 1568 200
free 8 -1 1784 200
free 23 -1 2248 200
free 26 -1 2744 200
alloc 33 491 6200 2232 200
free 12 -1 2360 200
alloc 27 525 -1 2360 200
alloc 30 555 -1 2360 200
free 21 -1 2528 200
free 32 -1 2736 200
alloc 47 12 16 2704 200
alloc 18 481 6712 2200 200
alloc 9 453 -1 2200 200
free 20 -1 2480 200
alloc 3 571 -1 2480 200
free 22 -1 2568 200
alloc 29 534 2312 2008 200
alloc 8 169 48 1816 200
alloc 7 533 -1 1816 200
free 10 -1 2120 200
free 1 -1 2216 200
free 28 -1 2256 200
alloc 11 283 536 1952 200
alloc 46 503 -1 1952 200
alloc 5 480 -1 1952 200
alloc 32 372 3104 1560 200
free 47 -1 1592 200
alloc 2 107 240 1464 200
alloc 9 368 -1 1464 200
alloc 4 171 1032 1256 200
alloc 19 403 -1 1256 200
alloc 22 207 1872 1032 200
alloc 13 300 -1 1032 200
free 8 -1 1224 200
free 39 -1 1680 200
free 42 -1 2080 200
alloc 1 375 4760 1688 200
alloc 12 65 16 1600 200
alloc 27 379 7216 1200 200
alloc 46 558 7616 624 200
alloc 21 112 104 488 200
free 0 -1 848 200
free 15 -1 1392 200
alloc 34 292 1456 1080 200
alloc 9 3 368 1024 200
alloc 20 23 840 984 200
alloc 3 129 5656 832 200
alloc 6 97 5808 712 200
free 45 -1 952 200
alloc 8 423 -1 952 200
alloc 39 333 -1 952 200
alloc 26 137 3856 792 200
free 33 -1 1304 200
alloc 44 578 5928 704 200
free 27 -1 1104 200
alloc 30 392 -1 1104 200
alloc 5 110 4016 976 200
free 16 -1 1416 200
alloc 15 403 5152 992 200
free 34 -1 1304 200
free 25 -1 1520 200
free 4 -1 1728 200
free 35 -1 2016 200
free 22 -1 2240 200
alloc 45 316 1032 1904 200
alloc 8 342 1368 1544 200
alloc 39 224 1728 1304 200
alloc 10 363 7216 904 200
alloc 17 594 -1 904 200
free 44 -1 1504 200
free 11 -1 1808 200
alloc 30 599 5928 1192 200
free 21 -1 1328 200
free 32 -1 1720 200
alloc 47 528 3104 1176 200
free 18 -1 1680 200
free 9 -1 1736 200
alloc 4 464 6544 1256 200
alloc 35 145 536 1088 200
alloc 22 140 1968 904 200
free 45 -1 1240 200
alloc 40 87 104 1104 200
alloc 23 254 1032 832 200
alloc 42 148 3648 664 200
free 1 -1 1056 200
alloc 44 552 -1 1056 200
free 43 -1 1112 200
free 30 -1 1728 200
free 37 -1 1960 200
alloc 0 462 5928 1480 200
free 15 -1 1904 200
alloc 34 65 704 1816 200
alloc 25 585 4760 1208 200
free 20 -1 1248 200
alloc 19 183 2872 1016 200
free 6 -1 1136 200
free 29 -1 1696 200
free 24 -1 2272 200
free 23 -1 2544 200
free 42 -1 2712 200
alloc 17 56 792 2640 200
alloc 44 335 2312 2288 200
alloc 27 407 4144 1864 200
alloc 30 213 1032 1632 200
free 5 -1 1760 200
alloc 16 426 -1 1760 200
alloc 15 148 2664 1592 200
free 2 -1 1720 200
free 41 -1 1880 200
alloc 20 211 5368 1648 200
free 3 -1 1800 200
free 22 -1 1984 200
alloc 13 67 240 1896 200
alloc 24 240 1968 1640 200
alloc 23 396 -1 1640 200
free 26 -1 1800 200
free 17 -1 1872 200
free 44 -1 2224 200
free 27 -1 2648 200
free 30 -1 2880 200
alloc 37 516 3648 2344 200
alloc 16 417 2224 1904 200
free 47 -1 2448 200
alloc 2 413 3104 2016 200
free 25 -1 2624 200
alloc 36 279 1032 2328 200
free 35 -1 2496 200
alloc 6 116 480 2360 200
alloc 29 35 328 2304 200
free 8 -1 2664 200
free 39 -1 2904 200
alloc 26 348 1328 2536 200
alloc 17 558 4184 1960 200
alloc 28 408 4760 1536 200
alloc 27 133 1696 1384 200
alloc 30 11 384 1344 200
free 37 -1 1880 200
alloc 32 565 3536 1296 200
alloc 31 543 -1 1296 200
alloc 18 41 616 1208 200
alloc 9 437 -1 1208 200
free 20 -1 1440 200
free 19 -1 1672 200
alloc 22 224 2832 1400 200
alloc 45 371 5184 1008 200
free 24 -1 1264 200
alloc 23 42 792 1200 200
alloc 42 232 1848 952 200
alloc 33 582 -1 952 200
alloc 44 20 856 912 200
alloc 43 581 -1 912 200
free 14 -1 968 200
alloc 21 349 -1 968 200
free 0 -1 1448 200
alloc 31 162 5576 1264 200
free 34 -1 1352 200
alloc 9 552 5760 784 200
free 36 -1 1080 200
alloc 19 51 704 992 200
free 38 -1 1088 200
free 45 -1 1480 200
alloc 8 336 896 1128 200
alloc 39 474 -1 1128 200
free 26 -1 1496 200
free 17 -1 2072 200
free 12 -1 2160 200
free 27 -1 2312 200
free 46 -1 2888 200
alloc 5 595 4120 2248 200
free 16 -1 2688 200
free 15 -1 2856 200
alloc 34 492 1248 2344 200
alloc 41 165 2096 2160 200
free 4 -1 2640 200
alloc 3 265 2280 2352 200
free 6 -1 2488 200
alloc 45 201 2568 2264 200
free 40 -1 2400 200
alloc 39 453 6328 1928 200
alloc 26 121 16 1784 200
alloc 17 415 7616 1352 200
alloc 12 504 -1 1352 200
alloc 43 459 -1 1352 200
alloc 46 213 5184 1120 200
free 5 -1 1760 200
free 32 -1 2344 200
alloc 47 541 3536 1784 200
free 2 -1 2216 200
free 9 -1 2784 200
alloc 36 395 3104 2352 200
alloc 35 342 4096 1992 200
free 22 -1 2264 200
free 29 -1 2320 200
free 8 -1 2672 200
alloc 7 286 896 2368 200
free 42 -1 2616 200
alloc 1 525 5760 2048 200
alloc 12 495 -1 2048 200
alloc 27 169 424 1856 200
alloc 14 290 1760 1520 200
alloc 21 526 -1 1520 200
alloc 0 335 6800 1168 200
alloc 15 230 2792 920 200
alloc 2 552 -1 920 200
alloc 9 529 -1 920 200
free 36 -1 1352 200
free 19 -1 1440 200
alloc 22 476 3040 944 200
free 13 -1 1032 200
alloc 8 253 4456 728 200
free 23 -1 792 200
free 26 -1 936 200
free 17 -1 1368 200
free 44 -1 1408 200
alloc 11 383 7616 1008 200
free 14 -1 1344 200
alloc 21 537 -1 1344 200
alloc 16 59 16 1264 200
free 47 -1 1824 200
alloc 2 39 96 1768 200
free 41 -1 1952 200
alloc 4 87 152 1848 200
free 3 -1 2136 200
alloc 6 502 1760 1616 200
alloc 29 165 704 1424 200
alloc 40 358 3536 1048 200
free 7 -1 1352 200
free 10 -1 1752 200
free 1 -1 2320 200
alloc 44 247 896 2056 200
free 27 -1 2248 200
free 46 -1 2480 200
alloc 21 284 5184 2176 200
free 16 -1 2256 200
alloc 47 62 16 2176 200
free 2 -1 2232 200
alloc 9 295 5760 1920 200
alloc 20 547 -1 1920 200
alloc 19 490 -1 1920 200
alloc 38 591 -1 1920 200
alloc 13 563 -1 1920 200
alloc 24 368 7152 1536 200
alloc 7 263 2280 1248 200
alloc 42 498 -1 1248 200
alloc 1 134 424 1096 200
alloc 12 580 -1 1096 200
alloc 43 367 -1 1096 200
free 30 -1 1136 200
alloc 37 20 96 1080 200
free 0 -1 1432 200
free 47 -1 1512 200
free 34 -1 2024 200
alloc 25 471 1160 1536 200
alloc 36 103 256 1416 200
alloc 3 96 1648 1304 200
free 22 -1 1800 200
free 45 -1 2024 200
free 8 -1 2328 200
free 7 -1 2616 200
alloc 26 28 16 2536 200
alloc 33 227 2280 2288 200
alloc 12 43 2528 2224 200
alloc 27 405 3040 1800 200
alloc 14 470 -1 1800 200
alloc 5 581 -1 1800 200
alloc 16 288 4456 1496 200
free 31 -1 1680 200
alloc 34 6 376 1632 200
alloc 41 23 576 1592 200
free 4 -1 1696 200
alloc 19 48 152 1632 200
alloc 22 152 2592 1432 200
alloc 13 1 216 1392 200
alloc 8 161 3912 1208 200
alloc 7 341 -1 1208 200
free 26 -1 1288 200
free 33 -1 1536 200
free 28 -1 1960 200
free 27 -1 2384 200
alloc 14 205 2280 2136 200
free 37 -1 2192 200
alloc 32 284 3040 1888 200
free 15 -1 2136 200
alloc 2 11 16 2104 200
free 41 -1 2144 200
free 36 -1 2264 200
free 19 -1 2328 200
free 6 -1 2848 200
free 13 -1 2888 200
free 40 -1 3264 200
free 39 -1 3736 200
alloc 26 338 1760 3376 200
alloc 17 404 3344 2952 200
alloc 28 110 48 2824 200
free 11 -1 3224 200
alloc 46 102 176 3104 200
free 21 -1 3408 200
free 16 -1 3712 200
alloc 31 173 2792 3520 200
free 18 -1 3608 200
free 25 -1 4096 200
alloc 20 543 4456 3536 200
alloc 19 502 5016 3016 200
free 22 -1 3216 200
alloc 13 7 296 3192 200
alloc 40 161 1160 3008 200
alloc 23 488 6072 2504 200
alloc 10 4 320 2448 200
free 17 -1 2872 200
free 12 -1 2936 200
alloc 43 539 3344 2368 200
free 14 -1 2616 200
alloc 5 542 2120 2056 200
alloc 0 184 1344 1856 200
alloc 47 61 576 1776 200
free 2 -1 1808 200
free 9 -1 2120 200
free 20 -1 2680 200
free 35 -1 3040 200
alloc 6 144 4096 2880 200
alloc 45 484 4256 2376 200
free 40 -1 2560 200
alloc 7 190 4760 2352 200
alloc 42 85 1160 2248 200
alloc 17 50 1264 2168 200
alloc 12 599 7536 1552 200
alloc 27 129 5536 1400 200
alloc 30 7 16 1368 200
free 5 -1 1928 200
alloc 16 60 1544 1824 200
free 31 -1 2016 200
alloc 2 104 2120 1896 200
alloc 41 43 2240 1832 200
alloc 36 194 2304 1616 200
free 3 -1 1728 200
free 6 -1 1888 200
free 29 -1 2080 200
alloc 40 143 656 1920 200
free 7 -1 2128 200
free 10 -1 2184 200
alloc 33 130 2520 2032 200
free 12 -1 2648 200
free 27 -1 2800 200
free 30 -1 2832 200
alloc 5 180 2672 2632 200
free 32 -1 2936 200
alloc 31 230 2872 2688 200
free 34 -1 2736 200
alloc 25 505 5536 2200 200
alloc 20 108 3120 2072 200
free 19 -1 2592 200
alloc 38 8 16 2560 200
alloc 29 549 4760 1992 200
free 24 -1 2376 200
free 23 -1 2880 200
free 42 -1 2984 200
free 1 -1 3136 200
free 44 -1 3400 200
free 43 -1 3968 200
alloc 30 173 320 3776 200
alloc 21 444 3248 3312 200
alloc 32 583 6072 2712 200
free 31 -1 2960 200
alloc 18 219 816 2720 200
alloc 9 207 2872 2472 200
free 20 -1 2600 200
alloc 19 474 6672 2104 200
alloc 6 525 7168 1560 200
free 29 -1 2128 200
alloc 24 208 4760 1904 200
alloc 23 44 512 1840 200
free 26 -1 2200 200
free 17 -1 2280 200
alloc 44 270 1056 1992 200
alloc 27 138 1648 1832 200
alloc 14 415 4984 1400 200
free 21 -1 1864 200
free 16 -1 1968 200
alloc 31 260 1808 1656 200
free 2 -1 1776 200
free 9 -1 2024 200
free 36 -1 2240 200
free 19 -1 2736 200
free 38 -1 2768 200
alloc 29 459 2872 2288 200
free 24 -1 2512 200
free 23 -1 2576 200
alloc 42 393 3352 2160 200
alloc 1 313 6672 1824 200
free 28 -1 1952 200
alloc 11 224 7712 1712 200
free 30 -1 1904 200
alloc 37 311 -1 1904 200
alloc 16 536 -1 1904 200
free 31 -1 2216 200
free 18 -1 2456 200
free 25 -1 2992 200
alloc 4 364 1808 2608 200
alloc 3 163 320 2424 200
alloc 22 216 816 2184 200
free 13 -1 2208 200
free 40 -1 2368 200
alloc 7 573 5416 1776 200
free 42 -1 2192 200
free 33 -1 2344 200
free 44 -1 2632 200
alloc 43 389 3352 2224 200
free 14 -1 2656 200
alloc 37 522 4760 2112 200
alloc 16 127 16 1952 200
alloc 31 66 656 1864 200
alloc 18 80 1056 1768 200
alloc 9 504 -1 1768 200
free 4 -1 2152 200
alloc 19 467 -1 2152 200
free 22 -1 2392 200
alloc 13 564 -1 2392 200
alloc 40 554 -1 2392 200
alloc 39 202 744 2168 200
alloc 42 295 1808 1856 200
free 1 -1 2192 200
alloc 44 163 1152 2000 200
free 43 -1 2408 200
alloc 30 593 -1 2408 200
free 5 -1 2608 200
free 32 -1 3208 200
alloc 15 288 2304 2904 200
free 18 -1 3000 200
free 41 -1 3064 200
alloc 36 500 3352 2544 200
free 3 -1 2728 200
alloc 22 214 296 2496 200
alloc 13 415 6008 2064 200
free 8 -1 2248 200
free 7 -1 2840 200
free 42 -1 3152 200
alloc 17 383 1808 2752 200
free 44 -1 2944 200
free 27 -1 3104 200
alloc 14 211 968 2872 200
free 37 -1 3416 200
free 0 -1 3616 200
free 31 -1 3704 200
alloc 2 225 1200 3456 200
alloc 9 486 4760 2952 200
free 36 -1 3472 200
alloc 19 433 3352 3016 200
free 22 -1 3248 200
free 45 -1 3752 200
alloc 8 86 296 3648 200
alloc 7 294 1448 3336 200
alloc 42 373 3808 2944 200
free 17 -1 3344 200
alloc 28 84 400 3240 200
alloc 27 449 1760 2768 200
alloc 30 199 2608 2552 200
alloc 21 422 4200 2112 200
alloc 32 137 5264 1952 200
free 47 -1 2032 200
alloc 34 98 504 1912 200
free 9 -1 2416 200
alloc 4 24 624 2376 200
alloc 35 273 4640 2080 200
alloc 22 164 4936 1896 200
alloc 45 495 5424 1384 200
alloc 24 434 6440 928 200
alloc 23 150 6896 760 200
free 42 -1 1152 200
alloc 17 189 3808 944 200
alloc 44 16 664 912 200
alloc 43 521 -1 912 200
free 14 -1 1144 200
free 21 -1 1584 200
alloc 0 590 4016 960 200
alloc 31 206 968 728 200
free 2 -1 976 200
alloc 9 476 -1 976 200
free 4 -1 1016 200
free 19 -1 1472 200
free 22 -1 1656 200
free 13 -1 2088 200
free 24 -1 2544 200
free 39 -1 2768 200
alloc 26 374 3352 2376 200
alloc 33 581 5936 1776 200
free 28 -1 1880 200
free 11 -1 2120 200
free 30 -1 2336 200
alloc 37 145 696 2168 200
free 32 -1 2328 200
free 15 -1 2632 200
free 34 -1 2752 200
alloc 9 335 2232 2400 200
alloc 20 67 400 2312 200
alloc 3 45 488 2248 200
alloc 38 199 1200 2000 200
free 45 -1 2512 200
free 8 -1 2616 200
free 23 -1 2784 200
free 26 -1 3176 200
free 17 -1 3384 200
alloc 12 356 3352 3008 200
free 27 -1 3480 200
alloc 30 76 296 3376 200
free 37 -1 3544 200
free 0 -1 4168 200
free 31 -1 4400 200
alloc 2 589 3728 3792 200
alloc 41 284 696 3488 200
alloc 36 575 4936 2896 200
alloc 19 173 1000 2696 200
free 6 -1 3240 200
free 29 -1 3720 200
alloc 40 380 1760 3320 200
alloc 23 119 2584 3184 200
alloc 10 239 2720 2928 200
alloc 17 198 2976 2712 200
free 12 -1 3088 200
alloc 27 501 3192 2552 200
alloc 14 302 5528 2232 200
alloc 21 50 552 2160 200
free 16 -1 2320 200
alloc 15 586 6536 1712 200
alloc 34 214 4336 1480 200
free 9 -1 1832 200
alloc 4 356 2160 1456 200
free 35 -1 1752 200
alloc 6 571 7144 1160 200
alloc 29 190 4568 952 200
alloc 24 518 -1 952 200
free 23 -1 1088 200
alloc 26 179 7736 888 200
free 17 -1 1104 200
alloc 12 578 -1 1104 200
alloc 11 179 2976 888 200
free 46 -1 1008 200
alloc 5 360 -1 1008 200
alloc 0 394 -1 1008 200
free 15 -1 1616 200
free 2 -1 2224 200
alloc 25 341 3728 1864 200
free 36 -1 2456 200
alloc 35 72 16 2368 200
free 6 -1 2960 200
alloc 13 484 4776 2456 200
alloc 24 413 6536 2024 200
free 7 -1 2336 200
free 26 -1 2536 200
free 33 -1 3136 200
alloc 28 294 1448 2824 200
alloc 43 376 5848 2432 200
free 14 -1 2752 200
alloc 37 541 5280 2184 200
alloc 16 438 6968 1728 200
alloc 31 389 7424 1320 200
alloc 18 159 104 1128 200
free 25 -1 1488 200
alloc 36 36 2536 1432 200
free 19 -1 1632 200
alloc 6 561 3728 1024 200
free 13 -1 1528 200
free 40 -1 1928 200
alloc 39 389 4776 1520 200
alloc 26 529 -1 1520 200
alloc 33 540 -1 1520 200
free 44 -1 1552 200
free 11 -1 1768 200
free 30 -1 1872 200
free 37 -1 2440 200
alloc 0 8 296 2416 200
alloc 15 563 5184 1832 200
free 18 -1 2024 200
alloc 9 238 1760 1768 200
free 4 -1 2144 200
alloc 19 529 -1 2144 200
free 38 -1 2392 200
free 29 -1 2600 200
free 24 -1 3032 200
alloc 7 470 2016 2512 200
free 10 -1 2768 200
alloc 33 167 104 2576 200
alloc 44 321 1000 2232 200
free 27 -1 2768 200
alloc 30 343 2592 2408 200
free 21 -1 2480 200
alloc 32 449 2952 2008 200
free 15 -1 2592 200
free 34 -1 2824 200
alloc 25 542 5184 2264 200
free 36 -1 2320 200
alloc 19 108 552 2176 200
free 6 -1 2784 200
alloc 45 447 3424 2320 200
alloc 24 114 3888 2184 200
free 7 -1 2704 200
alloc 42 420 2016 2264 200
alloc 17 109 2456 2128 200
alloc 12 222 4024 1888 200
alloc 11 599 6240 1272 200
alloc 46 203 4264 1048 200
alloc 37 14 320 1016 200
free 0 -1 1040 200
alloc 15 217 4488 800 200
alloc 2 119 7832 664 200
free 41 -1 968 200
free 20 -1 1056 200
free 19 -1 1200 200
alloc 22 19 352 1160 200
free 45 -1 1624 200
alloc 8 172 552 1432 200
alloc 23 449 -1 1432 200
alloc 26 438 3424 968 200
free 17 -1 1104 200
free 12 -1 1344 200
free 43 -1 1736 200
free 46 -1 1960 200
free 37 -1 1992 200
alloc 0 333 4024 1640 200
alloc 47 598 -1 1640 200
alloc 18 571 -1 1640 200
free 9 -1 1896 200
alloc 20 179 744 1696 200
free 35 -1 1784 200
alloc 6 485 -1 1784 200
alloc 29 512 -1 1784 200
free 8 -1 1976 200
free 39 -1 2384 200
alloc 10 160 552 2192 200
alloc 1 86 1344 2088 200
free 28 -1 2400 200
alloc 43 303 1448 2080 200
alloc 46 9 16 2048 200
alloc 5 530 -1 2048 200
free 32 -1 2520 200
free 31 -1 2928 200
alloc 18 306 2952 2600 200
alloc 41 412 4728 2144 200
alloc 4 581 -1 2144 200
free 3 -1 2208 200
free 22 -1 2248 200
alloc 29 403 5744 1824 200
alloc 8 50 296 1752 200
alloc 23 551 -1 1752 200
free 26 -1 2216 200
alloc 17 326 3280 1872 200
alloc 12 91 368 1760 200
alloc 27 5 48 1704 200
alloc 14 86 1768 1600 200
alloc 37 591 -1 1600 200
free 0 -1 1952 200
free 15 -1 2192 200
alloc 34 574 4024 1600 200
alloc 9 29 480 1528 200
free 20 -1 1728 200
alloc 35 37 744 1672 200
alloc 22 400 -1 1672 200
alloc 13 41 800 1608 200
free 8 -1 1680 200
alloc 23 466 -1 1680 200
alloc 26 107 864 1544 200
free 17 -1 1888 200
free 44 -1 2232 200
free 27 -1 2288 200
free 46 -1 2320 200
alloc 21 149 1000 2152 200
free 16 -1 2608 200
alloc 47 7 16 2584 200
free 18 -1 2912 200
free 9 -1 2984 200
alloc 4 123 1168 2808 200
alloc 3 510 2952 2280 200
alloc 22 367 3480 1872 200
free 13 -1 1936 200
free 24 -1 2072 200
alloc 7 448 6856 1608 200
free 10 -1 1800 200
alloc 17 140 480 1640 200
alloc 44 187 7320 1432 200
alloc 27 475 -1 1432 200
alloc 46 222 7528 1192 200
alloc 37 45 40 1128 200
alloc 16 398 -1 1128 200
alloc 31 541 -1 1128 200
free 2 -1 1264 200
free 25 -1 1824 200
alloc 36 572 -1 1824 200
alloc 19 350 5184 1456 200
free 22 -1 1864 200
free 29 -1 2288 200
alloc 24 348 3480 1920 200
free 7 -1 2384 200
alloc 10 332 5552 2032 200
free 17 -1 2192 200
free 44 -1 2400 200
free 43 -1 2720 200
free 14 -1 2824 200
alloc 5 62 480 2744 200
alloc 32 50 296 2672 200
free 47 -1 2696 200
alloc 2 153 560 2512 200
alloc 9 326 1448 2168 200
alloc 20 526 6856 1624 200
free 35 -1 1680 200
alloc 6 336 7768 1328 200
alloc 45 116 1792 1192 200
alloc 40 304 5904 856 200
alloc 39 104 744 736 200
free 42 -1 1176 200
free 33 -1 1368 200
free 12 -1 1480 200
alloc 43 470 1928 992 200
free 30 -1 1352 200
free 37 -1 1416 200
alloc 16 420 2416 976 200
alloc 47 432 -1 976 200
free 34 -1 1568 200
free 9 -1 1912 200
free 20 -1 2456 200
free 19 -1 2824 200
alloc 38 97 16 2704 200
alloc 13 565 3848 2120 200
free 24 -1 2488 200
alloc 23 78 136 2392 200
alloc 42 100 1448 2272 200
free 1 -1 2376 200
alloc 12 214 3480 2144 200
alloc 27 468 6856 1656 200
free 46 -1 1896 200
alloc 37 454 -1 1896 200
alloc 0 438 -1 1896 200
alloc 15 313 5184 1528 200
free 2 -1 1712 200
alloc 9 396 7344 1288 200
alloc 36 73 368 1176 200
free 3 -1 1704 200
free 6 -1 2056 200
alloc 29 37 232 1992 200
alloc 24 145 560 1808 200
free 39 -1 1928 200
free 26 -1 2064 200
alloc 33 581 2856 1440 200
alloc 44 583 -1 1440 200
free 43 -1 1928 200
alloc 46 18 744 1888 200
alloc 37 9 784 1856 200
alloc 0 109 816 1728 200
alloc 47 486 -1 1728 200
alloc 34 408 1928 1304 200
free 9 -1 1728 200
free 36 -1 1840 200
alloc 35 447 7344 1376 200
free 38 -1 1496 200
free 29 -1 1560 200
alloc 8 547 -1 1560 200
alloc 39 313 7808 1224 200
alloc 26 189 1568 1000 200
alloc 17 403 -1 1000 200
free 12 -1 1232 200
alloc 43 263 3480 952 200
alloc 30 420 -1 952 200
free 21 -1 1120 200
free 16 -1 1560 200
free 15 -1 1928 200
alloc 18 546 -1 1928 200
alloc 25 287 2352 1624 200
free 4 -1 1800 200
alloc 3 304 944 1480 200
alloc 38 126 1264 1336 200
free 13 -1 1920 200
free 40 -1 2256 200
free 39 -1 2592 200
free 42 -1 2712 200
alloc 17 566 3760 2128 200
alloc 44 77 16 2008 200
free 43 -1 2288 200
free 46 -1 2328 200
alloc 21 74 368 2216 200
free 0 -1 2344 200
alloc 31 143 1408 2184 200
free 34 -1 2608 200
alloc 9 85 816 2480 200
alloc 4 92 1928 2368 200
free 35 -1 2832 200
free 38 -1 2976 200
alloc 13 65 1264 2888 200
alloc 40 267 2040 2576 200
alloc 7 101 2656 2456 200
free 26 -1 2680 200
free 17 -1 3264 200
alloc 12 330 3480 2912 200
free 11 -1 3528 200
alloc 30 506 3832 3000 200
free 37 -1 3032 200
alloc 16 327 4360 2664 200
alloc 15 333 5184 2296 200
alloc 18 120 1568 2160 200
free 9 -1 2288 200
alloc 20 240 5904 2032 200
alloc 19 355 6160 1656 200
alloc 6 514 7344 1120 200
free 13 -1 1208 200
alloc 8 104 744 1088 200
alloc 39 26 232 1024 200
alloc 26 466 -1 1024 200
alloc 1 183 6536 824 200
free 44 -1 944 200
free 27 -1 1432 200
free 30 -1 1960 200
free 5 -1 2040 200
alloc 0 561 6736 1432 200
free 31 -1 1592 200
alloc 2 474 3832 1064 200
alloc 9 483 -1 1064 200
alloc 36 44 16 1000 200
alloc 35 235 1264 744 200
alloc 38 459 -1 744 200
alloc 29 508 -1 744 200
free 24 -1 928 200
free 39 -1 992 200
alloc 42 382 -1 992 200
free 1 -1 1192 200
alloc 28 597 -1 1192 200
alloc 27 358 -1 1192 200
alloc 14 27 80 1136 200
free 21 -1 1248 200
free 16 -1 1616 200
alloc 31 512 -1 1616 200
free 2 -1 2144 200
alloc 9 542 3832 1584 200
free 4 -1 1696 200
free 3 -1 2016 200
free 6 -1 2552 200
alloc 13 330 368 2176 200
free 8 -1 2296 200
alloc 39 384 744 1896 200
free 10 -1 2248 200
alloc 17 394 7344 1832 200
alloc 28 452 -1 1832 200
alloc 43 566 -1 1832 200
alloc 46 276 4392 1536 200
alloc 21 166 5552 1352 200
alloc 16 532 -1 1352 200
alloc 31 371 7760 960 200
alloc 34 298 -1 960 200
free 9 -1 1520 200
free 36 -1 1584 200
free 35 -1 1840 200
alloc 22 76 1144 1744 200
alloc 29 378 3832 1344 200
alloc 8 341 -1 1344 200
free 7 -1 1464 200
alloc 10 506 -1 1464 200
free 33 -1 2088 200
alloc 28 35 16 2024 200
alloc 43 569 2656 1432 200
free 46 -1 1728 200
alloc 5 532 -1 1728 200
free 0 -1 2336 200
alloc 47 59 1240 2256 200
alloc 2 407 4232 1832 200
free 25 -1 2136 200
free 20 -1 2392 200
alloc 3 594 6536 1776 200
free 22 -1 1872 200
free 13 -1 2248 200
alloc 24 137 368 2088 200
free 23 -1 2184 200
alloc 26 110 136 2024 200
alloc 1 139 528 1864 200
free 12 -1 2216 200
alloc 27 31 688 2160 200
alloc 46 362 3248 1776 200
free 21 -1 1960 200
free 32 -1 2032 200
free 31 -1 2424 200
free 18 -1 2560 200
free 41 -1 3016 200
alloc 20 299 1320 2696 200
free 19 -1 3072 200
alloc 38 223 2352 2832 200
free 29 -1 3232 200
alloc 8 211 3632 3000 200
alloc 7 247 3864 2736 200
alloc 10 528 5552 2192 200
free 17 -1 2608 200
alloc 44 574 7152 2016 200
alloc 11 205 4656 1792 200
free 46 -1 2176 200
alloc 5 386 6096 1736 200
alloc 32 414 7744 1288 200
free 15 -1 1656 200
free 2 -1 2080 200
alloc 25 71 1144 1984 200
alloc 36 535 4880 1432 200
free 3 -1 2048 200
free 38 -1 2288 200
free 45 -1 2424 200
free 40 -1 2736 200
free 39 -1 3136 200
alloc 42 369 744 2736 200
free 1 -1 2896 200
alloc 12 259 1640 2616 200
free 27 -1 2672 200
free 14 -1 2728 200
alloc 21 122 528 2584 200
alloc 0 139 1920 2424 200
free 47 -1 2504 200
alloc 18 401 2080 2080 200
free 25 -1 2176 200
alloc 4 164 3248 1992 200
alloc 19 152 1144 1816 200
alloc 6 275 4128 1520 200
alloc 29 22 80 1464 200
alloc 40 547 6536 896 200
alloc 23 242 -1 896 200
free 42 -1 1296 200
alloc 33 406 672 872 200
free 44 -1 1464 200
alloc 27 424 7104 1024 200
alloc 14 437 -1 1024 200
alloc 37 106 2504 872 200
free 32 -1 1320 200
alloc 47 391 7544 912 200
alloc 2 435 -1 912 200
alloc 41 570 -1 912 200
free 4 -1 1096 200
alloc 3 470 -1 1096 200
alloc 22 439 -1 1096 200
alloc 13 60 3248 1016 200
free 40 -1 1584 200
alloc 39 186 3328 1376 200
free 10 -1 1920 200
free 33 -1 2344 200
alloc 44 147 672 2176 200
free 27 -1 2616 200
alloc 46 550 5432 2048 200
free 37 -1 2200 200
alloc 32 579 6536 1600 200
alloc 31 573 -1 1600 200
alloc 34 28 296 1528 200
alloc 41 437 -1 1528 200
alloc 4 130 840 1376 200
free 19 -1 1552 200
alloc 38 179 992 1352 200
alloc 45 265 7136 1064 200
free 8 -1 1296 200
alloc 23 32 1192 1248 200
alloc 42 318 -1 1248 200
alloc 33 92 2504 1136 200
free 28 -1 1200 200
free 43 -1 1792 200
free 46 -1 2360 200
free 5 -1 2800 200
free 32 -1 3400 200
alloc 15 99 2616 3280 200
free 34 -1 3352 200
alloc 25 563 5432 2768 200
free 4 -1 2920 200
alloc 3 212 2736 2688 200
free 38 -1 2888 200
free 29 -1 2944 200
alloc 40 408 6016 2520 200
free 23 -1 2568 200
free 26 -1 2728 200
free 33 -1 2840 200
alloc 28 316 16 2488 200
alloc 27 153 840 2312 200
alloc 30 591 6440 1704 200
alloc 37 555 -1 1704 200
alloc 16 324 -1 1704 200
free 47 -1 2112 200
alloc 34 594 7424 1496 200
alloc 41 595 -1 1496 200
free 20 -1 1816 200
free 3 -1 2048 200
alloc 22 260 1016 1768 200
alloc 29 362 2736 1384 200
alloc 8 437 -1 1384 200
free 7 -1 1648 200
alloc 42 444 3536 1184 200
alloc 17 597 -1 1184 200
free 44 -1 1352 200
free 27 -1 1528 200
alloc 14 25 672 1480 200
alloc 5 428 -1 1480 200
alloc 32 544 -1 1480 200
alloc 31 478 -1 1480 200
alloc 2 215 720 1248 200
alloc 9 148 1296 1080 200
alloc 4 95 1464 968 200
alloc 19 223 -1 968 200
alloc 38 440 -1 968 200
free 29 -1 1352 200
free 24 -1 1512 200
free 39 -1 1720 200
alloc 10 193 2736 1504 200
alloc 33 85 368 1400 200
free 28 -1 1752 200
free 11 -1 1976 200
free 30 -1 2584 200
alloc 5 39 16 2528 200
alloc 16 474 6440 2032 200
alloc 47 558 -1 2032 200
free 2 -1 2264 200
free 9 -1 2432 200
alloc 20 35 72 2376 200
alloc 3 189 128 2136 200
free 6 -1 2432 200
alloc 29 248 720 2136 200
alloc 8 75 1296 2040 200
alloc 39 41 1392 1968 200
alloc 26 213 2952 1736 200
free 33 -1 1840 200
free 12 -1 2120 200
alloc 43 567 4000 1536 200
alloc 46 265 1576 1248 200
free 21 -1 1392 200
free 0 -1 1552 200
alloc 47 561 -1 1552 200
free 34 -1 2168 200
alloc 41 156 368 1992 200
free 4 -1 2104 200
free 3 -1 2344 200
alloc 6 292 7424 2032 200
free 45 -1 2320 200
free 40 -1 2744 200
alloc 7 562 -1 2744 200
free 10 -1 2960 200
alloc 17 294 6016 2648 200
alloc 28 320 6936 2312 200
alloc 27 77 128 2216 200
free 46 -1 2504 200
alloc 21 330 1464 2152 200
alloc 32 301 7736 1832 200
free 15 -1 1952 200
alloc 34 470 -1 1952 200
alloc 9 301 2504 1632 200
free 20 -1 1688 200
alloc 19 496 -1 1688 200
free 6 -1 2000 200
free 29 -1 2296 200
alloc 24 350 7272 1928 200
alloc 7 149 720 1760 200
free 26 -1 1992 200
free 17 -1 2304 200
alloc 44 84 224 2200 200
free 27 -1 2296 200
alloc 46 359 2824 1920 200
free 5 -1 1976 200
alloc 0 426 -1 1976 200
alloc 31 490 -1 1976 200
alloc 34 293 6016 1664 200
free 25 -1 2248 200
free 36 -1 2800 200
alloc 19 515 4584 2264 200
free 22 -1 2544 200
alloc 45 398 5120 2128 200
free 8 -1 2224 200
free 7 -1 2392 200
alloc 10 573 720 1800 200
alloc 17 372 5536 1408 200
alloc 12 185 16 1200 200
free 43 -1 1784 200
free 14 -1 1832 200
free 21 -1 2184 200
free 16 -1 2680 200
alloc 47 554 1464 2104 200
free 18 -1 2528 200
alloc 25 336 2040 2176 200
alloc 20 79 544 2080 200
free 19 -1 2616 200
alloc 38 67 2392 2504 200
free 13 -1 2584 200
alloc 8 383 4000 2184 200
alloc 23 568 4400 1600 200
free 42 -1 2064 200
alloc 33 556 3200 1488 200
free 28 -1 1824 200
alloc 27 86 3776 1720 200
free 46 -1 2096 200
alloc 21 179 2824 1896 200
free 32 -1 2216 200
free 47 -1 2792 200
alloc 2 273 1464 2496 200
free 9 -1 2816 200
alloc 36 187 1760 2608 200
alloc 35 166 2504 2424 200
alloc 22 29 640 2344 200
alloc 13 218 6328 2104 200
free 24 -1 2472 200
free 23 -1 3056 200
alloc 42 573 4400 2464 200
alloc 1 293 6568 2152 200
free 44 -1 2256 200
alloc 43 142 3024 2080 200
alloc 46 20 224 2040 200
alloc 37 531 6880 1488 200
alloc 32 49 264 1384 200
alloc 47 80 2688 1288 200
free 34 -1 1600 200
alloc 9 41 1312 1520 200
free 36 -1 1728 200
alloc 3 599 7432 1112 200
free 38 -1 1224 200
free 13 -1 1464 200
alloc 24 450 5928 992 200
alloc 7 265 -1 992 200
alloc 26 383 -1 992 200
free 33 -1 1568 200
alloc 28 51 1760 1496 200
alloc 11 599 -1 1496 200
alloc 30 510 3200 968 200
free 37 -1 1520 200
alloc 0 350 6880 1152 200
alloc 31 534 -1 1152 200
free 2 -1 1448 200
free 9 -1 1528 200
alloc 4 551 -1 1528 200
free 35 -1 1712 200
alloc 6 30 1312 1632 200
alloc 29 253 1464 1336 200
alloc 40 590 -1 1336 200
free 39 -1 1408 200
alloc 26 318 -1 1408 200
alloc 33 405 -1 1408 200
free 28 -1 1480 200
free 27 -1 1584 200
free 30 -1 2112 200
alloc 5 375 3200 1720 200
free 32 -1 1824 200
free 47 -1 1920 200
alloc 18 443 -1 1920 200
free 25 -1 2272 200
alloc 36 288 1760 1968 200
alloc 35 311 2064 1640 200
alloc 38 95 2392 1528 200
alloc 13 499 -1 1528 200
alloc 40 213 2504 1296 200
alloc 23 412 -1 1296 200
free 42 -1 1888 200
free 1 -1 2200 200
free 12 -1 2408 200
alloc 11 477 4400 1912 200
free 46 -1 1952 200
free 21 -1 2152 200
alloc 16 409 6400 1720 200
alloc 15 303 16 1368 200
alloc 18 330 3592 1016 200
alloc 9 106 2736 888 200
free 36 -1 1192 200
free 35 -1 1520 200
free 22 -1 1600 200
alloc 13 446 1760 1136 200
free 8 -1 1536 200
alloc 7 434 3944 1080 200
alloc 26 268 -1 1080 200
alloc 33 579 -1 1080 200
alloc 12 547 -1 1080 200
free 11 -1 1576 200
alloc 14 78 2224 1480 200
free 5 -1 1872 200
free 0 -1 2240 200
alloc 47 244 3200 1976 200
alloc 34 398 4400 1560 200
free 41 -1 1736 200
alloc 4 508 6832 1208 200
alloc 35 541 -1 1208 200
alloc 22 424 -1 1208 200
free 45 -1 1624 200
free 40 -1 1856 200
free 7 -1 2312 200
alloc 26 27 368 2264 200
free 17 -1 2656 200
alloc 28 23 416 2616 200
alloc 11 147 2504 2448 200
free 14 -1 2544 200
alloc 5 328 3944 2200 200
free 16 -1 2632 200
free 47 -1 2896 200
free 18 -1 3248 200
free 9 -1 3376 200
free 20 -1 3472 200
alloc 35 152 456 3304 200
free 38 -1 3416 200
alloc 45 462 3200 2936 200
alloc 8 336 2672 2584 200
alloc 23 53 624 2488 200
alloc 42 567 4816 1904 200
alloc 17 116 2224 1768 200
free 28 -1 1808 200
free 11 -1 1976 200
alloc 14 476 5400 1448 200
alloc 21 136 2360 1296 200
alloc 0 113 2512 1136 200
free 15 -1 1488 200
free 34 -1 1904 200
alloc 9 99 16 1784 200
alloc 36 484 4288 1256 200
free 3 -1 1872 200
free 6 -1 1952 200
free 29 -1 2248 200
alloc 40 233 1312 1992 200
alloc 39 109 136 1864 200
free 42 -1 2448 200
alloc 33 44 264 2384 200
alloc 28 69 1568 2296 200
alloc 11 9 328 2256 200
alloc 30 64 1656 2152 200
free 5 -1 2496 200
alloc 16 597 7360 1880 200
alloc 31 408 3680 1456 200
alloc 18 414 4816 1024 200
free 9 -1 1144 200
alloc 20 510 -1 1144 200
alloc 19 225 6400 896 200
alloc 6 280 -1 896 200
alloc 29 383 -1 896 200
free 24 -1 1368 200
free 39 -1 1496 200
free 10 -1 2088 200
free 17 -1 2224 200
alloc 12 327 720 1880 200
free 43 -1 2056 200
alloc 46 212 16 1808 200
alloc 37 403 5928 1384 200
free 16 -1 2000 200
alloc 47 552 7360 1432 200
free 18 -1 1864 200
alloc 9 505 4816 1336 200
free 36 -1 1864 200
alloc 3 159 1064 1688 200
alloc 22 36 1240 1616 200
free 13 -1 2080 200
alloc 24 226 1760 1832 200
free 23 -1 1928 200
alloc 10 330 2008 1576 200
alloc 1 504 4104 1056 200
alloc 44 216 7928 792 200
alloc 43 321 -1 792 200
free 30 -1 896 200
free 37 -1 1320 200
alloc 32 536 -1 1320 200
free 31 -1 1744 200
alloc 2 423 5928 1272 200
free 9 -1 1800 200
free 4 -1 2328 200
free 35 -1 2496 200
free 22 -1 2568 200
free 45 -1 3048 200
free 24 -1 3296 200
alloc 39 430 3024 2848 200
free 26 -1 2896 200
free 1 -1 3416 200
free 28 -1 3504 200
free 11 -1 3544 200
free 46 -1 3792 200
free 21 -1 3944 200
free 0 -1 4104 200
free 47 -1 4672 200
alloc 34 24 16 4632 200
alloc 41 17 56 4592 200
alloc 4 566 3472 4008 200
free 3 -1 4184 200
alloc 22 362 328 3792 200
alloc 45 189 1064 3584 200
alloc 24 216 1568 3352 200
alloc 7 503 4056 2832 200
alloc 42 258 2360 2520 200
free 33 -1 2584 200
free 12 -1 2928 200
alloc 11 373 4576 2536 200
free 14 -1 3064 200
alloc 21 495 4968 2552 200
alloc 0 380 5480 2152 200
alloc 15 591 6648 1544 200
alloc 18 18 96 1504 200
alloc 9 426 7256 1056 200
free 4 -1 1640 200
alloc 3 176 136 1448 200
alloc 38 142 720 1288 200
free 45 -1 1496 200
free 40 -1 1752 200
alloc 23 503 880 1232 200
free 42 -1 1544 200
alloc 33 515 3472 1008 200
free 44 -1 1272 200
alloc 43 482 -1 1272 200
alloc 46 544 -1 1272 200
free 21 -1 1784 200
alloc 32 389 4968 1376 200
alloc 31 399 7704 960 200
free 34 -1 1000 200
free 9 -1 1448 200
alloc 4 508 -1 1448 200
free 19 -1 1696 200
alloc 6 211 2360 1464 200
alloc 13 33 1400 1408 200
free 24 -1 1640 200
free 39 -1 2088 200
alloc 42 288 1456 1784 200
alloc 17 473 -1 1784 200
alloc 28 183 1760 1584 200
alloc 27 24 16 1544 200
alloc 30 146 3024 1376 200
alloc 21 533 -1 1376 200
free 32 -1 1784 200
free 31 -1 2200 200
free 18 -1 2240 200
alloc 25 45 2592 2160 200
alloc 20 96 3192 2048 200
free 3 -1 2240 200
free 22 -1 2632 200
free 13 -1 2688 200
alloc 24 269 96 2400 200
free 7 -1 2920 200
free 10 -1 3272 200
alloc 1 311 384 2936 200
alloc 44 459 4008 2456 200
free 11 -1 2848 200
free 30 -1 3016 200
alloc 5 283 1960 2712 200
alloc 16 134 3024 2544 200
alloc 47 114 3304 2376 200
alloc 18 471 4488 1888 200
free 41 -1 1928 200
alloc 4 482 4976 1424 200
alloc 19 358 7256 1048 200
alloc 22 454 7632 576 200
alloc 45 209 6400 328 200
alloc 40 585 -1 328 200
free 23 -1 848 200
free 42 -1 1152 200
free 33 -1 1688 200
alloc 12 360 880 1312 200
alloc 43 195 1256 1096 200
alloc 14 147 1472 928 200
alloc 37 56 1640 856 200
free 0 -1 1256 200
alloc 31 32 1712 1208 200
free 18 -1 1696 200
alloc 41 176 3472 1504 200
free 4 -1 2008 200
alloc 35 534 4488 1456 200
free 22 -1 1928 200
alloc 29 223 3664 1688 200
alloc 40 408 5040 1264 200
alloc 23 139 5464 1104 200
alloc 10 323 7632 760 200
alloc 33 511 -1 760 200
free 28 -1 960 200
free 43 -1 1176 200
free 14 -1 1344 200
alloc 21 110 1256 1216 200
free 16 -1 1384 200
free 15 -1 1992 200
alloc 18 221 1384 1736 200
free 41 -1 1928 200
alloc 36 530 6648 1376 200
free 19 -1 1752 200
free 6 -1 1984 200
free 29 -1 2224 200
free 8 -1 2576 200
free 23 -1 2736 200
alloc 42 36 1760 2680 200
alloc 33 282 2264 2352 200
free 12 -1 2728 200
alloc 11 7 56 2688 200
alloc 14 129 880 2536 200
free 5 -1 2840 200
alloc 32 144 1032 2680 200
free 47 -1 2848 200
free 2 -1 3320 200
alloc 41 462 2672 2840 200
alloc 4 103 1816 2720 200
free 35 -1 3272 200
alloc 22 483 3304 2768 200
alloc 29 301 1936 2440 200
free 40 -1 2864 200
alloc 7 468 4488 2376 200
free 42 -1 2432 200
free 1 -1 2768 200
alloc 28 378 4976 2368 200
alloc 43 476 5376 1872 200
alloc 46 298 384 1536 200
free 37 -1 1608 200
alloc 0 397 5872 1192 200
alloc 15 468 -1 1192 200
alloc 2 46 1192 1128 200
free 41 -1 1608 200
free 36 -1 2160 200
alloc 3 325 2672 1816 200
alloc 6 85 3016 1712 200
free 45 -1 1960 200
free 24 -1 2248 200
free 7 -1 2736 200
alloc 26 493 6288 2224 200
alloc 1 454 4488 1736 200
free 44 -1 2216 200
free 43 -1 2712 200
alloc 30 12 96 2680 200
free 21 -1 2808 200
free 0 -1 3224 200
alloc 47 505 3808 2696 200
free 18 -1 2952 200
free 25 -1 3032 200
alloc 36 471 5376 2544 200
alloc 35 194 128 2328 200
free 38 -1 2488 200
alloc 45 40 720 2432 200
alloc 40 148 1256 2264 200
alloc 39 156 1424 2088 200
alloc 42 209 5864 1856 200
alloc 17 430 6800 1408 200
free 28 -1 1808 200
free 27 -1 1848 200
free 14 -1 2000 200
alloc 37 127 776 1856 200
alloc 16 592 -1 1856 200
free 31 -1 1904 200
alloc 34 550 -1 1904 200
alloc 41 231 4976 1656 200
free 4 -1 1776 200
free 35 -1 1992 200
free 6 -1 2096 200
free 29 -1 2424 200
alloc 24 182 128 2224 200
alloc 7 93 920 2112 200
free 42 -1 2344 200
free 33 -1 2672 200
alloc 12 122 1600 2528 200
alloc 43 13 16 2488 200
alloc 14 77 1744 2392 200
alloc 5 376 1840 2000 200
alloc 16 303 2232 1680 200
alloc 15 509 -1 1680 200
alloc 18 376 5864 1256 200
alloc 9 480 -1 1256 200
free 20 -1 1368 200
alloc 35 192 3016 1160 200
alloc 6 570 -1 1160 200
free 45 -1 1216 200
free 24 -1 1416 200
free 39 -1 1592 200
alloc 42 439 -1 1592 200
alloc 33 569 -1 1592 200
alloc 28 182 128 1392 200
free 11 -1 1432 200
free 30 -1 1464 200
free 37 -1 1608 200
free 16 -1 1928 200
alloc 31 509 -1 1928 200
free 2 -1 1992 200
alloc 9 211 2232 1760 200
alloc 4 178 720 1560 200
free 3 -1 1904 200
alloc 38 291 2464 1592 200
alloc 45 241 7248 1328 200
free 40 -1 1496 200
alloc 23 152 1192 1328 200
alloc 42 230 -1 1328 200
alloc 33 316 -1 1328 200
alloc 44 50 56 1256 200
free 43 -1 1296 200
free 46 -1 1632 200
free 5 -1 2024 200
alloc 0 488 -1 2024 200
alloc 15 579 -1 2024 200
alloc 34 115 328 1888 200
free 41 -1 2136 200
alloc 20 150 464 1968 200
alloc 19 385 -1 1968 200
free 22 -1 2472 200
alloc 13 226 1840 2224 200
alloc 24 323 3224 1880 200
free 23 -1 2048 200
free 10 -1 2392 200
free 1 -1 2880 200
free 44 -1 2952 200
alloc 11 124 1192 2808 200
free 14 -1 2904 200
alloc 21 446 4336 2440 200
alloc 16 388 4800 2032 200
alloc 31 227 1336 1768 200
free 34 -1 1904 200
alloc 41 171 2776 1712 200
free 36 -1 2200 200
alloc 3 471 5208 1712 200
alloc 6 495 7512 1200 200
free 13 -1 1448 200
free 24 -1 1792 200
alloc 39 187 1744 1584 200
alloc 42 340 3224 1224 200
free 17 -1 1672 200
free 12 -1 1816 200
alloc 27 324 6800 1472 200
alloc 30 158 1952 1296 200
alloc 5 44 16 1232 200
free 32 -1 1392 200
free 47 -1 1920 200
alloc 34 593 3584 1304 200
free 9 -1 1536 200
free 4 -1 1736 200
free 35 -1 1944 200
free 38 -1 2256 200
alloc 13 264 632 1968 200
alloc 24 65 328 1880 200
free 7 -1 1992 200
alloc 10 209 920 1760 200
alloc 1 83 1600 1656 200
alloc 12 85 2128 1552 200
free 27 -1 1896 200
alloc 14 120 2232 1760 200
free 21 -1 2224 200
alloc 32 63 2368 2144 200
free 31 -1 2408 200
free 34 -1 3024 200
alloc 25 164 1336 2840 200
free 20 -1 3008 200
alloc 19 138 416 2848 200
free 6 -1 3360 200
alloc 29 72 2448 3272 200
alloc 8 227 2968 3016 200
free 39 -1 3224 200
free 26 -1 3736 200
free 1 -1 3840 200
free 12 -1 3944 200
alloc 43 199 1520 3728 200
free 30 -1 3904 200
alloc 21 439 1736 3448 200
free 32 -1 3528 200
alloc 47 97 2536 3408 200
alloc 2 101 2656 3288 200
alloc 9 58 2368 3208 200
alloc 20 466 3584 2720 200
free 3 -1 3208 200
alloc 38 262 4072 2928 200
free 45 -1 3192 200
free 8 -1 3448 200
alloc 7 466 5208 2960 200
alloc 26 36 576 2904 200
alloc 33 307 4352 2576 200
alloc 44 589 6288 1968 200
alloc 27 325 6896 1624 200
free 14 -1 1760 200
free 21 -1 2216 200
free 16 -1 2624 200
alloc 31 479 1736 2128 200
free 2 -1 2248 200
free 41 -1 2440 200
free 20 -1 2928 200
free 19 -1 3088 200
alloc 22 184 2656 2888 200
alloc 45 451 3584 2400 200
alloc 40 507 4680 1872 200
free 7 -1 2360 200
free 10 -1 2592 200
alloc 1 452 5208 2120 200
free 28 -1 2320 200
free 27 -1 2664 200
alloc 30 106 80 2536 200
free 5 -1 2600 200
alloc 32 340 2856 2232 200
alloc 15 277 6896 1936 200
free 18 -1 2360 200
free 25 -1 2544 200
alloc 4 139 416 2384 200
alloc 19 403 5680 1960 200
alloc 6 186 920 1752 200
free 29 -1 1840 200
free 40 -1 2368 200
alloc 23 29 16 2304 200
free 26 -1 2360 200
alloc 17 276 4680 2064 200
alloc 28 94 208 1944 200
alloc 27 123 1336 1800 200
free 30 -1 1928 200
alloc 5 275 7192 1632 200
free 32 -1 2000 200
free 31 -1 2496 200
alloc 2 122 1736 2352 200
alloc 25 144 1880 2192 200
alloc 20 279 2040 1864 200
alloc 3 497 7488 1344 200
free 6 -1 1552 200
alloc 29 84 80 1424 200
alloc 8 207 920 1200 200
alloc 7 27 576 1144 200
free 42 -1 1504 200
free 1 -1 1976 200
alloc 12 384 2856 1576 200
free 43 -1 1792 200
alloc 30 176 1480 1600 200
alloc 21 451 4976 1128 200
alloc 16 517 -1 1128 200
alloc 31 528 -1 1128 200
free 2 -1 1272 200
free 25 -1 1432 200
alloc 36 395 -1 1432 200
free 19 -1 1856 200
free 38 -1 2136 200
free 13 -1 2424 200
alloc 40 200 632 2208 200
free 7 -1 2264 200
alloc 26 224 1672 2024 200
free 17 -1 2320 200
free 28 -1 2440 200
alloc 43 150 3256 2272 200
alloc 46 588 5448 1664 200
free 21 -1 2136 200
alloc 32 209 4072 1904 200
free 15 -1 2200 200
alloc 2 280 4680 1904 200
alloc 41 43 208 1840 200
free 20 -1 2168 200
alloc 35 545 -1 2168 200
free 22 -1 2368 200
free 45 -1 2856 200
free 24 -1 2944 200
alloc 39 515 3424 2408 200
alloc 42 164 1912 2224 200
alloc 1 200 2096 2008 200
alloc 28 283 4976 1704 200
free 11 -1 1848 200
free 30 -1 2040 200
alloc 37 518 -1 2040 200
free 32 -1 2272 200
alloc 31 174 1144 2080 200
free 2 -1 2376 200
alloc 25 33 272 2320 200
alloc 36 249 3960 2048 200
free 3 -1 2568 200
alloc 38 328 7488 2224 200
alloc 45 274 4680 1928 200
free 8 -1 2152 200
free 39 -1 2688 200
alloc 10 249 848 2392 200
alloc 17 544 -1 2392 200
free 44 -1 3000 200
alloc 11 490 3424 2464 200
free 46 -1 3072 200
alloc 37 201 5280 2848 200
alloc 0 437 5504 2392 200
free 31 -1 2584 200
alloc 34 328 5960 2240 200
free 41 -1 2304 200
alloc 20 411 6304 1872 200
alloc 35 447 -1 1872 200
free 38 -1 2216 200
alloc 13 155 1144 2024 200
alloc 8 499 7488 1504 200
free 23 -1 1568 200
free 42 -1 1752 200
alloc 17 395 6736 1336 200
alloc 44 214 -1 1336 200
free 43 -1 1504 200
alloc 14 575 -1 1504 200
alloc 21 447 -1 1504 200
free 0 -1 1960 200
alloc 31 388 5504 1552 200
alloc 2 13 16 1488 200
free 9 -1 1568 200
free 36 -1 1840 200
alloc 35 122 1480 1696 200
alloc 22 425 -1 1696 200
free 29 -1 1824 200
free 8 -1 2344 200
alloc 39 588 7488 1736 200
free 26 -1 1976 200
free 33 -1 2304 200
free 12 -1 2704 200
free 27 -1 2848 200
alloc 30 459 2656 2368 200
free 5 -1 2664 200
alloc 0 155 80 2472 200
free 47 -1 2592 200
alloc 18 241 1624 2328 200
alloc 41 383 3960 1928 200
free 20 -1 2360 200
alloc 3 307 2312 2016 200
alloc 38 309 6304 1688 200
alloc 29 246 3136 1400 200
alloc 8 129 1888 1248 200
alloc 7 149 4360 1080 200
alloc 42 464 -1 1080 200
alloc 33 326 -1 1080 200
alloc 12 362 -1 1080 200
alloc 27 544 -1 1080 200
alloc 46 439 -1 1080 200
alloc 21 413 -1 1080 200
alloc 16 439 -1 1080 200
alloc 15 453 -1 1080 200
free 18 -1 1344 200
alloc 9 200 1624 1128 200
alloc 36 309 7152 792 200
free 3 -1 1136 200
free 38 -1 1464 200
free 45 -1 1760 200
free 8 -1 1912 200
free 7 -1 2080 200
alloc 26 90 1336 1936 200
alloc 33 473 4360 1440 200
free 28 -1 1744 200
free 11 -1 2280 200
free 30 -1 2760 200
free 37 -1 2984 200
free 0 -1 3176 200
alloc 15 24 80 3136 200
alloc 18 287 2312 2832 200
free 41 -1 3232 200
free 4 -1 3392 200
alloc 3 329 2616 3040 200
alloc 22 230 328 2792 200
free 29 -1 3080 200
alloc 24 340 2968 2720 200
alloc 23 80 120 2624 200
alloc 42 238 1840 2368 200
free 1 -1 2584 200
alloc 12 88 2096 2480 200
alloc 11 281 3328 2176 200
alloc 46 533 3632 1624 200
alloc 21 163 4856 1440 200
alloc 32 578 -1 1440 200
free 31 -1 1848 200
free 2 -1 1912 200
free 25 -1 1968 200
free 36 -1 2304 200
alloc 19 497 5040 1784 200
alloc 6 488 -1 1784 200
alloc 29 15 16 1720 200
free 24 -1 2080 200
alloc 7 318 2968 1720 200
free 26 -1 1864 200
free 17 -1 2280 200
alloc 44 185 5560 2072 200
alloc 43 22 216 2032 200
alloc 14 26 256 1960 200
free 21 -1 2144 200
alloc 16 516 6304 1608 200
free 15 -1 1648 200
alloc 2 432 6840 1200 200
alloc 25 358 -1 1200 200
alloc 36 362 -1 1200 200
free 19 -1 1720 200
alloc 6 535 4856 1168 200
free 29 -1 1232 200
alloc 24 514 -1 1232 200
free 39 -1 1840 200
free 10 -1 2136 200
alloc 1 536 7288 1584 200
free 44 -1 1792 200
free 11 -1 2096 200
free 14 -1 2168 200
alloc 37 126 848 2024 200
alloc 0 598 -1 2024 200
alloc 15 377 5408 1624 200
free 34 -1 1968 200
alloc 25 305 5808 1640 200
alloc 36 105 992 1488 200
free 3 -1 1840 200
free 6 -1 2392 200
alloc 29 221 2616 2152 200
free 40 -1 2368 200
free 23 -1 2464 200
alloc 10 561 -1 2464 200
free 33 -1 2960 200
alloc 44 95 16 2848 200
alloc 11 202 576 2624 200
free 46 -1 3176 200
free 37 -1 3320 200
alloc 32 455 3328 2848 200
free 15 -1 3248 200
free 18 -1 3552 200
free 9 -1 3768 200
alloc 4 254 2200 3496 200
alloc 3 557 3800 2920 200
alloc 6 597 4376 2304 200
free 13 -1 2496 200
alloc 40 333 4992 2144 200
alloc 39 473 -1 2144 200
alloc 10 464 -1 2144 200
free 1 -1 2696 200
free 12 -1 2800 200
alloc 27 338 5344 2440 200
alloc 30 188 1144 2232 200
alloc 5 330 7288 1880 200
free 32 -1 2352 200
alloc 47 457 7640 1872 200
alloc 34 431 3328 1400 200
alloc 9 530 -1 1400 200
free 4 -1 1672 200
free 35 -1 1816 200
free 22 -1 2064 200
alloc 45 104 256 1944 200
alloc 24 543 -1 1944 200
free 7 -1 2304 200
alloc 26 372 1352 1912 200
alloc 17 318 2096 1576 200
alloc 28 584 -1 1576 200
free 27 -1 1936 200
alloc 46 352 2856 1568 200
free 5 -1 1920 200
alloc 32 21 128 1880 200
free 47 -1 2360 200
free 2 -1 2808 200
free 25 -1 3136 200
free 36 -1 3288 200
alloc 19 480 5344 2792 200
alloc 38 277 800 2496 200
alloc 13 377 5840 2096 200
alloc 24 550 6840 1528 200
alloc 7 173 376 1328 200
free 26 -1 1720 200
alloc 1 124 1352 1576 200
free 44 -1 1688 200
free 43 -1 1728 200
alloc 14 453 7408 1256 200
alloc 21 141 1496 1096 200
alloc 0 10 16 1064 200
alloc 31 2 48 1040 200
free 34 -1 1512 200
alloc 41 154 1656 1328 200
alloc 20 560 3224 752 200
free 19 -1 1248 200
free 38 -1 1544 200
free 13 -1 1944 200
free 24 -1 2512 200
alloc 39 266 800 2224 200
alloc 26 386 5344 1816 200
free 1 -1 1960 200
alloc 28 30 72 1904 200
alloc 27 139 2432 1720 200
free 14 -1 2192 200
alloc 37 109 1352 2048 200
free 16 -1 2584 200
free 31 -1 2608 200
alloc 18 319 5752 2272 200
free 41 -1 2456 200
alloc 36 412 6088 2024 200
free 3 -1 2600 200
alloc 22 270 3800 2312 200
free 45 -1 2432 200
free 40 -1 2784 200
free 7 -1 2984 200
alloc 10 300 168 2664 200
alloc 1 490 6520 2152 200
free 28 -1 2208 200
alloc 43 179 4088 2008 200
free 30 -1 2216 200
free 37 -1 2360 200
free 0 -1 2392 200
alloc 47 293 1088 2080 200
free 18 -1 2416 200
alloc 41 424 7032 1976 200
free 36 -1 2408 200
alloc 3 196 4992 2192 200
free 6 -1 2808 200
alloc 45 292 4288 2496 200
alloc 40 600 5752 1880 200
alloc 7 182 4600 1680 200
free 42 -1 1936 200
free 17 -1 2272 200
alloc 44 561 1656 1688 200
free 27 -1 1872 200
free 46 -1 2240 200
alloc 5 329 2240 1864 200
free 32 -1 1904 200
alloc 15 198 2856 1688 200
alloc 18 229 7472 1440 200
alloc 9 65 16 1352 200
alloc 4 16 104 1288 200
alloc 19 396 7720 872 200
alloc 38 185 -1 872 200
free 45 -1 1184 200
alloc 8 285 4288 872 200
free 7 -1 1072 200
alloc 42 36 488 984 200
free 1 -1 1496 200
alloc 12 582 6368 896 200
free 43 -1 1096 200
alloc 46 131 3072 944 200
free 5 -1 1320 200
alloc 16 451 -1 1320 200
free 47 -1 1632 200
alloc 2 463 -1 1632 200
alloc 25 433 -1 1632 200
free 4 -1 1696 200
free 19 -1 2112 200
alloc 38 520 -1 2112 200
alloc 45 106 1088 1984 200
free 8 -1 2296 200
alloc 23 537 4088 1736 200
free 42 -1 1824 200
alloc 17 512 -1 1824 200
free 12 -1 2424 200
free 11 -1 2648 200
alloc 30 453 6368 2176 200
free 21 -1 2336 200
alloc 16 2 104 2312 200
alloc 31 401 1216 1872 200
free 18 -1 2120 200
free 9 -1 2208 200
alloc 4 398 7472 1792 200
free 3 -1 2008 200
alloc 38 351 2240 1632 200
free 45 -1 1760 200
alloc 24 520 4648 1224 200
free 39 -1 1512 200
free 10 -1 1832 200
alloc 17 555 128 1256 200
alloc 28 81 704 1152 200
alloc 43 167 808 968 200
free 30 -1 1440 200
alloc 5 154 992 1264 200
alloc 0 156 6368 1088 200
free 15 -1 1304 200
alloc 18 586 -1 1304 200
alloc 25 263 6544 1024 200
alloc 36 327 -1 1024 200
alloc 19 485 -1 1024 200
free 22 -1 1312 200
free 29 -1 1552 200
free 40 -1 2168 200
alloc 39 220 2616 1928 200
alloc 10 271 3800 1640 200
alloc 33 163 2856 1424 200
alloc 12 171 5752 1232 200
free 43 -1 1416 200
alloc 30 587 -1 1416 200
alloc 21 570 -1 1416 200
alloc 32 453 -1 1416 200
free 31 -1 1856 200
alloc 18 169 1168 1664 200
free 25 -1 1944 200
alloc 36 150 808 1760 200
alloc 3 123 1360 1616 200
alloc 6 243 5944 1352 200
alloc 13 489 -1 1352 200
alloc 8 417 6544 912 200
free 23 -1 1472 200
free 26 -1 1880 200
free 33 -1 2096 200
free 44 -1 2680 200
alloc 27 344 1504 2320 200
free 46 -1 2472 200
alloc 37 2 16 2448 200
alloc 32 148 1864 2280 200
alloc 47 175 2032 2072 200
free 18 -1 2264 200
alloc 9 104 1168 2144 200
free 36 -1 2328 200
free 3 -1 2472 200
free 38 -1 2848 200
alloc 13 12 40 2784 200
free 24 -1 3320 200
free 39 -1 3560 200
alloc 26 474 2240 3064 200
free 17 -1 3640 200
free 28 -1 3744 200
alloc 43 360 128 3368 200
alloc 14 244 504 3104 200
free 37 -1 3128 200
free 16 -1 3152 200
free 47 -1 3360 200
alloc 2 34 768 3304 200
free 9 -1 3424 200
alloc 36 172 1168 3232 200
alloc 19 582 4088 2632 200
free 6 -1 2896 200
free 13 -1 2960 200
alloc 40 425 2736 2512 200
alloc 7 299 4688 2192 200
alloc 42 230 5008 1944 200
alloc 1 98 824 1824 200
alloc 44 178 2032 1616 200
free 27 -1 1976 200
alloc 46 101 1360 1856 200
free 5 -1 2032 200
free 0 -1 2208 200
alloc 15 211 1480 1976 200
alloc 18 150 944 1808 200
alloc 9 534 5944 1256 200
free 4 -1 1672 200
alloc 35 366 5256 1288 200
alloc 22 333 7472 936 200
alloc 13 514 -1 936 200
free 40 -1 1384 200
alloc 39 368 2736 1000 200
free 26 -1 1496 200
alloc 17 74 16 1384 200
free 44 -1 1592 200
alloc 27 489 2032 1080 200
free 14 -1 1344 200
alloc 37 451 -1 1344 200
alloc 0 87 504 1240 200
alloc 47 232 7824 992 200
free 18 -1 1160 200
free 9 -1 1712 200
alloc 4 440 5944 1256 200
alloc 3 95 608 1144 200
alloc 38 25 720 1096 200
alloc 45 199 944 872 200
alloc 40 495 -1 872 200
alloc 23 142 2544 680 200
free 42 -1 928 200
free 1 -1 1048 200
free 12 -1 1240 200
free 27 -1 1752 200
alloc 14 425 2032 1304 200
alloc 21 265 5640 1000 200
alloc 16 35 824 944 200
free 47 -1 1192 200
alloc 34 185 5008 984 200
free 41 -1 1424 200
free 20 -1 2000 200
free 35 -1 2384 200
free 38 -1 2432 200
alloc 29 533 3120 1880 200
alloc 24 513 -1 1880 200
free 39 -1 2264 200
alloc 26 550 -1 2264 200
alloc 33 445 6984 1776 200
alloc 12 549 -1 1776 200
alloc 27 279 2736 1480 200
free 46 -1 1600 200
alloc 5 255 5216 1328 200
free 0 -1 1432 200
alloc 47 526 -1 1432 200
alloc 18 419 -1 1432 200
alloc 25 12 504 1400 200
free 36 -1 1592 200
free 19 -1 2192 200
free 22 -1 2544 200
free 29 -1 3096 200
alloc 24 48 536 3024 200
free 23 -1 3216 200
alloc 26 477 3032 2720 200
alloc 1 118 1168 2584 200
alloc 44 166 2480 2400 200
alloc 11 109 1304 2272 200
alloc 30 76 1712 2176 200
free 21 -1 2480 200
free 16 -1 2536 200
alloc 31 276 4088 2240 200
free 2 -1 2296 200
alloc 41 460 7472 1816 200
alloc 20 378 5488 1416 200
free 3 -1 1528 200
alloc 38 302 608 1192 200
free 45 -1 1416 200
free 24 -1 1488 200
alloc 39 188 944 1264 200
free 26 -1 1760 200
free 17 -1 1872 200
alloc 28 464 3032 1392 200
free 27 -1 1688 200
free 30 -1 1784 200
free 5 -1 2056 200
free 32 -1 2224 200
free 15 -1 2456 200
free 34 -1 2664 200
free 25 -1 2696 200
alloc 36 150 1432 2528 200
alloc 19 568 -1 2528 200
alloc 6 475 -1 2528 200
alloc 29 342 1600 2168 200
free 8 -1 2608 200
free 7 -1 2928 200
alloc 26 539 4384 2368 200
free 33 -1 2856 200
free 28 -1 3336 200
free 43 -1 3712 200
alloc 46 455 16 3240 200
alloc 21 549 2664 2672 200
alloc 0 266 3232 2384 200
alloc 15 309 4944 2056 200
alloc 18 40 488 2000 200
alloc 9 440 6400 1544 200
free 36 -1 1712 200
alloc 35 464 6856 1232 200
alloc 22 263 3520 952 200
free 29 -1 1312 200
alloc 40 538 1432 752 200
alloc 23 365 -1 752 200
free 10 -1 1040 200
alloc 17 108 3800 912 200
free 44 -1 1096 200
free 11 -1 1224 200
free 14 -1 1672 200
free 21 -1 2240 200
alloc 16 14 544 2176 200
free 15 -1 2504 200
alloc 34 332 1992 2152 200
free 41 -1 2632 200
alloc 36 508 2344 2104 200
alloc 3 441 4944 1640 200
free 38 -1 1976 200
alloc 45 465 7336 1488 200
alloc 8 527 -1 1488 200
free 39 -1 1712 200
free 26 -1 2272 200
free 1 -1 2408 200
alloc 44 50 608 2336 200
alloc 43 379 680 1936 200
free 46 -1 2408 200
alloc 37 72 16 2320 200
alloc 32 258 104 2040 200
alloc 15 219 1080 1800 200
alloc 2 545 -1 1800 200
alloc 41 288 2872 1496 200
free 36 -1 2024 200
alloc 19 185 2344 1816 200
free 22 -1 2096 200
alloc 29 567 -1 2096 200
alloc 24 35 384 2040 200
alloc 7 150 2552 1872 200
alloc 10 419 4384 1432 200
alloc 1 541 -1 1432 200
alloc 12 591 -1 1432 200
free 43 -1 1832 200
alloc 46 4 440 1784 200
alloc 21 94 680 1672 200
free 0 -1 1960 200
free 31 -1 2256 200
alloc 2 168 792 2072 200
free 9 -1 2528 200
free 20 -1 2928 200
free 35 -1 3408 200
alloc 22 324 3176 3064 200
free 45 -1 3552 200
free 40 -1 4112 200
alloc 39 491 1320 3600 200
free 10 -1 4040 200
free 17 -1 4168 200
alloc 12 190 3520 3960 200
alloc 43 241 3728 3696 200
alloc 14 369 3992 3304 200
free 37 -1 3392 200
alloc 0 446 4384 2928 200
free 15 -1 3168 200
free 34 -1 3520 200
alloc 9 396 1832 3104 200
alloc 20 4 16 3080 200
alloc 35 132 976 2928 200
alloc 38 72 1128 2840 200
alloc 45 74 1216 2736 200
alloc 8 276 5408 2440 200
free 7 -1 2608 200
alloc 42 587 6400 2000 200
alloc 33 429 7008 1552 200
free 44 -1 1624 200
free 43 -1 1888 200
free 14 -1 2280 200
free 21 -1 2392 200
free 32 -1 2672 200
alloc 31 321 40 2328 200
free 18 -1 2384 200
alloc 25 332 3728 2032 200
free 20 -1 2056 200
free 3 -1 2520 200
free 38 -1 2608 200
free 45 -1 2712 200
free 24 -1 2768 200
alloc 7 255 2552 2496 200
alloc 10 560 7456 1920 200
alloc 17 267 4080 1616 200
free 12 -1 1824 200
alloc 27 2 16 1800 200
alloc 14 47 608 1736 200
alloc 21 351 4848 1368 200
alloc 32 462 -1 1368 200
alloc 47 241 -1 1368 200
alloc 18 426 -1 1368 200
free 41 -1 1672 200
free 4 -1 2128 200
free 35 -1 2280 200
free 22 -1 2624 200
alloc 13 526 2824 2080 200
alloc 24 479 5704 1584 200
free 39 -1 2096 200
alloc 26 244 976 1832 200
free 33 -1 2280 200
alloc 28 64 672 2200 200
alloc 11 144 1240 2040 200
alloc 30 43 1400 1976 200
free 21 -1 2344 200
free 0 -1 2808 200
alloc 47 508 4384 2280 200
alloc 18 89 1464 2168 200
free 25 -1 2520 200
alloc 20 353 3368 2144 200
free 19 -1 2352 200
alloc 6 43 1576 2288 200
alloc 29 182 2248 2088 200
free 8 -1 2384 200
alloc 23 122 1640 2240 200
free 10 -1 2816 200
free 17 -1 3120 200
alloc 12 2 384 3064 200
free 27 -1 3088 200
free 30 -1 3152 200
alloc 21 277 3744 2856 200
alloc 0 258 4040 2576 200
free 47 -1 3104 200
free 2 -1 3288 200
free 9 -1 3704 200
free 20 -1 4080 200
alloc 19 563 4320 3496 200
alloc 22 519 4904 2960 200
free 29 -1 3160 200
free 24 -1 3656 200
alloc 39 74 752 3560 200
free 26 -1 3824 200
alloc 17 140 848 3664 200
free 28 -1 3744 200
alloc 27 443 1784 3280 200
free 46 -1 3328 200
alloc 5 411 5440 2896 200
free 16 -1 2960 200
free 31 -1 3304 200
alloc 2 546 7008 2736 200
alloc 25 280 16 2440 200
alloc 36 556 7576 1864 200
alloc 3 593 -1 1864 200
free 22 -1 2400 200
alloc 45 297 3368 2080 200
alloc 24 196 1008 1848 200
free 7 -1 2120 200
alloc 26 305 2248 1792 200
alloc 1 418 4904 1352 200
free 12 -1 1408 200
free 11 -1 1568 200
free 14 -1 1632 200
alloc 37 160 312 1456 200
alloc 32 466 5872 968 200
alloc 15 483 -1 968 200
alloc 34 451 -1 968 200
alloc 9 566 -1 968 200
alloc 20 382 -1 968 200
free 19 -1 1552 200
alloc 22 117 488 1416 200
free 13 -1 1960 200
alloc 8 206 1240 1736 200
alloc 7 598 2576 1120 200
free 42 -1 1728 200
free 17 -1 1888 200
alloc 28 444 4320 1424 200
alloc 43 358 6360 1048 200
alloc 30 455 -1 1048 200
free 21 -1 1344 200
free 0 -1 1624 200
alloc 47 288 3688 1320 200
alloc 34 426 -1 1320 200
alloc 41 83 624 1192 200
alloc 20 29 848 1144 200
alloc 19 332 -1 1144 200
free 6 -1 1208 200
alloc 29 362 -1 1208 200
free 24 -1 1440 200
free 7 -1 2056 200
alloc 10 506 2576 1528 200
alloc 17 85 896 1424 200
alloc 44 120 1000 1288 200
free 43 -1 1664 200
alloc 46 539 6360 1104 200
free 5 -1 1536 200
alloc 16 379 5344 1136 200
free 47 -1 1440 200
free 2 -1 2008 200
alloc 9 300 3688 1688 200
alloc 4 151 3104 1520 200
alloc 19 567 6920 936 200
alloc 38 192 4008 728 200
alloc 13 48 1136 664 200
alloc 24 265 -1 664 200
free 23 -1 808 200
alloc 42 531 -1 808 200
free 1 -1 1248 200
free 44 -1 1384 200
alloc 43 84 1000 1248 200
alloc 14 112 1576 1120 200
alloc 5 375 4784 728 200
free 32 -1 1216 200
alloc 15 308 5744 888 200
free 18 -1 1000 200
free 25 -1 1296 200
free 20 -1 1344 200
alloc 3 109 16 1216 200
alloc 6 541 -1 1216 200
free 45 -1 1536 200
free 8 -1 1760 200
free 39 -1 1856 200
free 26 -1 2184 200
alloc 33 488 -1 2184 200
alloc 12 140 144 2016 200
free 27 -1 2480 200
alloc 30 356 1200 2104 200
free 5 -1 2496 200
alloc 0 572 1704 1904 200
alloc 31 188 2296 1696 200
alloc 18 114 752 1552 200
alloc 25 127 3272 1408 200
free 36 -1 1984 200
free 19 -1 2568 200
free 38 -1 2776 200
alloc 45 496 4784 2264 200
alloc 40 44 2504 2192 200
alloc 7 274 4008 1880 200
alloc 42 193 3416 1664 200
alloc 33 331 6920 1312 200
free 28 -1 1776 200
alloc 27 389 4320 1368 200
free 46 -1 1928 200
alloc 21 2 3632 1872 200
free 16 -1 2272 200
free 31 -1 2480 200
free 18 -1 2624 200
free 41 -1 2752 200
free 4 -1 2920 200
free 3 -1 3048 200
alloc 38 45 16 2984 200
free 45 -1 3496 200
free 40 -1 3568 200
alloc 23 114 624 3432 200
alloc 26 195 2296 3216 200
alloc 1 540 4728 2656 200
alloc 28 583 6072 2056 200
free 43 -1 2192 200
free 30 -1 2568 200
free 37 -1 2744 200
alloc 16 135 312 2568 200
alloc 47 287 1200 2264 200
alloc 18 560 7272 1688 200
free 9 -1 2008 200
alloc 36 189 3688 1800 200
alloc 35 320 5288 1464 200
free 38 -1 1528 200
free 13 -1 1592 200
alloc 24 261 7848 1312 200
alloc 39 386 -1 1312 200
free 26 -1 1528 200
free 1 -1 2088 200
alloc 44 283 4728 1784 200
alloc 43 584 -1 1784 200
alloc 30 585 -1 1784 200
alloc 37 301 -1 1784 200
free 0 -1 2376 200
alloc 31 101 16 2248 200
alloc 34 260 1704 1968 200
free 25 -1 2112 200
free 36 -1 2320 200
free 35 -1 2656 200
alloc 38 379 1984 2256 200
alloc 45 97 760 2120 200
alloc 40 593 5032 1504 200
free 7 -1 1816 200
free 10 -1 2344 200
free 33 -1 2696 200
free 28 -1 3296 200
alloc 11 297 2384 2976 200
alloc 46 549 2704 2408 200
alloc 37 480 3688 1912 200
alloc 0 416 6072 1480 200
free 15 -1 1808 200
free 18 -1 2384 200
alloc 25 443 6504 1920 200
alloc 20 374 5648 1496 200
alloc 3 412 6968 1064 200
alloc 6 96 1000 952 200
alloc 29 295 7400 640 200
free 24 -1 920 200
alloc 39 384 7712 520 200
alloc 10 195 -1 520 200
alloc 33 207 -1 520 200
alloc 28 332 -1 520 200
free 27 -1 928 200
alloc 30 415 4184 496 200
alloc 5 209 -1 496 200
alloc 32 177 -1 496 200
alloc 15 182 -1 496 200
alloc 2 80 3272 400 200
alloc 41 475 -1 400 200
alloc 4 8 1112 376 200
free 3 -1 808 200
free 6 -1 920 200
alloc 13 381 6968 488 200
free 40 -1 1104 200
alloc 7 233 5032 848 200
alloc 10 34 1000 792 200
free 17 -1 896 200
alloc 28 163 5288 712 200
free 11 -1 1032 200
free 30 -1 1464 200
free 37 -1 1960 200
free 0 -1 2392 200
free 31 -1 2520 200
free 2 -1 2616 200
alloc 41 198 2384 2400 200
free 4 -1 2424 200
alloc 19 191 3688 2216 200
free 22 -1 2352 200
free 45 -1 2488 200
alloc 24 313 3896 2152 200
free 23 -1 2288 200
alloc 26 262 488 2008 200
alloc 1 459 4232 1512 200
free 44 -1 1816 200
alloc 43 356 6072 1440 200
free 46 -1 2008 200
free 21 -1 2064 200
free 16 -1 2240 200
alloc 31 65 16 2152 200
alloc 18 67 312 2064 200
free 41 -1 2280 200
alloc 36 384 2384 1880 200
free 19 -1 2088 200
alloc 22 410 2784 1656 200
alloc 45 341 -1 1656 200
alloc 8 227 3632 1392 200
alloc 23 180 768 1160 200
free 26 -1 1440 200
alloc 33 408 -1 1440 200
alloc 44 598 -1 1440 200
alloc 11 549 -1 1440 200
alloc 30 124 400 1296 200
alloc 21 487 -1 1296 200
alloc 32 542 -1 1296 200
free 47 -1 1600 200
free 34 -1 1880 200
alloc 41 380 1056 1480 200
free 20 -1 1904 200
alloc 35 50 544 1832 200
alloc 6 548 5472 1232 200
free 13 -1 1664 200
free 24 -1 2000 200
free 7 -1 2256 200
alloc 26 196 1704 2040 200
free 1 -1 2536 200
alloc 44 125 616 2384 200
free 43 -1 2760 200
alloc 46 496 3896 2248 200
alloc 5 237 4408 1992 200
alloc 32 565 4664 1408 200
alloc 47 4 104 1368 200
free 18 -1 1456 200
free 25 -1 1920 200
alloc 20 337 6072 1560 200
alloc 19 104 1456 1440 200
free 6 -1 2040 200
alloc 45 459 5472 1560 200
alloc 24 38 312 1472 200
free 39 -1 1872 200
free 42 -1 2088 200
alloc 33 102 3216 1968 200
free 28 -1 2152 200
alloc 43 229 3336 1904 200
free 14 -1 2032 200
free 5 -1 2288 200
free 32 -1 2872 200
free 31 -1 2960 200
alloc 34 589 4408 2352 200
free 41 -1 2752 200
free 20 -1 3112 200
alloc 3 598 5952 2496 200
alloc 6 498 6568 1976 200
alloc 13 468 -1 1976 200
free 8 -1 2240 200
alloc 39 202 1056 2016 200
alloc 42 7 16 1992 200
alloc 17 228 3584 1744 200
free 44 -1 1896 200
alloc 27 379 5016 1496 200
free 30 -1 1640 200
alloc 37 389 7712 1232 200
alloc 16 78 400 1136 200
free 47 -1 1176 200
free 34 -1 1784 200
alloc 41 565 4408 1176 200
alloc 4 586 -1 1176 200
free 19 -1 1296 200
free 38 -1 1696 200
alloc 13 111 616 1544 200
alloc 40 593 -1 1544 200
free 23 -1 1776 200
free 42 -1 1800 200
alloc 1 394 1280 1376 200
alloc 28 85 16 1248 200
free 43 -1 1496 200
alloc 14 595 -1 1496 200
free 37 -1 1904 200
alloc 0 232 1920 1656 200
alloc 47 437 7712 1176 200
alloc 18 6 496 1128 200
free 41 -1 1736 200
free 36 -1 2136 200
free 35 -1 2208 200
free 6 -1 2728 200
free 13 -1 2880 200
alloc 40 128 544 2736 200
free 39 -1 2960 200
alloc 42 589 2168 2344 200
free 33 -1 2464 200
free 28 -1 2592 200
alloc 43 406 4408 2168 200
alloc 30 103 16 2040 200
alloc 37 99 688 1920 200
free 0 -1 2168 200
alloc 31 91 808 2056 200
alloc 2 144 1056 1896 200
alloc 9 433 6568 1440 200
alloc 4 328 3216 1072 200
free 3 -1 1688 200
free 22 -1 2120 200
alloc 13 285 2784 1816 200
alloc 8 437 5952 1360 200
alloc 7 569 -1 1360 200
free 10 -1 1416 200
alloc 33 138 1920 1256 200
free 12 -1 1424 200
alloc 11 55 144 1352 200
free 46 -1 1864 200
free 37 -1 1984 200
alloc 32 56 216 1888 200
free 47 -1 2368 200
alloc 34 433 3832 1912 200
alloc 41 254 7024 1640 200
free 4 -1 2008 200
alloc 35 580 -1 2008 200
alloc 22 539 -1 2008 200
free 29 -1 2320 200
free 40 -1 2464 200
alloc 39 438 3088 2008 200
free 26 -1 2224 200
free 17 -1 2472 200
alloc 12 205 544 2248 200
free 27 -1 2648 200
alloc 46 98 920 2512 200
alloc 21 92 1704 2400 200
free 32 -1 2496 200
alloc 15 116 3544 2360 200
free 34 -1 2816 200
alloc 25 292 3680 2504 200
alloc 20 211 3992 2272 200
alloc 35 167 4224 2088 200
alloc 22 474 4832 1592 200
free 13 -1 1896 200
alloc 40 381 7296 1496 200
free 39 -1 1952 200
free 42 -1 2568 200
free 1 -1 2992 200
alloc 28 105 1216 2864 200
free 11 -1 2936 200
free 30 -1 3064 200
alloc 5 506 2080 2536 200
alloc 0 156 16 2360 200
alloc 47 369 2608 1968 200
free 18 -1 2016 200
free 41 -1 2288 200
alloc 4 421 3000 1848 200
alloc 3 424 7696 1408 200
free 22 -1 1904 200
alloc 29 27 192 1856 200
free 24 -1 1944 200
alloc 23 87 240 1840 200
alloc 26 132 1344 1688 200
alloc 1 545 4832 1120 200
free 12 -1 1344 200
alloc 27 93 496 1232 200
alloc 30 299 -1 1232 200
alloc 37 575 -1 1232 200
alloc 32 141 608 1072 200
free 31 -1 1184 200
alloc 18 289 -1 1184 200
free 9 -1 1640 200
free 20 -1 1872 200
free 3 -1 2312 200
alloc 38 173 1496 2104 200
free 45 -1 2584 200
alloc 24 598 6408 1968 200
alloc 39 415 5400 1536 200
alloc 10 158 3992 1360 200
free 33 -1 1520 200
free 28 -1 1648 200
alloc 11 451 7696 1152 200
alloc 30 450 -1 1152 200
alloc 37 42 768 1088 200
free 16 -1 1184 200
free 47 -1 1576 200
free 2 -1 1736 200
alloc 41 370 2608 1344 200
alloc 36 565 -1 1344 200
alloc 19 571 -1 1344 200
alloc 6 274 -1 1344 200
alloc 45 70 344 1256 200
free 24 -1 1872 200
free 23 -1 1976 200
free 26 -1 2128 200
alloc 33 481 6408 1624 200
alloc 12 569 -1 1624 200
free 11 -1 2120 200
alloc 14 428 7696 1672 200
free 37 -1 1736 200
free 0 -1 1912 200
alloc 47 218 1056 1672 200
alloc 2 458 -1 1672 200
free 25 -1 1984 200
free 4 -1 2424 200
alloc 19 110 16 2296 200
alloc 6 361 3000 1912 200
alloc 13 583 -1 1912 200
alloc 24 500 -1 1912 200
alloc 23 40 240 1856 200
free 10 -1 2032 200
alloc 17 271 3680 1744 200
alloc 44 178 1296 1544 200
free 27 -1 1656 200
free 14 -1 2104 200
alloc 37 256 6912 1832 200
alloc 16 181 1816 1632 200
free 47 -1 1872 200
alloc 18 486 -1 1872 200
alloc 9 566 -1 1872 200
alloc 20 454 7696 1376 200
free 35 -1 1560 200
free 38 -1 1768 200
free 45 -1 1856 200
alloc 24 515 -1 1856 200
free 23 -1 1912 200
alloc 42 429 -1 1912 200
free 17 -1 2200 200
alloc 12 383 3680 1800 200
alloc 27 169 240 1608 200
free 46 -1 1744 200
free 5 -1 2272 200
free 16 -1 2472 200
alloc 47 424 768 2032 200
alloc 2 320 1816 1696 200
alloc 9 361 2152 1312 200
free 20 -1 1808 200
free 19 -1 1936 200
free 6 -1 2320 200
free 29 -1 2368 200
free 40 -1 2768 200
free 39 -1 3200 200
alloc 42 12 16 3168 200
free 33 -1 3672 200
free 12 -1 4072 200
free 43 -1 4496 200
alloc 14 521 3000 3952 200
free 21 -1 4064 200
alloc 0 422 3680 3624 200
alloc 31 78 48 3528 200
free 2 -1 3864 200
free 41 -1 4256 200
alloc 4 287 1496 3952 200
alloc 3 82 432 3848 200
alloc 22 219 1800 3608 200
alloc 29 125 2536 3464 200
alloc 40 142 2680 3304 200
alloc 23 177 4120 3104 200
alloc 26 262 4320 2824 200
alloc 33 533 5400 2272 200
alloc 12 125 2840 2112 200
alloc 11 482 6408 1608 200
alloc 30 277 7184 1312 200
alloc 21 188 4600 1080 200
free 32 -1 1240 200
free 47 -1 1680 200
alloc 34 280 536 1384 200
free 9 -1 1768 200
alloc 36 352 832 1400 200
alloc 19 282 2040 1096 200
alloc 38 31 144 1048 200
free 29 -1 1192 200
free 40 -1 1352 200
alloc 39 553 7480 776 200
free 26 -1 1056 200
alloc 17 427 2344 608 200
free 44 -1 808 200
free 11 -1 1312 200
free 14 -1 1856 200
alloc 5 10 192 1808 200
alloc 16 137 1200 1648 200
free 31 -1 1744 200
free 34 -1 2040 200
alloc 41 484 3000 1536 200
alloc 20 426 6408 1088 200
free 3 -1 1192 200
free 22 -1 1432 200
alloc 29 563 -1 1432 200
alloc 24 319 432 1096 200
free 23 -1 1296 200
alloc 26 596 -1 1296 200
free 17 -1 1744 200
free 12 -1 1904 200
alloc 43 202 1800 1664 200
alloc 46 16 48 1632 200
free 21 -1 1864 200
free 16 -1 2024 200
alloc 47 380 2344 1624 200
alloc 2 556 4120 1048 200
alloc 25 290 -1 1048 200
free 36 -1 1416 200
free 19 -1 1720 200
alloc 6 467 768 1232 200
alloc 45 283 2040 928 200
free 24 -1 1264 200
alloc 7 469 -1 1264 200
alloc 10 262 432 984 200
free 1 -1 1552 200
alloc 12 386 4696 1144 200
alloc 11 155 1256 968 200
alloc 14 541 -1 968 200
free 5 -1 1016 200
alloc 32 412 -1 1016 200
free 47 -1 1416 200
alloc 34 365 2344 1032 200
free 41 -1 1536 200
free 20 -1 1984 200
alloc 35 16 80 1920 200
free 38 -1 1968 200
alloc 29 313 2728 1632 200
alloc 40 42 144 1536 200
alloc 7 376 3064 1144 200
free 10 -1 1424 200
free 33 -1 1976 200
free 12 -1 2384 200
free 11 -1 2560 200
free 46 -1 2592 200
free 37 -1 2864 200
alloc 16 598 4696 2248 200
alloc 47 394 5312 1832 200
free 34 -1 2216 200
alloc 25 200 432 2000 200
alloc 36 116 1256 1864 200
alloc 3 193 2344 1648 200
alloc 22 294 6408 1336 200
alloc 13 559 -1 1336 200
free 8 -1 1792 200
free 39 -1 2368 200
alloc 10 524 5728 1824 200
alloc 33 444 6720 1360 200
alloc 28 469 7480 872 200
alloc 11 377 -1 872 200
free 30 -1 1168 200
alloc 21 331 -1 1168 200
free 0 -1 1608 200
alloc 31 480 -1 1608 200
free 2 -1 2184 200
free 25 -1 2400 200
alloc 20 270 432 2112 200
alloc 19 145 2560 1944 200
free 22 -1 2256 200
free 45 -1 2560 200
free 40 -1 2656 200
free 7 -1 3048 200
free 10 -1 3592 200
free 33 -1 4056 200
alloc 44 145 2040 3888 200
alloc 11 68 144 3792 200
alloc 46 428 3064 3312 200
alloc 37 467 3680 2824 200
free 16 -1 3440 200
free 15 -1 3576 200
alloc 34 538 4168 3016 200
alloc 41 523 4728 2472 200
free 4 -1 2776 200
free 3 -1 2992 200
free 6 -1 3480 200
alloc 13 245 720 3216 200
alloc 40 479 5728 2720 200
alloc 39 547 6224 2152 200
free 42 -1 2184 200
alloc 33 594 6792 1568 200
free 28 -1 2056 200
free 11 -1 2152 200
free 46 -1 2632 200
alloc 21 561 3064 2016 200
alloc 16 123 984 1872 200
alloc 15 145 1392 1704 200
free 34 -1 2264 200
alloc 9 236 2208 2008 200
free 36 -1 2144 200
alloc 3 386 4168 1736 200
alloc 22 91 1128 1624 200
free 29 -1 1960 200
alloc 24 73 144 1864 200
alloc 7 428 7408 1416 200
alloc 42 291 2728 1080 200
free 33 -1 1696 200
alloc 12 461 6792 1216 200
free 43 -1 1456 200
alloc 30 253 1560 1184 200
alloc 5 55 1240 1112 200
free 16 -1 1256 200
alloc 31 241 7856 992 200
alloc 2 358 -1 992 200
free 9 -1 1248 200
alloc 36 200 2208 1032 200
free 19 -1 1200 200
alloc 6 437 -1 1200 200
alloc 45 381 -1 1200 200
free 24 -1 1296 200
free 7 -1 1744 200
alloc 26 453 7272 1272 200
alloc 17 123 984 1128 200
alloc 28 33 16 1064 200
alloc 11 437 -1 1064 200
alloc 46 113 1832 928 200
free 37 -1 1416 200
alloc 0 268 2424 1112 200
free 31 -1 1376 200
alloc 34 23 144 1336 200
free 41 -1 1880 200
free 20 -1 2168 200
free 35 -1 2232 200
alloc 6 108 432 2104 200
alloc 45 416 3680 1672 200
free 40 -1 2168 200
alloc 23 519 4576 1632 200
free 42 -1 1968 200
free 17 -1 2112 200
free 44 -1 2280 200
free 27 -1 2472 200
free 46 -1 2608 200
free 5 -1 2680 200
free 0 -1 2984 200
free 15 -1 3152 200
alloc 2 116 184 3016 200
alloc 25 218 1240 2776 200
alloc 4 436 2424 2320 200
free 3 -1 2728 200
alloc 38 357 1832 2352 200
free 45 -1 2784 200
alloc 24 334 3680 2432 200
free 39 -1 3000 200
alloc 10 526 4032 2456 200
alloc 33 278 5728 2160 200
free 28 -1 2224 200
alloc 11 267 6024 1936 200
free 30 -1 2208 200
free 21 -1 2824 200
alloc 32 564 2880 2240 200
alloc 15 397 6312 1824 200
alloc 18 344 7744 1464 200
alloc 41 226 1480 1216 200
free 36 -1 1432 200
alloc 3 166 2208 1216 200
free 38 -1 1592 200
alloc 29 113 560 1432 200
free 24 -1 1784 200
alloc 39 106 16 1656 200
free 10 -1 2200 200
alloc 1 303 1728 1880 200
free 12 -1 2360 200
free 11 -1 2648 200
alloc 46 134 2048 2488 200
alloc 21 16 320 2456 200
alloc 0 145 3464 2288 200
free 47 -1 2704 200
free 2 -1 2840 200
free 25 -1 3080 200
alloc 20 183 1240 2880 200
alloc 19 62 184 2800 200
free 6 -1 2928 200
free 13 -1 3192 200
alloc 40 473 3632 2696 200
alloc 7 275 720 2400 200
free 26 -1 2872 200
free 33 -1 3168 200
alloc 12 400 4128 2720 200
alloc 11 561 5112 2136 200
alloc 30 232 5696 1888 200
alloc 5 534 6728 1336 200
alloc 16 381 7280 936 200
free 15 -1 1352 200
alloc 2 145 352 1184 200
alloc 9 590 5944 576 200
alloc 36 355 -1 576 200
free 3 -1 792 200
alloc 6 64 1016 680 200
alloc 45 588 -1 680 200
free 40 -1 1176 200
free 7 -1 1472 200
alloc 10 251 720 1176 200
free 1 -1 1496 200
free 12 -1 1944 200
free 11 -1 2528 200
free 30 -1 2776 200
free 21 -1 2808 200
free 32 -1 3392 200
alloc 15 166 1728 3208 200
free 18 -1 3568 200
free 41 -1 3816 200
free 4 -1 4272 200
free 19 -1 4352 200
free 22 -1 4464 200
alloc 45 191 1440 4256 200
alloc 24 266 2208 3968 200
free 23 -1 4504 200
alloc 26 271 2496 4216 200
alloc 17 85 184 4112 200
alloc 28 83 1128 4000 200
alloc 11 247 2784 3736 200
free 46 -1 3896 200
free 5 -1 4448 200
free 16 -1 4848 200
alloc 31 558 3632 4272 200
free 2 -1 4440 200
alloc 25 1 288 4416 200
alloc 36 321 3048 4072 200
alloc 35 324 4208 3728 200
free 6 -1 3840 200
alloc 13 304 4552 3520 200
alloc 8 476 4872 3024 200
alloc 7 92 312 2912 200
free 10 -1 3208 200
alloc 33 445 5368 2744 200
alloc 12 413 6552 2312 200
alloc 27 391 720 1904 200
alloc 14 360 6984 1528 200
alloc 5 231 1912 1280 200
alloc 32 167 7360 1096 200
free 15 -1 1280 200
alloc 18 379 7544 880 200
alloc 41 265 -1 880 200
alloc 4 206 1648 656 200
alloc 19 546 -1 656 200
alloc 38 159 7944 480 200
free 45 -1 688 200
free 8 -1 1184 200
free 7 -1 1296 200
alloc 42 554 -1 1296 200
free 17 -1 1400 200
free 28 -1 1512 200
free 11 -1 1776 200
free 14 -1 2152 200
alloc 21 167 312 1968 200
alloc 16 73 184 1864 200
alloc 15 295 4872 1552 200
free 34 -1 1592 200
free 25 -1 1616 200
free 20 -1 1816 200
alloc 19 333 1128 1464 200
alloc 22 593 -1 1464 200
free 29 -1 1624 200
alloc 40 508 -1 1624 200
free 39 -1 1752 200
free 26 -1 2040 200
free 33 -1 2504 200
alloc 28 432 2496 2056 200
alloc 43 122 16 1888 200
alloc 30 387 5184 1480 200
free 5 -1 1728 200
free 0 -1 1896 200
free 31 -1 2472 200
alloc 34 470 3392 1984 200
alloc 25 18 496 1944 200
free 36 -1 2288 200
alloc 3 483 -1 2288 200
free 38 -1 2464 200
alloc 29 302 1872 2128 200
alloc 40 259 2944 1848 200
alloc 23 442 -1 1848 200
alloc 26 587 -1 1848 200
alloc 1 268 3880 1560 200
alloc 44 20 536 1520 200
free 27 -1 1928 200
alloc 14 149 576 1760 200
alloc 37 354 744 1376 200
alloc 0 426 -1 1376 200
alloc 31 442 -1 1376 200
free 34 -1 1864 200
free 9 -1 2472 200
alloc 20 368 3224 2088 200
free 19 -1 2440 200
alloc 22 295 1128 2128 200
free 13 -1 2448 200
alloc 8 592 5592 1840 200
alloc 39 514 -1 1840 200
alloc 10 597 -1 1840 200
alloc 17 68 1440 1752 200
free 12 -1 2184 200
alloc 27 347 6200 1816 200
free 30 -1 2224 200
free 21 -1 2408 200
alloc 0 1 288 2384 200
free 15 -1 2696 200
free 18 -1 3096 200
free 25 -1 3136 200
alloc 36 460 4552 2656 200
alloc 3 593 6568 2040 200
alloc 38 307 5032 1712 200
alloc 13 119 312 1576 200
free 8 -1 2184 200
alloc 7 99 1528 2064 200
alloc 10 36 448 1976 200
free 17 -1 2064 200
alloc 12 128 3608 1920 200
free 43 -1 2088 200
free 14 -1 2256 200
alloc 21 331 5360 1904 200
free 0 -1 1928 200
alloc 47 301 5712 1608 200
alloc 2 41 16 1544 200
alloc 9 430 7544 1096 200
free 4 -1 1320 200
alloc 19 441 -1 1320 200
alloc 6 88 80 1216 200
free 13 -1 1352 200
free 40 -1 1632 200
alloc 23 323 -1 1632 200
alloc 26 592 -1 1632 200
alloc 33 191 1648 1408 200
free 44 -1 1448 200
free 27 -1 1816 200
alloc 46 100 288 1696 200
free 21 -1 2048 200
free 16 -1 2152 200
free 47 -1 2472 200
alloc 18 509 5360 1944 200
alloc 41 403 5888 1520 200
alloc 4 448 -1 1520 200
free 35 -1 1864 200
free 6 -1 1968 200
alloc 13 405 -1 1968 200
free 24 -1 2256 200
alloc 23 510 -1 2256 200
free 10 -1 2344 200
alloc 17 301 408 2008 200
free 12 -1 2152 200
alloc 11 575 -1 2152 200
alloc 14 529 -1 2152 200
alloc 21 9 80 2120 200
free 32 -1 2304 200
alloc 47 283 4168 2000 200
free 2 -1 2064 200
alloc 25 177 2208 1864 200
alloc 4 583 -1 1864 200
alloc 35 388 -1 1864 200
free 22 -1 2176 200
alloc 45 490 -1 2176 200
alloc 40 582 -1 2176 200
alloc 39 126 112 2000 200
alloc 10 153 1128 1824 200
free 1 -1 2112 200
alloc 12 381 3608 1712 200
alloc 11 122 1304 1568 200
alloc 14 560 -1 1568 200
free 37 -1 1952 200
alloc 32 319 744 1616 200
alloc 15 4 16 1592 200
free 18 -1 2120 200
free 25 -1 2320 200
alloc 4 246 2208 2032 200
free 3 -1 2648 200
alloc 22 298 5360 2328 200
free 29 -1 2664 200
alloc 24 384 6312 2264 200
alloc 23 44 1448 2184 200
free 10 -1 2360 200
free 33 -1 2584 200
free 28 -1 3032 200
alloc 27 274 1648 2736 200
alloc 14 159 1080 2560 200
free 21 -1 2592 200
alloc 16 49 40 2520 200
alloc 31 20 1256 2472 200
alloc 34 551 2496 1904 200
free 9 -1 2352 200
free 36 -1 2832 200
alloc 19 285 4472 2528 200
free 22 -1 2848 200
alloc 29 27 1944 2800 200
alloc 40 60 1992 2720 200
free 7 -1 2840 200
alloc 10 471 5360 2352 200
alloc 1 169 4776 2160 200
free 12 -1 2560 200
free 27 -1 2856 200
free 46 -1 2976 200
alloc 21 306 1528 2648 200
alloc 0 11 288 2616 200
free 15 -1 2640 200
alloc 2 236 3608 2384 200
alloc 9 325 6712 2040 200
alloc 36 230 3864 1792 200
free 19 -1 2096 200
alloc 22 352 7056 1728 200
free 29 -1 1776 200
free 24 -1 2176 200
free 23 -1 2256 200
alloc 42 568 7424 1672 200
free 17 -1 2008 200
alloc 28 215 320 1776 200
alloc 43 333 6312 1424 200
alloc 30 562 -1 1424 200
alloc 5 304 -1 1424 200
free 32 -1 1760 200
alloc 15 253 552 1488 200
alloc 18 176 824 1296 200
free 9 -1 1640 200
free 4 -1 1928 200
alloc 3 366 2072 1544 200
alloc 6 346 6664 1152 200
alloc 45 222 4472 912 200
free 40 -1 992 200
alloc 23 501 -1 992 200
free 42 -1 1576 200
free 1 -1 1768 200
free 28 -1 2000 200
free 11 -1 2144 200
alloc 30 289 4712 1824 200
free 21 -1 2152 200
free 16 -1 2224 200
free 31 -1 2272 200
free 18 -1 2464 200
alloc 25 48 16 2368 200
free 36 -1 2616 200
free 3 -1 3000 200
free 22 -1 3368 200
alloc 13 79 320 3272 200
alloc 8 255 1256 3000 200
free 39 -1 3176 200
free 10 -1 3664 200
alloc 33 188 824 3456 200
alloc 12 296 1528 3144 200
alloc 11 33 112 3088 200
free 14 -1 3264 200
alloc 21 275 1840 2968 200
alloc 32 42 168 2904 200
free 15 -1 3176 200
free 34 -1 3744 200
alloc 9 78 416 3648 200
alloc 36 419 2136 3208 200
alloc 35 366 2576 2824 200
alloc 22 109 512 2696 200
alloc 29 279 3864 2392 200
free 8 -1 2664 200
alloc 39 256 1032 2392 200
alloc 10 499 5360 1864 200
alloc 17 138 640 1680 200
free 12 -1 1992 200
free 11 -1 2048 200
alloc 46 436 1304 1592 200
free 21 -1 1888 200
free 32 -1 1952 200
alloc 31 67 112 1864 200
alloc 34 378 7056 1464 200
free 25 -1 1560 200
free 20 -1 1944 200
alloc 19 580 2960 1344 200
free 22 -1 1472 200
free 29 -1 1776 200
alloc 8 573 7456 1184 200
free 39 -1 1456 200
free 10 -1 1984 200
alloc 1 128 1032 1840 200
alloc 44 112 512 1712 200
alloc 27 540 -1 1712 200
free 30 -1 2032 200
alloc 5 572 -1 2032 200
free 0 -1 2064 200
free 31 -1 2152 200
free 2 -1 2408 200
free 41 -1 2832 200
free 36 -1 3272 200
free 35 -1 3656 200
alloc 22 411 1760 3224 200
free 45 -1 3464 200
free 8 -1 4056 200
alloc 39 518 2192 3520 200
alloc 10 345 3560 3152 200
free 33 -1 3360 200
alloc 28 50 16 3288 200
free 43 -1 3640 200
free 46 -1 4096 200
alloc 21 348 1176 3728 200
alloc 0 133 88 3576 200
alloc 31 265 4472 3288 200
alloc 18 347 5360 2920 200
alloc 41 313 5728 2584 200
alloc 20 171 824 2376 200
free 19 -1 2976 200
free 6 -1 3368 200
alloc 45 597 2728 2752 200
alloc 24 176 1544 2536 200
alloc 7 295 6064 2224 200
alloc 26 509 6376 1696 200
free 17 -1 1880 200
free 44 -1 2008 200
alloc 43 23 240 1968 200
alloc 14 127 512 1824 200
free 21 -1 2192 200
alloc 16 577 7456 1592 200
alloc 15 567 -1 1592 200
free 34 -1 1992 200
alloc 25 167 1176 1808 200
alloc 4 405 6904 1384 200
alloc 35 178 3344 1168 200
free 38 -1 1496 200
alloc 29 275 4760 1200 200
free 24 -1 1416 200
alloc 23 143 656 1248 200
free 26 -1 1776 200
alloc 17 534 -1 1776 200
alloc 12 531 -1 1776 200
free 43 -1 1816 200
alloc 46 392 6376 1408 200
alloc 37 95 1360 1296 200
free 0 -1 1448 200
free 47 -1 1752 200
alloc 2 428 3928 1304 200
free 41 -1 1640 200
free 4 -1 2064 200
alloc 19 288 5056 1760 200
alloc 38 509 6784 1232 200
free 29 -1 1528 200
alloc 24 598 -1 1528 200
free 7 -1 1840 200
free 10 -1 2208 200
alloc 33 6 88 2184 200
free 28 -1 2256 200
alloc 43 453 5728 1784 200
alloc 30 426 -1 1784 200
free 37 -1 1896 200
alloc 32 60 112 1816 200
free 31 -1 2104 200
alloc 34 261 1360 1824 200
free 25 -1 2008 200
alloc 4 563 4376 1424 200
alloc 3 454 -1 1424 200
free 22 -1 1856 200
free 45 -1 2472 200
alloc 24 221 1640 2232 200
alloc 7 424 2728 1792 200
alloc 10 437 -1 1792 200
free 33 -1 1816 200
alloc 12 265 1880 1504 200
alloc 11 590 -1 1504 200
alloc 30 97 192 1376 200
alloc 37 589 -1 1376 200
free 32 -1 1456 200
alloc 47 330 3560 1088 200
free 18 -1 1456 200
free 9 -1 1552 200
alloc 36 44 16 1488 200
free 35 -1 1704 200
alloc 22 150 1176 1520 200
alloc 45 409 -1 1520 200
alloc 40 585 -1 1520 200
free 39 -1 2056 200
alloc 10 52 80 1984 200
free 1 -1 2128 200
free 12 -1 2440 200
alloc 11 201 1880 2216 200
free 46 -1 2624 200
alloc 5 62 416 2528 200
free 16 -1 3128 200
alloc 31 536 2104 2576 200
free 34 -1 2856 200
alloc 41 296 3168 2544 200
free 20 -1 2752 200
free 19 -1 3056 200
alloc 6 40 824 3000 200
free 13 -1 3096 200
alloc 40 440 4960 2640 200
alloc 39 176 880 2448 200
alloc 26 80 320 2352 200
alloc 1 69 1072 2248 200
alloc 28 132 1360 2096 200
free 11 -1 2320 200
free 14 -1 2464 200
free 5 -1 2560 200
alloc 16 116 416 2424 200
free 47 -1 2792 200
alloc 34 410 3480 2344 200
alloc 9 121 1880 2200 200
free 36 -1 2264 200
alloc 19 116 5416 2128 200
free 38 -1 2656 200
alloc 13 213 6200 2424 200
free 24 -1 2664 200
free 23 -1 2832 200
free 26 -1 2928 200
alloc 17 21 16 2864 200
alloc 12 422 6432 2424 200
free 43 -1 2896 200
alloc 46 515 5552 2360 200
alloc 21 97 552 2240 200
alloc 32 72 320 2144 200
free 31 -1 2696 200
free 34 -1 3144 200
free 9 -1 3288 200
alloc 20 428 1512 2840 200
alloc 35 508 1960 2312 200
alloc 38 488 6872 1808 200
alloc 45 498 7376 1288 200
free 40 -1 1744 200
free 7 -1 2184 200
alloc 42 427 2488 1736 200
free 17 -1 1800 200
free 28 -1 1952 200
alloc 43 492 -1 1952 200
free 46 -1 2488 200
alloc 37 537 5552 1928 200
free 16 -1 2064 200
alloc 47 294 3480 1752 200
alloc 18 411 4960 1296 200
free 41 -1 1608 200
alloc 36 88 416 1472 200
free 35 -1 2000 200
free 22 -1 2184 200
free 13 -1 2416 200
alloc 40 285 1176 2080 200
free 39 -1 2272 200
alloc 26 237 1960 2016 200
free 1 -1 2120 200
alloc 28 225 880 1872 200
alloc 27 570 -1 1872 200
alloc 46 417 2936 1432 200
free 21 -1 1552 200
alloc 16 97 552 1432 200
free 47 -1 1744 200
free 2 -1 2192 200
alloc 9 290 3376 1880 200
free 36 -1 2016 200
alloc 3 160 2216 1840 200
free 38 -1 2344 200
alloc 29 107 416 2208 200
alloc 8 354 3688 1832 200
alloc 39 404 6872 1408 200
free 26 -1 1664 200
alloc 33 275 4064 1352 200
alloc 44 165 1960 1168 200
alloc 43 354 -1 1168 200
alloc 14 518 -1 1168 200
free 37 -1 1728 200
alloc 0 243 5552 1464 200
alloc 15 194 5816 1248 200
free 18 -1 1704 200
alloc 41 223 4960 1464 200
free 4 -1 2048 200
free 19 -1 2184 200
alloc 22 256 4376 1912 200
alloc 13 321 5200 1560 200
free 8 -1 1936 200
alloc 7 421 -1 1936 200
free 10 -1 2008 200
free 33 -1 2320 200
free 44 -1 2504 200
alloc 43 341 3688 2144 200
alloc 14 61 16 2064 200
alloc 37 242 4048 1800 200
free 32 -1 1896 200
alloc 31 202 1960 1640 200
alloc 2 347 6032 1240 200
free 9 -1 1552 200
free 20 -1 2000 200
alloc 35 120 672 1848 200
free 6 -1 1904 200
free 29 -1 2040 200
alloc 8 96 320 1928 200
alloc 23 269 1512 1640 200
alloc 26 498 -1 1640 200
alloc 33 169 3376 1448 200
alloc 44 67 96 1352 200
alloc 27 219 4648 1112 200
free 14 -1 1192 200
free 37 -1 1456 200
free 0 -1 1720 200
free 31 -1 1976 200
alloc 34 308 1800 1648 200
alloc 9 139 4048 1488 200
alloc 36 508 -1 1488 200
alloc 19 542 -1 1488 200
alloc 6 49 16 1408 200
free 45 -1 1928 200
free 8 -1 2040 200
alloc 7 179 320 1808 200
alloc 10 260 7296 1528 200
alloc 1 402 7576 1104 200
free 12 -1 1544 200
free 43 -1 1904 200
free 46 -1 2344 200
alloc 21 243 2936 2080 200
alloc 32 106 3200 1952 200
alloc 47 381 3568 1552 200
free 2 -1 1952 200
free 41 -1 2192 200
alloc 4 273 4888 1880 200
alloc 19 337 6032 1520 200
free 22 -1 1792 200
free 13 -1 2144 200
free 40 -1 2480 200
free 39 -1 2904 200
free 10 -1 3184 200
free 33 -1 3376 200
free 44 -1 3472 200
free 27 -1 3712 200
free 30 -1 3840 200
free 21 -1 4104 200
free 16 -1 4224 200
free 15 -1 4440 200
free 34 -1 4768 200
free 9 -1 4928 200
alloc 20 541 3968 4368 200
free 19 -1 4728 200
free 6 -1 4808 200
alloc 45 183 16 4608 200
alloc 40 31 216 4560 200
free 7 -1 4792 200
alloc 26 135 264 4640 200
alloc 33 322 1128 4296 200
free 28 -1 4544 200
alloc 11 455 5200 4072 200
alloc 46 187 416 3864 200
alloc 5 452 5672 3392 200
alloc 0 470 6144 2904 200
free 47 -1 3304 200
alloc 34 273 824 3000 200
alloc 25 313 1800 2664 200
free 4 -1 2976 200
alloc 19 487 3328 2472 200
alloc 22 291 4528 2160 200
free 45 -1 2360 200
alloc 24 561 6632 1776 200
free 23 -1 2064 200
alloc 10 281 1472 1736 200
free 1 -1 2160 200
alloc 12 349 7216 1792 200
alloc 43 212 2936 1528 200
alloc 30 341 4840 1168 200
alloc 37 217 7584 928 200
free 32 -1 1056 200
alloc 31 129 16 904 200
free 34 -1 1208 200
alloc 9 15 168 1160 200
alloc 4 590 -1 1160 200
free 35 -1 1312 200
free 22 -1 1624 200
alloc 45 253 624 1352 200
free 40 -1 1400 200
alloc 39 473 -1 1400 200
free 10 -1 1728 200
alloc 1 86 896 1624 200
free 12 -1 1992 200
free 11 -1 2464 200
free 30 -1 2824 200
free 37 -1 3064 200
alloc 16 305 1472 2736 200
alloc 47 241 4528 2472 200
alloc 34 31 216 2424 200
free 25 -1 2760 200
alloc 4 157 1800 2584 200
alloc 35 490 4792 2072 200
alloc 38 382 7216 1672 200
free 45 -1 1944 200
alloc 40 44 624 1880 200
alloc 39 460 7616 1400 200
free 26 -1 1552 200
alloc 17 206 1976 1312 200
alloc 12 19 264 1272 200
alloc 27 85 304 1160 200
alloc 30 131 688 1008 200
alloc 21 154 5304 832 200
free 0 -1 1320 200
free 31 -1 1472 200
alloc 2 68 16 1384 200
alloc 41 599 -1 1384 200
free 4 -1 1560 200
free 35 -1 2072 200
alloc 22 576 -1 2072 200
alloc 13 489 4792 1560 200
alloc 8 353 6144 1184 200
free 39 -1 1664 200
free 42 -1 2112 200
free 17 -1 2352 200
free 12 -1 2392 200
free 27 -1 2504 200
alloc 14 157 1800 2328 200
free 5 -1 2800 200
free 16 -1 3128 200
alloc 31 442 2392 2664 200
alloc 18 120 264 2512 200
free 9 -1 2560 200
alloc 36 381 5480 2160 200
alloc 35 112 1000 2032 200
free 38 -1 2432 200
alloc 29 297 1472 2104 200
free 40 -1 2168 200
alloc 39 394 7216 1752 200
alloc 42 199 1976 1512 200
alloc 17 468 7632 1024 200
alloc 12 457 -1 1024 200
alloc 11 22 104 984 200
free 14 -1 1160 200
alloc 37 333 -1 1160 200
alloc 32 587 -1 1160 200
alloc 15 16 144 1128 200
free 18 -1 1280 200
alloc 9 83 264 1176 200
free 36 -1 1576 200
free 19 -1 2080 200
alloc 22 406 3200 1656 200
free 13 -1 2168 200
free 8 -1 2544 200
free 39 -1 2960 200
alloc 10 556 5480 2384 200
free 17 -1 2872 200
alloc 12 64 1800 2792 200
free 11 -1 2832 200
free 46 -1 3040 200
alloc 5 286 368 2720 200
alloc 32 458 4792 2208 200
free 15 -1 2240 200
alloc 18 382 6056 1840 200
alloc 41 528 7216 1296 200
alloc 36 123 3624 1152 200
alloc 19 305 7760 824 200
alloc 38 450 -1 824 200
free 29 -1 1152 200
free 24 -1 1736 200
alloc 39 320 6456 1400 200
alloc 26 328 6792 1056 200
free 1 -1 1160 200
alloc 28 596 -1 1160 200
alloc 11 212 1472 928 200
free 30 -1 1080 200
free 21 -1 1256 200
alloc 16 476 -1 1256 200
free 47 -1 1520 200
free 2 -1 1608 200
free 41 -1 2152 200
free 36 -1 2296 200
free 19 -1 2624 200
free 22 -1 3048 200
alloc 13 317 3200 2712 200
alloc 24 130 16 2560 200
free 39 -1 2896 200
free 26 -1 3240 200
free 33 -1 3584 200
alloc 28 387 3536 3152 200
free 11 -1 3384 200
alloc 30 366 1128 3000 200
alloc 21 17 168 2952 200
alloc 0 38 688 2896 200
alloc 15 457 6456 2416 200
alloc 2 127 744 2272 200
alloc 25 105 1512 2144 200
alloc 4 455 6936 1672 200
free 35 -1 1800 200
alloc 38 216 888 1560 200
alloc 29 293 7408 1248 200
alloc 8 204 4528 1024 200
alloc 7 388 7720 616 200
free 42 -1 856 200
alloc 17 152 1880 688 200
alloc 44 463 -1 688 200
free 43 -1 952 200
alloc 46 250 2856 680 200
free 5 -1 1000 200
free 0 -1 1056 200
free 15 -1 1536 200
free 18 -1 1936 200
free 25 -1 2064 200
free 4 -1 2536 200
alloc 19 18 368 2496 200
alloc 22 138 408 2336 200
free 29 -1 2648 200
free 8 -1 2872 200
alloc 39 145 568 2696 200
alloc 26 381 6056 2296 200
alloc 1 590 6456 1688 200
free 28 -1 2120 200
alloc 11 45 1512 2056 200
free 46 -1 2328 200
alloc 5 90 1576 2216 200
free 32 -1 2728 200
alloc 15 71 1688 2616 200
alloc 18 274 2856 2320 200
free 9 -1 2424 200
alloc 36 183 3536 2224 200
alloc 35 346 4528 1856 200
alloc 6 468 4896 1368 200
free 13 -1 1704 200
free 24 -1 1856 200
free 39 -1 2032 200
free 10 -1 2608 200
free 17 -1 2776 200
free 12 -1 2856 200
alloc 43 290 1800 2544 200
free 30 -1 2928 200
alloc 37 71 16 2840 200
alloc 0 99 568 2720 200
free 15 -1 2832 200
free 34 -1 2880 200
alloc 25 306 1128 2552 200
free 20 -1 3112 200
free 19 -1 3152 200
free 38 -1 3392 200
alloc 13 113 216 3256 200
alloc 40 419 3736 2816 200
alloc 23 74 888 2720 200
alloc 42 328 3152 2376 200
free 1 -1 2984 200
alloc 12 346 5384 2616 200
alloc 27 96 984 2472 200
alloc 46 319 4176 2120 200
free 21 -1 2168 200
alloc 16 79 104 2056 200
alloc 15 165 5752 1872 200
free 18 -1 2168 200
alloc 9 136 2856 2016 200
alloc 4 539 6456 1456 200
free 3 -1 1632 200
free 6 -1 2120 200
alloc 45 462 4896 1632 200
free 40 -1 2072 200
free 23 -1 2168 200
free 42 -1 2512 200
alloc 17 540 7016 1952 200
alloc 28 518 -1 1952 200
free 27 -1 2096 200
alloc 30 449 3008 1624 200
free 37 -1 1712 200
free 0 -1 1832 200
alloc 47 386 3736 1392 200
alloc 34 452 -1 1392 200
free 25 -1 1720 200
free 36 -1 1920 200
alloc 19 566 888 1336 200
alloc 38 291 -1 1336 200
free 45 -1 1824 200
alloc 8 263 2112 1544 200
free 7 -1 1952 200
alloc 42 462 4896 1464 200
alloc 33 116 568 1328 200
free 12 -1 1696 200
alloc 27 398 7576 1280 200
alloc 14 43 16 1192 200
free 5 -1 1304 200
alloc 0 200 1576 1080 200
free 47 -1 1520 200
alloc 18 222 3480 1280 200
free 9 -1 1432 200
alloc 20 142 3720 1272 200
alloc 3 172 3880 1080 200
alloc 6 384 -1 1080 200
alloc 29 303 5384 760 200
alloc 40 40 352 704 200
alloc 23 403 -1 704 200
free 26 -1 1104 200
free 33 -1 1240 200
alloc 28 420 5936 800 200
free 27 -1 1216 200
free 14 -1 1304 200
alloc 37 563 7576 688 200
free 16 -1 800 200
free 15 -1 984 200
alloc 34 586 -1 984 200
alloc 41 523 -1 984 200
free 20 -1 1144 200
free 3 -1 1336 200
alloc 6 495 -1 1336 200
free 13 -1 1472 200
alloc 24 298 16 1136 200
alloc 39 571 -1 1136 200
alloc 26 79 568 1040 200
free 17 -1 1600 200
alloc 12 14 664 1568 200
alloc 27 396 3720 1152 200
alloc 14 57 2856 1072 200
alloc 21 545 -1 1072 200
alloc 32 472 7016 584 200
alloc 47 43 2936 512 200
alloc 34 113 5704 376 200
alloc 25 9 696 328 200
free 4 -1 888 200
free 19 -1 1472 200
free 22 -1 1632 200
alloc 45 34 408 1576 200
free 8 -1 1856 200
alloc 7 444 888 1392 200
free 42 -1 1880 200
alloc 17 312 4896 1552 200
alloc 44 335 6376 1200 200
free 27 -1 1616 200
free 46 -1 1968 200
alloc 21 372 3720 1576 200
free 0 -1 1800 200
alloc 15 44 464 1736 200
free 34 -1 1872 200
free 25 -1 1920 200
alloc 20 3 528 1880 200
alloc 3 181 1576 1656 200
alloc 6 53 1352 1584 200
alloc 13 475 -1 1584 200
free 24 -1 1920 200
alloc 39 321 4112 1576 200
free 26 -1 1672 200
free 17 -1 2000 200
free 12 -1 2032 200
free 43 -1 2344 200
free 14 -1 2424 200
alloc 5 418 1800 1984 200
free 32 -1 2472 200
free 31 -1 2936 200
free 2 -1 3080 200
alloc 41 204 16 2856 200
alloc 36 367 2240 2472 200
alloc 19 589 6728 1864 200
alloc 38 198 568 1648 200
free 45 -1 1704 200
alloc 24 559 -1 1704 200
free 7 -1 2168 200
alloc 42 241 784 1904 200
alloc 33 315 4896 1568 200
free 28 -1 2008 200
alloc 43 338 5704 1648 200
alloc 14 558 -1 1648 200
free 5 -1 2088 200
alloc 16 112 1048 1960 200
free 15 -1 2024 200
alloc 34 318 1800 1688 200
free 41 -1 1912 200
free 36 -1 2296 200
free 35 -1 2664 200
alloc 22 528 2136 2120 200
alloc 13 153 16 1944 200
alloc 8 465 -1 1944 200
alloc 23 226 2680 1688 200
alloc 26 99 192 1568 200
alloc 1 324 4456 1224 200
free 44 -1 1576 200
free 11 -1 1640 200
alloc 14 525 6064 1096 200
alloc 5 24 312 1056 200
alloc 0 530 -1 1056 200
alloc 31 506 -1 1056 200
alloc 2 51 408 984 200
alloc 9 232 -1 984 200
free 20 -1 1024 200
free 3 -1 1248 200
free 6 -1 1320 200
alloc 45 230 1176 1072 200
alloc 8 600 -1 1072 200
free 39 -1 1416 200
alloc 10 469 -1 1416 200
alloc 17 484 -1 1416 200
alloc 12 537 -1 1416 200
alloc 11 134 1424 1264 200
free 30 -1 1736 200
free 5 -1 1776 200
free 16 -1 1904 200
alloc 31 453 3008 1432 200
free 2 -1 1504 200
alloc 9 83 408 1400 200
alloc 20 327 4112 1056 200
alloc 35 171 1576 832 200
free 38 -1 1048 200
free 13 -1 1224 200
alloc 8 519 -1 1224 200
alloc 7 155 16 1048 200
free 26 -1 1168 200
alloc 17 191 512 960 200
alloc 44 194 7336 720 200
alloc 27 190 -1 720 200
alloc 30 264 -1 720 200
free 37 -1 1336 200
alloc 32 426 7576 888 200
free 47 -1 960 200
free 18 -1 1200 200
alloc 25 459 -1 1200 200
alloc 4 193 3480 960 200
free 35 -1 1184 200
alloc 38 218 -1 1184 200
free 29 -1 1504 200
free 40 -1 1560 200
alloc 39 560 -1 1560 200
alloc 10 235 5232 1304 200
free 1 -1 1648 200
alloc 28 276 4456 1352 200
free 11 -1 1504 200
alloc 30 551 -1 1504 200
free 21 -1 1896 200
alloc 0 295 1424 1584 200
alloc 47 216 3720 1352 200
free 34 -1 1688 200
alloc 25 62 192 1608 200
alloc 36 434 -1 1608 200
free 19 -1 2216 200
alloc 6 559 6608 1640 200
free 45 -1 1888 200
alloc 8 125 1048 1744 200
free 23 -1 2000 200
alloc 26 535 -1 2000 200
alloc 1 408 -1 2000 200
alloc 12 222 1736 1760 200
alloc 27 516 -1 1760 200
alloc 46 435 -1 1760 200
alloc 37 302 2680 1432 200
free 32 -1 1880 200
alloc 15 217 7576 1640 200
alloc 34 177 1192 1408 200
alloc 41 302 7816 1088 200
free 4 -1 1328 200
alloc 3 578 -1 1328 200
alloc 38 56 272 1256 200
alloc 45 522 -1 1256 200
alloc 24 369 -1 1256 200
alloc 39 446 -1 1256 200
free 42 -1 1520 200
free 17 -1 1728 200
free 12 -1 1968 200
alloc 11 418 512 1528 200
free 14 -1 2072 200
alloc 5 495 6064 1528 200
free 0 -1 1840 200
free 15 -1 2080 200
free 34 -1 2312 200
free 9 -1 2416 200
alloc 36 328 1192 2072 200
alloc 3 469 1536 1584 200
free 6 -1 2160 200
alloc 29 568 6608 1576 200
free 8 -1 1720 200
alloc 39 401 -1 1720 200
alloc 26 157 952 1544 200
free 33 -1 1880 200
free 44 -1 2120 200
alloc 27 74 344 2024 200
alloc 14 311 4752 1696 200
free 5 -1 2240 200
alloc 32 302 6064 1920 200
alloc 15 567 7192 1336 200
alloc 2 37 440 1264 200
free 41 -1 1584 200
alloc 4 573 -1 1584 200
alloc 19 165 3480 1400 200
free 22 -1 1944 200
alloc 45 40 1128 1880 200
alloc 24 447 2024 1416 200
alloc 23 287 7776 1112 200
free 26 -1 1288 200
alloc 1 321 -1 1288 200
alloc 44 117 952 1152 200
free 43 -1 1512 200
alloc 30 467 5488 1024 200
alloc 5 373 -1 1024 200
alloc 16 520 -1 1024 200
free 31 -1 1496 200
alloc 18 537 -1 1496 200
free 25 -1 1576 200
free 20 -1 1920 200
free 19 -1 2104 200
free 38 -1 2176 200
free 45 -1 2240 200
alloc 8 449 3008 1768 200
free 23 -1 2072 200
alloc 26 499 -1 2072 200
alloc 1 124 192 1920 200
free 28 -1 2216 200
alloc 43 117 2488 2080 200
free 14 -1 2408 200
free 37 -1 2736 200
free 32 -1 3056 200
free 47 -1 3288 200
alloc 34 325 2624 2944 200
alloc 9 256 3480 2672 200
free 36 -1 3016 200
free 3 -1 3504 200
alloc 22 23 1088 3464 200
alloc 13 204 1128 3240 200
alloc 40 386 1352 2832 200
alloc 23 517 3752 2296 200
alloc 26 426 4288 1848 200
alloc 17 28 1760 1800 200
alloc 28 198 1808 1584 200
free 27 -1 1680 200
alloc 46 422 4736 1240 200
alloc 21 184 5976 1040 200
alloc 0 257 6176 760 200
alloc 47 394 7776 344 200
alloc 18 415 -1 344 200
free 9 -1 616 200
alloc 20 327 -1 616 200
alloc 19 454 -1 616 200
alloc 6 209 3480 384 200
alloc 45 529 -1 384 200
free 40 -1 792 200
alloc 39 269 1352 504 200
free 10 -1 760 200
alloc 33 580 -1 760 200
free 44 -1 896 200
alloc 27 302 -1 896 200
free 46 -1 1336 200
free 21 -1 1536 200
alloc 32 434 4736 1080 200
free 47 -1 1496 200
free 34 -1 1840 200
alloc 41 208 2624 1616 200
alloc 20 254 5192 1320 200
alloc 19 161 5976 1120 200
free 6 -1 1352 200
free 29 -1 1936 200
free 24 -1 2400 200
free 23 -1 2936 200
free 26 -1 3384 200
alloc 33 535 3480 2832 200
alloc 12 79 344 2736 200
alloc 27 57 952 2656 200
alloc 46 476 4032 2160 200
alloc 37 499 6456 1640 200
alloc 16 52 1640 1568 200
alloc 31 275 2024 1272 200
alloc 34 170 4528 1064 200
alloc 9 289 7776 752 200
alloc 4 368 -1 752 200
alloc 35 393 -1 752 200
alloc 6 511 -1 752 200
alloc 29 114 2320 584 200
alloc 40 399 -1 584 200
free 7 -1 760 200
alloc 26 239 -1 760 200
free 1 -1 912 200
alloc 44 568 -1 912 200
free 27 -1 992 200
alloc 14 137 16 832 200
free 37 -1 1352 200
free 16 -1 1424 200
free 15 -1 2008 200
free 34 -1 2216 200
alloc 25 177 4528 2008 200
alloc 4 223 6456 1768 200
free 19 -1 1968 200
alloc 6 510 6696 1440 200
alloc 45 74 176 1344 200
free 8 -1 1816 200
alloc 23 153 2848 1640 200
alloc 10 577 -1 1640 200
alloc 1 539 -1 1640 200
alloc 44 351 3024 1272 200
free 11 -1 1712 200
free 14 -1 1872 200
alloc 5 375 512 1480 200
free 32 -1 1936 200
free 31 -1 2232 200
free 2 -1 2304 200
free 41 -1 2528 200
free 20 -1 2824 200
alloc 19 186 2024 2616 200
free 6 -1 3144 200
free 13 -1 3368 200
alloc 8 555 4736 2792 200
free 23 -1 2968 200
alloc 42 18 16 2928 200
alloc 1 510 6696 2400 200
free 12 -1 2496 200
free 43 -1 2632 200
free 30 -1 3120 200
alloc 37 540 5312 2560 200
alloc 32 166 272 2376 200
alloc 31 20 56 2336 200
alloc 34 159 904 2152 200
alloc 41 244 2488 1888 200
alloc 36 63 96 1808 200
free 19 -1 2016 200
alloc 38 502 7224 1464 200
free 45 -1 1560 200
alloc 40 388 -1 1560 200
alloc 7 42 176 1464 200
alloc 10 127 1128 1320 200
free 1 -1 1848 200
free 44 -1 2216 200
alloc 11 152 2024 2048 200
alloc 30 571 2752 1456 200
free 5 -1 1848 200
alloc 16 376 456 1456 200
alloc 47 44 1272 1376 200
free 34 -1 1560 200
free 9 -1 1872 200
free 4 -1 2112 200
alloc 19 32 848 2064 200
free 38 -1 2616 200
alloc 45 547 6456 2048 200
free 8 -1 2624 200
free 39 -1 2912 200
free 42 -1 2952 200
alloc 1 284 1352 2648 200
alloc 44 132 896 2496 200
alloc 27 160 4736 2320 200
free 30 -1 2912 200
free 37 -1 3472 200
free 32 -1 3656 200
free 47 -1 3736 200
alloc 2 523 2752 3192 200
free 41 -1 3456 200
alloc 4 371 4912 3064 200
free 19 -1 3112 200
alloc 38 284 5304 2808 200
free 45 -1 3376 200
alloc 40 2 16 3336 200
alloc 23 85 272 3232 200
alloc 42 143 2488 3072 200
free 17 -1 3120 200
alloc 12 17 376 3080 200
free 27 -1 3256 200
alloc 14 572 6456 2664 200
alloc 37 269 5608 2376 200
alloc 32 395 7048 1960 200
free 31 -1 2000 200
alloc 34 92 1656 1888 200
alloc 9 131 3296 1704 200
free 36 -1 1784 200
alloc 19 118 4736 1648 200
alloc 6 409 7464 1216 200
alloc 13 295 -1 1216 200
alloc 8 39 56 1160 200
alloc 39 261 5896 880 200
free 42 -1 1040 200
free 33 -1 1592 200
free 12 -1 1632 200
alloc 27 574 -1 1632 200
free 14 -1 2224 200
alloc 21 579 -1 2224 200
free 0 -1 2504 200
alloc 31 600 6176 1888 200
alloc 18 302 3480 1568 200
free 25 -1 1776 200
alloc 20 190 2488 1568 200
alloc 35 206 3800 1336 200
free 22 -1 1376 200
alloc 45 564 -1 1376 200
free 40 -1 1416 200
free 23 -1 1520 200
free 10 -1 1664 200
free 1 -1 1968 200
free 44 -1 2120 200
alloc 27 585 848 1512 200
alloc 30 335 -1 1512 200
alloc 5 217 6792 1256 200
alloc 0 399 -1 1256 200
alloc 47 472 -1 1256 200
free 34 -1 1368 200
alloc 41 267 1456 1080 200
alloc 36 554 -1 1080 200
alloc 3 247 7896 784 200
free 38 -1 1088 200
alloc 45 263 5304 784 200
alloc 40 367 -1 784 200
free 7 -1 880 200
alloc 42 28 112 832 200
alloc 1 200 160 616 200
free 28 -1 832 200
free 27 -1 1440 200
alloc 30 222 848 1200 200
free 5 -1 1456 200
free 16 -1 1848 200
alloc 47 99 376 1728 200
free 18 -1 2048 200
free 9 -1 2232 200
free 4 -1 2624 200
free 35 -1 2856 200
alloc 38 592 3296 2248 200
alloc 13 264 496 1968 200
alloc 24 73 1088 1872 200
free 39 -1 2152 200
alloc 26 86 1184 2048 200
alloc 33 317 4872 1712 200
alloc 28 466 -1 1712 200
alloc 27 183 1744 1512 200
free 46 -1 2008 200
free 37 -1 2296 200
alloc 16 530 3904 1744 200
free 47 -1 1864 200
alloc 34 568 -1 1864 200
alloc 9 151 1288 1696 200
alloc 4 94 376 1576 200
alloc 35 551 5608 1008 200
alloc 22 466 -1 1008 200
free 29 -1 1176 200
free 24 -1 1272 200
alloc 39 449 -1 1272 200
alloc 10 264 2192 976 200
alloc 17 587 -1 976 200
alloc 12 156 4456 800 200
free 27 -1 1000 200
alloc 14 399 -1 1000 200
alloc 5 354 -1 1000 200
free 16 -1 1552 200
alloc 15 279 3904 1256 200
alloc 34 159 1744 1080 200
alloc 25 423 -1 1080 200
alloc 36 503 -1 1080 200
free 3 -1 1376 200
free 6 -1 1808 200
free 45 -1 2112 200
alloc 24 215 4200 1856 200
alloc 7 266 5208 1568 200
free 26 -1 1672 200
free 1 -1 1888 200
alloc 28 472 7464 1400 200
alloc 43 82 160 1296 200
alloc 14 118 1088 1160 200
alloc 5 485 -1 1160 200
alloc 16 48 264 1096 200
alloc 47 124 6792 952 200
free 34 -1 1128 200
alloc 25 386 -1 1128 200
alloc 36 230 1744 848 200
alloc 3 323 -1 848 200
alloc 22 120 7952 712 200
free 13 -1 992 200
alloc 40 275 496 696 200
alloc 23 562 -1 696 200
free 42 -1 744 200
alloc 17 289 -1 744 200
free 28 -1 1232 200
free 11 -1 1400 200
alloc 46 79 2024 1304 200
alloc 21 157 7464 1128 200
free 16 -1 1192 200
free 31 -1 1808 200
free 2 -1 2352 200
free 9 -1 2520 200
free 4 -1 2640 200
free 19 -1 2776 200
alloc 6 74 264 2680 200
alloc 29 433 2696 2224 200
free 24 -1 2480 200
alloc 39 122 1224 2336 200
free 10 -1 2632 200
alloc 17 596 6176 2016 200
alloc 44 163 2120 1832 200
free 43 -1 1936 200
free 30 -1 2176 200
alloc 5 91 112 2064 200
alloc 0 353 -1 2064 200
free 47 -1 2208 200
alloc 2 322 -1 2208 200
free 41 -1 2496 200
alloc 4 546 -1 2496 200
alloc 19 382 -1 2496 200
free 22 -1 2632 200
alloc 13 463 7640 2152 200
free 8 -1 2208 200
alloc 23 16 16 2176 200
alloc 10 572 -1 2176 200
alloc 1 42 48 2112 200
free 12 -1 2288 200
alloc 27 246 792 1992 200
free 14 -1 2128 200
alloc 37 416 4200 1696 200
alloc 16 181 1368 1496 200
free 15 -1 1792 200
alloc 18 502 -1 1792 200
alloc 25 35 360 1736 200
alloc 4 465 -1 1736 200
free 35 -1 2304 200
free 38 -1 2912 200
free 29 -1 3368 200
alloc 8 286 2696 3064 200
free 7 -1 3352 200
alloc 42 213 3000 3120 200
free 33 -1 3456 200
alloc 12 551 3232 2888 200
alloc 11 332 3800 2536 200
alloc 14 346 4632 2168 200
free 37 -1 2600 200
free 32 -1 3016 200
alloc 31 387 4152 2608 200
alloc 18 101 1088 2472 200
free 25 -1 2528 200
free 36 -1 2808 200
alloc 3 223 1568 2568 200
free 6 -1 2664 200
alloc 45 487 5000 2160 200
free 40 -1 2456 200
alloc 7 49 224 2384 200
alloc 26 255 296 2112 200
alloc 33 498 5504 1592 200
free 12 -1 2160 200
alloc 43 409 3232 1728 200
free 46 -1 1824 200
free 5 -1 1936 200
alloc 0 62 112 1824 200
alloc 47 395 6792 1408 200
alloc 2 335 -1 1408 200
alloc 41 150 568 1240 200
free 20 -1 1448 200
free 3 -1 1688 200
alloc 22 331 1568 1336 200
alloc 29 493 -1 1336 200
free 8 -1 1640 200
free 39 -1 1784 200
free 26 -1 2056 200
free 17 -1 2672 200
alloc 12 509 2304 2144 200
free 11 -1 2496 200
alloc 46 10 296 2464 200
alloc 37 273 3664 2168 200
free 0 -1 2280 200
free 31 -1 2688 200
free 18 -1 2824 200
alloc 25 236 1088 2544 200
alloc 36 576 3960 1952 200
alloc 3 269 6024 1664 200
alloc 38 39 112 1608 200
free 45 -1 2112 200
alloc 40 165 328 1928 200
alloc 39 161 1920 1728 200
free 42 -1 1960 200
free 1 -1 2024 200
free 12 -1 2552 200
free 27 -1 2848 200
free 14 -1 3216 200
alloc 5 82 736 3112 200
alloc 32 382 2304 2712 200
free 47 -1 3128 200
alloc 34 95 840 3016 200
alloc 9 354 2704 2640 200
alloc 4 557 4552 2064 200
alloc 35 338 5128 1688 200
alloc 6 564 6312 1104 200
alloc 45 408 6896 680 200
alloc 24 359 -1 680 200
free 23 -1 712 200
alloc 26 364 -1 712 200
alloc 17 582 -1 712 200
alloc 12 147 -1 712 200
alloc 11 416 -1 712 200
free 46 -1 744 200
free 21 -1 920 200
free 16 -1 1120 200
alloc 31 183 1368 920 200
alloc 2 100 952 784 200
free 25 -1 1064 200
alloc 20 161 1088 880 200
free 35 -1 1256 200
free 6 -1 1840 200
free 13 -1 2320 200
alloc 24 382 6312 1920 200
alloc 23 122 3080 1768 200
alloc 10 22 16 1728 200
alloc 17 481 7320 1224 200
alloc 28 231 5128 976 200
alloc 11 595 -1 976 200
alloc 30 594 -1 976 200
free 5 -1 1080 200
free 32 -1 1480 200
alloc 47 503 -1 1480 200
free 34 -1 1592 200
free 41 -1 1760 200
free 36 -1 2352 200
free 3 -1 2640 200
alloc 6 18 56 2584 200
free 45 -1 3008 200
free 24 -1 3408 200
free 7 -1 3480 200
free 10 -1 3520 200
alloc 1 247 512 3256 200
free 28 -1 3504 200
free 43 -1 3936 200
alloc 46 550 3960 3344 200
alloc 5 187 2304 3136 200
alloc 32 267 3232 2848 200
alloc 47 290 5128 2536 200
free 2 -1 2672 200
free 9 -1 3048 200
alloc 36 492 2512 2536 200
alloc 19 550 6024 1968 200
free 6 -1 2024 200
alloc 13 79 16 1928 200
free 40 -1 2112 200
alloc 7 107 168 1984 200
alloc 10 292 776 1672 200
free 1 -1 1936 200
alloc 28 229 296 1688 200
alloc 11 473 6592 1192 200
free 46 -1 1784 200
free 37 -1 2080 200
alloc 16 197 544 1848 200
free 47 -1 2160 200
alloc 18 182 3520 1960 200
alloc 25 67 1272 1864 200
free 36 -1 2376 200
alloc 35 134 2512 2224 200
free 22 -1 2576 200
alloc 29 359 2664 2200 200
alloc 24 243 1568 1936 200
free 7 -1 2064 200
alloc 42 301 3720 1744 200
free 33 -1 2264 200
free 28 -1 2512 200
free 11 -1 3008 200
alloc 14 586 5128 2400 200
alloc 21 326 168 2024 200
free 32 -1 2312 200
alloc 15 542 6592 1752 200
alloc 34 378 4040 1352 200
alloc 9 361 -1 1352 200
free 4 -1 1928 200
alloc 3 111 3232 1800 200
free 38 -1 1856 200
free 13 -1 1952 200
alloc 8 485 4440 1448 200
free 23 -1 1600 200
free 42 -1 1920 200
alloc 33 426 -1 1920 200
alloc 12 150 3040 1728 200
alloc 11 447 -1 1728 200
alloc 30 310 7824 1400 200
free 5 -1 1608 200
free 16 -1 1840 200
alloc 47 395 -1 1840 200
free 18 -1 2040 200
free 25 -1 2136 200
alloc 36 545 3360 1568 200
free 3 -1 1696 200
alloc 22 123 16 1544 200
free 29 -1 1920 200
free 24 -1 2184 200
free 39 -1 2384 200
free 10 -1 2696 200
free 17 -1 3200 200
free 44 -1 3384 200
alloc 11 34 544 3328 200
alloc 46 266 600 3040 200
free 21 -1 3416 200
alloc 0 573 1568 2824 200
free 31 -1 3024 200
alloc 2 246 168 2760 200
alloc 9 519 7152 2224 200
alloc 4 78 432 2112 200
alloc 3 557 -1 2112 200
alloc 38 551 -1 2112 200
alloc 45 53 888 2040 200
free 8 -1 2544 200
alloc 7 95 960 2416 200
alloc 42 570 4440 1824 200
alloc 17 219 1272 1584 200
alloc 44 190 2160 1376 200
free 11 -1 1432 200
free 30 -1 1760 200
alloc 37 276 2664 1464 200
alloc 16 41 2368 1400 200
alloc 31 212 5736 1168 200
alloc 18 26 544 1112 200
alloc 25 199 7688 896 200
free 4 -1 1008 200
free 35 -1 1160 200
free 22 -1 1312 200
alloc 29 459 -1 1312 200
alloc 8 538 -1 1312 200
alloc 39 524 -1 1312 200
alloc 26 468 -1 1312 200
alloc 33 347 -1 1312 200
free 44 -1 1520 200
alloc 27 149 2160 1352 200
free 14 -1 1960 200
alloc 5 341 5032 1600 200
free 0 -1 2192 200
alloc 47 28 16 2144 200
free 2 -1 2408 200
free 9 -1 2944 200
alloc 4 484 1512 2440 200
alloc 35 189 64 2232 200
alloc 38 357 7152 1856 200
free 45 -1 1928 200
alloc 8 241 272 1656 200
free 7 -1 1784 200
alloc 10 142 888 1624 200
alloc 1 116 2016 1480 200
alloc 28 583 -1 1480 200
alloc 11 67 2432 1392 200
free 46 -1 1680 200
free 37 -1 1976 200
alloc 32 332 2520 1624 200
free 15 -1 2184 200
alloc 2 523 6592 1624 200
free 25 -1 1840 200
free 20 -1 2024 200
free 35 -1 2232 200
alloc 22 143 64 2072 200
alloc 29 113 600 1936 200
free 8 -1 2208 200
alloc 39 122 224 2064 200
free 42 -1 2656 200
free 1 -1 2800 200
alloc 28 526 4440 2256 200
free 27 -1 2424 200
alloc 30 561 7528 1840 200
alloc 37 37 368 1784 200
alloc 0 393 -1 1784 200
alloc 15 96 424 1664 200
free 34 -1 2064 200
alloc 41 565 -1 2064 200
free 36 -1 2632 200
alloc 35 155 1048 2456 200
free 22 -1 2616 200
alloc 45 473 3232 2120 200
alloc 8 447 3728 1656 200
alloc 7 419 -1 1656 200
alloc 42 446 -1 1656 200
alloc 33 348 -1 1656 200
free 12 -1 1848 200
free 11 -1 1936 200
alloc 46 205 2016 1712 200
alloc 21 315 2872 1352 200
free 16 -1 1416 200
free 15 -1 1536 200
alloc 34 371 -1 1536 200
alloc 9 510 -1 1536 200
alloc 36 171 2240 1344 200
alloc 3 540 -1 1344 200
alloc 6 160 4192 1168 200
free 45 -1 1664 200
alloc 40 208 3232 1440 200
alloc 7 78 64 1344 200
alloc 42 413 -1 1344 200
free 17 -1 1584 200
alloc 44 377 -1 1584 200
alloc 11 212 1224 1352 200
alloc 14 74 424 1232 200
free 37 -1 1288 200
alloc 16 220 3456 1016 200
free 31 -1 1248 200
free 18 -1 1304 200
alloc 25 430 5392 856 200
free 4 -1 1360 200
alloc 3 159 1456 1184 200
alloc 22 412 -1 1184 200
alloc 45 111 736 1032 200
free 40 -1 1256 200
alloc 23 262 1632 976 200
alloc 42 340 -1 976 200
alloc 33 210 -1 976 200
alloc 44 304 -1 976 200
alloc 43 577 -1 976 200
free 46 -1 1200 200
alloc 37 326 -1 1200 200
free 16 -1 1472 200
alloc 15 265 1912 1184 200
alloc 18 84 3232 1080 200
free 25 -1 1528 200
alloc 4 583 5392 896 200
free 3 -1 1072 200
free 6 -1 1248 200
free 29 -1 1384 200
alloc 24 473 -1 1384 200
free 7 -1 1480 200
alloc 42 387 -1 1480 200
alloc 33 45 64 1416 200
alloc 44 63 128 1320 200
alloc 43 44 544 1256 200
free 14 -1 1376 200
alloc 37 345 3336 984 200
alloc 0 45 368 920 200
free 15 -1 1208 200
free 2 -1 1768 200
alloc 41 433 6592 1312 200
alloc 20 19 432 1272 200
free 19 -1 1840 200
alloc 6 357 6024 1464 200
alloc 13 387 -1 1464 200
alloc 40 381 -1 1464 200
alloc 7 479 -1 1464 200
free 10 -1 1624 200
alloc 1 86 608 1496 200
alloc 12 332 -1 1496 200
alloc 27 570 -1 1496 200
alloc 14 463 -1 1496 200
free 37 -1 1888 200
alloc 16 129 888 1728 200
alloc 15 103 1456 1608 200
alloc 2 125 1912 1464 200
alloc 9 466 -1 1464 200
free 20 -1 1504 200
free 35 -1 1680 200
free 38 -1 2056 200
free 45 -1 2208 200
free 8 -1 2672 200
free 39 -1 2816 200
alloc 26 108 224 2672 200
free 1 -1 2800 200
free 28 -1 3344 200
free 43 -1 3408 200
alloc 14 150 432 3240 200
free 5 -1 3600 200
free 0 -1 3664 200
alloc 31 439 3336 3208 200
free 18 -1 3312 200
alloc 9 469 3792 2824 200
free 4 -1 3456 200
alloc 3 403 4280 3032 200
free 6 -1 3408 200
alloc 45 235 600 3120 200
alloc 8 41 368 3056 200
free 23 -1 3336 200
alloc 42 392 4704 2928 200
alloc 17 249 1576 2656 200
free 44 -1 2752 200
alloc 27 152 1048 2576 200
alloc 46 263 5112 2296 200
alloc 37 130 2056 2112 200
alloc 0 522 5392 1568 200
free 15 -1 1688 200
alloc 34 397 5936 1272 200
free 9 -1 1760 200
free 36 -1 1952 200
free 3 -1 2376 200
alloc 38 476 3792 1880 200
alloc 29 121 2240 1736 200
alloc 40 282 4288 1432 200
alloc 23 429 7048 952 200
alloc 10 301 -1 952 200
free 17 -1 1224 200
alloc 44 227 1456 976 200
free 11 -1 1208 200
free 14 -1 1376 200
free 21 -1 1736 200
free 16 -1 1896 200
free 31 -1 2352 200
alloc 18 567 2872 1768 200
alloc 9 563 -1 1768 200
alloc 36 108 432 1640 200
alloc 19 302 3456 1304 200
free 38 -1 1800 200
free 29 -1 1944 200
alloc 24 148 1224 1776 200
free 23 -1 2256 200
free 42 -1 2664 200
free 33 -1 2728 200
alloc 28 101 64 2608 200
alloc 11 177 1704 2400 200
free 46 -1 2680 200
free 37 -1 2864 200
free 32 -1 3216 200
alloc 31 320 2056 2880 200
free 18 -1 3464 200
alloc 25 555 2392 2888 200
alloc 4 161 2968 2704 200
alloc 3 388 3792 2296 200
alloc 38 218 3152 2056 200
alloc 13 2 184 2016 200
free 8 -1 2080 200
alloc 7 598 4592 1464 200
free 26 -1 1608 200
alloc 1 453 7048 1128 200
free 44 -1 1376 200
free 27 -1 1552 200
alloc 46 572 -1 1552 200
alloc 5 209 888 1320 200
alloc 32 313 -1 1320 200
alloc 15 230 1392 1072 200
free 2 -1 1216 200
free 41 -1 1672 200
alloc 20 541 6352 1112 200
free 19 -1 1448 200
free 38 -1 1688 200
alloc 29 2 224 1664 200
free 24 -1 1832 200
alloc 23 422 3152 1392 200
alloc 10 74 248 1296 200
free 1 -1 1776 200
alloc 44 96 1120 1664 200
alloc 27 156 3592 1464 200
free 30 -1 2048 200
alloc 21 177 6912 1848 200
free 0 -1 2392 200
free 15 -1 2640 200
alloc 18 388 1232 2232 200
alloc 9 92 1912 2088 200
free 36 -1 2216 200
alloc 35 308 5208 1888 200
alloc 6 318 5536 1552 200
free 45 -1 1840 200
alloc 8 548 7112 1272 200
alloc 39 486 344 768 200
alloc 26 470 7680 256 200
alloc 33 5 848 216 200
alloc 12 261 -1 216 200
alloc 43 260 -1 216 200
alloc 14 576 -1 216 200
alloc 37 113 -1 216 200
alloc 0 165 -1 216 200
free 31 -1 552 200
free 18 -1 960 200
free 9 -1 1104 200
free 20 -1 1664 200
alloc 19 290 1232 1352 200
free 6 -1 1688 200
alloc 45 309 1912 1360 200
alloc 24 464 6352 880 200
free 23 -1 1320 200
free 26 -1 1832 200
alloc 17 547 -1 1832 200
free 44 -1 1944 200
free 11 -1 2152 200
alloc 30 292 1544 1840 200
free 5 -1 2072 200
alloc 16 313 888 1728 200
alloc 15 287 3152 1424 200
free 34 -1 1840 200
alloc 41 116 2240 1688 200
alloc 36 239 5536 1432 200
free 3 -1 1840 200
alloc 22 73 3456 1744 200
free 29 -1 1768 200
free 40 -1 2072 200
alloc 23 39 1856 2016 200
free 10 -1 2112 200
free 33 -1 2152 200
alloc 44 301 3792 1832 200
alloc 11 432 4112 1352 200
alloc 46 32 224 1304 200
free 21 -1 1504 200
alloc 32 101 5792 1384 200
free 15 -1 1688 200
alloc 18 441 7680 1224 200
free 25 -1 1800 200
alloc 20 561 -1 1800 200
free 19 -1 2112 200
alloc 6 195 1232 1896 200
free 13 -1 1936 200
free 8 -1 2504 200
free 7 -1 3120 200
alloc 10 182 2392 2920 200
alloc 1 252 2592 2648 200
free 28 -1 2768 200
free 11 -1 3248 200
free 46 -1 3296 200
alloc 5 464 4112 2816 200
free 16 -1 3160 200
free 47 -1 3208 200
free 18 -1 3672 200
alloc 9 344 848 3288 200
free 36 -1 3544 200
alloc 3 278 16 3216 200
free 6 -1 3432 200
alloc 13 492 4592 2920 200
alloc 40 266 1232 2608 200
free 39 -1 3112 200
free 10 -1 3312 200
free 1 -1 3584 200
free 44 -1 3904 200
free 27 -1 4104 200
alloc 14 580 6832 3504 200
alloc 37 557 2392 2928 200
alloc 0 489 3552 2416 200
alloc 15 600 7432 1800 200
alloc 34 220 344 1560 200
alloc 25 72 584 1472 200
alloc 20 335 5912 1120 200
alloc 19 294 -1 1120 200
alloc 38 451 -1 1120 200
alloc 29 380 -1 1120 200
free 40 -1 1432 200
free 23 -1 1488 200
alloc 26 265 1232 1176 200
alloc 1 578 -1 1176 200
alloc 28 557 -1 1176 200
alloc 27 534 -1 1176 200
free 14 -1 1776 200
free 37 -1 2352 200
free 0 -1 2864 200
alloc 47 269 2392 2576 200
alloc 18 86 672 2472 200
free 41 -1 2624 200
free 20 -1 2976 200
free 3 -1 3304 200
free 22 -1 3400 200
free 13 -1 3912 200
alloc 40 576 3152 3320 200
alloc 23 411 4592 2888 200
alloc 10 459 6832 2408 200
alloc 17 586 -1 2408 200
alloc 44 385 5912 1968 200
alloc 11 588 -1 1968 200
free 30 -1 2280 200
alloc 21 278 16 1952 200
free 32 -1 2072 200
alloc 31 579 -1 2072 200
free 18 -1 2176 200
free 9 -1 2560 200
alloc 36 82 672 2456 200
free 35 -1 2784 200
alloc 6 151 776 2616 200
alloc 29 234 944 2328 200
alloc 8 549 5024 1760 200
alloc 7 209 1544 1528 200
alloc 42 364 -1 1528 200
alloc 1 544 -1 1528 200
free 44 -1 1968 200
alloc 27 108 1776 1832 200
alloc 14 25 2240 1784 200
free 21 -1 2112 200
alloc 0 246 16 1848 200
free 47 -1 2136 200
alloc 18 580 2288 1536 200
alloc 41 22 280 1472 200
free 4 -1 1656 200
alloc 3 98 2888 1536 200
alloc 22 59 3008 1456 200
free 45 -1 1784 200
free 24 -1 2264 200
free 7 -1 2496 200
alloc 42 67 1544 2408 200
alloc 17 136 1912 2256 200
alloc 28 442 5592 1792 200
alloc 43 164 3744 1608 200
alloc 46 210 6056 1376 200
free 5 -1 1856 200
alloc 32 471 3928 1368 200
alloc 47 30 1632 1320 200
free 34 -1 1560 200
alloc 9 383 6288 1160 200
alloc 20 563 -1 1160 200
free 3 -1 1280 200
alloc 38 239 -1 1280 200
alloc 45 181 344 1080 200
alloc 24 344 -1 1080 200
alloc 7 287 -1 1080 200
free 42 -1 1168 200
alloc 33 144 2064 992 200
alloc 12 476 -1 992 200
free 43 -1 1176 200
free 14 -1 1224 200
alloc 5 586 -1 1224 200
alloc 16 233 -1 1224 200
alloc 31 100 2888 1104 200
alloc 34 231 -1 1104 200
free 25 -1 1192 200
alloc 4 245 -1 1192 200
alloc 3 384 -1 1192 200
free 22 -1 1272 200
free 29 -1 1560 200
free 8 -1 2128 200
alloc 7 434 5024 1672 200
alloc 42 57 544 1592 200
free 17 -1 1744 200
alloc 44 157 944 1568 200
free 27 -1 1704 200
alloc 14 398 -1 1704 200
alloc 21 210 1680 1472 200
free 0 -1 1736 200
free 47 -1 1784 200
free 18 -1 2384 200
alloc 25 74 16 2288 200
alloc 20 529 2240 1736 200
alloc 35 309 -1 1736 200
alloc 38 237 -1 1736 200
alloc 29 454 -1 1736 200
alloc 24 478 -1 1736 200
free 23 -1 2168 200
free 10 -1 2648 200
alloc 17 465 4416 2160 200
alloc 12 106 112 2032 200
alloc 43 437 6688 1576 200
alloc 14 277 -1 1576 200
alloc 37 570 -1 1576 200
free 32 -1 2064 200
free 31 -1 2184 200
alloc 18 368 3744 1800 200
free 25 -1 1896 200
alloc 4 179 2792 1696 200
alloc 3 302 -1 1696 200
free 6 -1 1864 200
free 45 -1 2064 200
free 40 -1 2656 200
free 7 -1 3112 200
alloc 10 37 16 3056 200
free 17 -1 3544 200
free 28 -1 4008 200
free 43 -1 4464 200
alloc 14 284 2992 4160 200
free 21 -1 4392 200
alloc 16 366 1544 4008 200
free 15 -1 4624 200
alloc 2 362 3296 4240 200
free 41 -1 4304 200
free 20 -1 4856 200
alloc 19 150 240 4688 200
alloc 22 126 776 4520 200
alloc 13 383 2240 4120 200
alloc 40 105 408 3984 200
alloc 39 149 4128 3816 200
free 42 -1 3896 200
alloc 1 82 544 3768 200
free 44 -1 3944 200
alloc 27 206 944 3720 200
free 14 -1 4024 200
alloc 37 496 4296 3512 200
alloc 0 232 2992 3264 200
alloc 31 288 4808 2960 200
free 2 -1 3344 200
free 9 -1 3744 200
free 36 -1 3848 200
alloc 3 172 3240 3656 200
free 22 -1 3824 200
alloc 45 484 5112 3320 200
alloc 24 43 672 3256 200
alloc 23 219 3432 3016 200
free 26 -1 3328 200
free 33 -1 3504 200
free 12 -1 3632 200
alloc 11 412 5616 3192 200
alloc 30 279 1168 2896 200
alloc 5 513 6288 2360 200
free 0 -1 2608 200
alloc 15 542 6824 2048 200
alloc 34 474 7384 1552 200
alloc 25 174 736 1344 200
free 4 -1 1544 200
free 3 -1 1736 200
alloc 22 260 1928 1424 200
free 45 -1 1928 200
free 40 -1 2064 200
free 39 -1 2232 200
alloc 42 364 2640 1848 200
alloc 33 90 72 1736 200
alloc 28 563 -1 1736 200
alloc 43 273 3024 1440 200
free 46 -1 1672 200
alloc 21 321 5112 1328 200
alloc 0 526 -1 1328 200
alloc 47 107 408 1192 200
free 18 -1 1576 200
free 25 -1 1784 200
alloc 36 97 736 1664 200
alloc 35 300 3672 1344 200
alloc 38 560 -1 1344 200
alloc 45 154 3992 1168 200
alloc 40 86 3320 1056 200
free 23 -1 1296 200
alloc 26 374 -1 1296 200
free 33 -1 1408 200
alloc 44 407 -1 1408 200
free 43 -1 1704 200
alloc 14 96 72 1592 200
free 21 -1 1936 200
alloc 0 133 3024 1784 200
free 47 -1 1920 200
alloc 18 27 184 1864 200
alloc 25 372 5112 1472 200
free 36 -1 1592 200
free 35 -1 1912 200
alloc 38 255 3432 1640 200
free 45 -1 1816 200
free 24 -1 1880 200
alloc 39 169 672 1688 200
alloc 26 405 3704 1264 200
free 1 -1 1392 200
alloc 12 564 -1 1392 200
alloc 43 335 -1 1392 200
free 14 -1 1504 200
free 5 -1 2040 200
alloc 32 270 6056 1752 200
alloc 47 193 408 1536 200
alloc 2 357 6344 1160 200
free 25 -1 1552 200
alloc 20 498 -1 1552 200
free 19 -1 1720 200
free 38 -1 1992 200
alloc 29 291 5112 1680 200
alloc 24 383 -1 1680 200
free 39 -1 1872 200
free 26 -1 2296 200
alloc 1 457 3432 1816 200
alloc 44 229 624 1568 200
free 11 -1 2008 200
free 30 -1 2304 200
alloc 21 50 72 2232 200
free 32 -1 2520 200
free 31 -1 2824 200
free 18 -1 2880 200
alloc 9 589 5424 2272 200
alloc 4 460 -1 2272 200
alloc 19 40 144 2216 200
alloc 38 445 -1 2216 200
free 13 -1 2616 200
free 40 -1 2728 200
alloc 7 13 200 2696 200
free 10 -1 2752 200
alloc 17 145 232 2576 200
alloc 28 263 1168 2296 200
alloc 43 317 2240 1960 200
alloc 14 101 3176 1840 200
free 37 -1 2352 200
alloc 32 548 3912 1784 200
alloc 31 106 3296 1648 200
free 34 -1 2144 200
alloc 25 357 4480 1768 200
alloc 4 459 7384 1288 200
free 19 -1 1344 200
alloc 6 18 16 1288 200
alloc 13 532 -1 1288 200
alloc 40 42 872 1216 200
free 7 -1 1248 200
alloc 26 546 -1 1248 200
alloc 33 577 -1 1248 200
free 28 -1 1528 200
free 27 -1 1752 200
free 14 -1 1872 200
alloc 37 13 144 1840 200
free 16 -1 2224 200
free 15 -1 2784 200
alloc 34 436 944 2328 200
alloc 41 509 1400 1800 200
free 4 -1 2280 200
alloc 3 489 6720 1768 200
alloc 38 451 7232 1296 200
free 29 -1 1608 200
alloc 8 511 4856 1080 200
alloc 39 269 6032 768 200
free 42 -1 1152 200
free 1 -1 1632 200
alloc 12 208 2576 1408 200
alloc 11 489 -1 1408 200
alloc 46 581 -1 1408 200
free 37 -1 1440 200
free 32 -1 2008 200
free 31 -1 2144 200
alloc 18 230 3176 1896 200
free 41 -1 2424 200
alloc 36 267 1400 2136 200
alloc 35 30 144 2088 200
free 22 -1 2400 200
alloc 13 354 1688 2024 200
free 40 -1 2096 200
alloc 23 379 3424 1696 200
alloc 26 104 2064 1576 200
alloc 33 519 3824 1040 200
free 12 -1 1264 200
alloc 27 65 2576 1176 200
alloc 30 383 7704 776 200
alloc 37 507 -1 776 200
free 0 -1 928 200
alloc 31 155 2664 752 200
free 18 -1 1000 200
free 9 -1 1608 200
alloc 4 328 2840 1264 200
free 35 -1 1312 200
free 6 -1 1368 200
free 13 -1 1744 200
alloc 24 570 5384 1152 200
free 39 -1 1464 200
alloc 42 196 1688 1248 200
free 33 -1 1784 200
alloc 12 494 3824 1272 200
free 27 -1 1360 200
free 30 -1 1760 200
alloc 37 262 5976 1480 200
alloc 32 120 1904 1320 200
free 31 -1 1496 200
alloc 18 236 2576 1232 200
free 25 -1 1608 200
alloc 20 92 3184 1496 200
alloc 19 463 4336 1016 200
alloc 6 534 -1 1016 200
alloc 13 504 -1 1016 200
free 8 -1 1544 200
alloc 7 236 4816 1288 200
alloc 10 185 5072 1080 200
free 17 -1 1256 200
free 12 -1 1768 200
free 43 -1 2104 200
alloc 14 80 144 2008 200
free 37 -1 2288 200
alloc 16 2 16 2232 200
free 47 -1 2448 200
free 2 -1 2824 200
alloc 41 17 240 2784 200
free 4 -1 3128 200
free 3 -1 3640 200
free 38 -1 4112 200
alloc 45 525 5976 3568 200
alloc 8 395 3824 3152 200
alloc 39 105 280 3024 200
free 26 -1 3144 200
alloc 17 371 2064 2752 200
alloc 28 281 2840 2448 200
alloc 43 199 408 2232 200
alloc 30 76 2456 2112 200
alloc 37 444 6520 1648 200
free 16 -1 1704 200
alloc 31 132 6984 1552 200
alloc 2 285 7136 1248 200
free 41 -1 1288 200
free 20 -1 1400 200
free 19 -1 1880 200
alloc 38 446 4240 1416 200
alloc 13 598 7440 800 200
free 24 -1 1392 200
free 23 -1 1792 200
alloc 26 196 3144 1576 200
alloc 1 569 5280 984 200
free 28 -1 1288 200
alloc 27 253 2840 984 200
free 30 -1 1104 200
alloc 5 277 3360 808 200
alloc 0 99 2456 688 200
free 31 -1 840 200
free 34 -1 1296 200
alloc 9 357 872 920 200
alloc 4 460 -1 920 200
alloc 3 571 -1 920 200
alloc 22 488 -1 920 200
alloc 29 510 -1 920 200
alloc 40 235 -1 920 200
alloc 23 562 -1 920 200
free 42 -1 1136 200
free 1 -1 1728 200
alloc 12 450 5280 1256 200
free 27 -1 1560 200
alloc 46 247 2840 1296 200
free 21 -1 1368 200
alloc 16 583 -1 1368 200
alloc 47 23 16 1328 200
alloc 34 101 1248 1176 200
alloc 25 477 -1 1176 200
free 36 -1 1464 200
alloc 3 214 1400 1232 200
free 38 -1 1696 200
free 13 -1 2312 200
alloc 40 98 1632 2192 200
free 7 -1 2448 200
alloc 42 199 4240 2232 200
free 17 -1 2624 200
alloc 28 246 2064 2360 200
alloc 27 427 4456 1912 200
alloc 30 121 1752 1760 200
free 37 -1 2224 200
free 32 -1 2384 200
free 47 -1 2424 200
free 18 -1 2688 200
free 9 -1 3064 200
alloc 4 114 872 2928 200
free 3 -1 3160 200
alloc 6 497 6520 2640 200
alloc 29 28 16 2592 200
alloc 24 300 7440 2272 200
alloc 7 443 -1 2272 200
free 26 -1 2488 200
alloc 33 492 -1 2488 200
free 44 -1 2736 200
free 43 -1 2952 200
free 30 -1 3104 200
free 5 -1 3400 200
alloc 32 386 408 2992 200
alloc 31 392 3104 2584 200
alloc 18 78 1008 2488 200
alloc 25 483 -1 2488 200
alloc 36 163 1400 2304 200
alloc 3 492 -1 2304 200
free 6 -1 2824 200
free 45 -1 3368 200
free 8 -1 3784 200
alloc 7 278 1752 3472 200
free 42 -1 3688 200
alloc 33 31 64 3608 200
free 28 -1 3872 200
alloc 11 460 3512 3392 200
alloc 30 175 2064 3200 200
alloc 5 201 2576 2976 200
alloc 16 348 3992 2608 200
free 31 -1 3016 200
free 18 -1 3112 200
alloc 41 219 1008 2872 200
alloc 20 45 2256 2808 200
alloc 35 153 3104 2632 200
alloc 6 135 3280 2480 200
alloc 45 375 5752 2088 200
free 24 -1 2408 200
free 39 -1 2536 200
alloc 42 212 6144 2304 200
alloc 17 453 6376 1832 200
alloc 28 347 7440 1464 200
free 27 -1 1912 200
free 46 -1 2176 200
alloc 21 329 4360 1824 200
free 32 -1 2232 200
alloc 47 219 240 1992 200
free 2 -1 2296 200
free 41 -1 2536 200
free 4 -1 2672 200
alloc 19 247 480 2408 200
alloc 38 120 744 2272 200
free 29 -1 2320 200
alloc 24 185 880 2112 200
alloc 39 438 6848 1656 200
free 42 -1 1888 200
free 33 -1 1968 200
free 28 -1 2336 200
free 11 -1 2816 200
alloc 46 10 16 2784 200
free 21 -1 3136 200
free 0 -1 3256 200
alloc 31 1 48 3232 200
alloc 18 99 1088 3112 200
alloc 41 553 4360 2536 200
free 36 -1 2720 200
free 35 -1 2896 200
free 6 -1 3048 200
alloc 13 403 2800 2624 200
alloc 8 115 1400 2488 200
alloc 23 324 3224 2144 200
alloc 26 501 7304 1624 200
free 17 -1 2096 200
alloc 44 270 3568 1808 200
alloc 11 421 6144 1368 200
free 30 -1 1560 200
alloc 21 127 2064 1416 200
free 16 -1 1784 200
free 31 -1 1808 200
free 18 -1 1928 200
alloc 9 82 1088 1824 200
alloc 4 349 3856 1456 200
free 19 -1 1720 200
alloc 22 401 -1 1720 200
free 13 -1 2144 200
free 24 -1 2352 200
free 23 -1 2696 200
free 10 -1 2904 200
alloc 33 555 2800 2328 200
free 44 -1 2616 200
alloc 27 381 3376 2216 200
free 14 -1 2312 200
free 21 -1 2456 200
alloc 0 131 48 2304 200
alloc 31 167 480 2120 200
alloc 18 193 2320 1904 200
free 9 -1 2008 200
alloc 36 150 880 1840 200
alloc 19 120 1048 1704 200
alloc 22 264 4936 1424 200
alloc 29 230 6584 1160 200
free 8 -1 1296 200
free 39 -1 1752 200
free 26 -1 2272 200
free 33 -1 2848 200
alloc 44 108 1400 2720 200
free 11 -1 3160 200
alloc 30 322 2800 2816 200
alloc 37 338 6144 2456 200
alloc 32 76 1528 2352 200
free 31 -1 2536 200
alloc 2 187 480 2328 200
alloc 25 157 2064 2136 200
free 20 -1 2200 200
alloc 35 24 200 2160 200
alloc 6 162 3144 1976 200
alloc 13 396 6848 1560 200
free 40 -1 1680 200
alloc 23 429 7264 1232 200
alloc 10 77 1632 1112 200
alloc 17 148 7712 944 200
free 12 -1 1416 200
alloc 11 414 5216 984 200
free 46 -1 1016 200
alloc 21 368 -1 1016 200
free 32 -1 1120 200
alloc 15 256 7880 848 200
free 2 -1 1056 200
free 25 -1 1248 200
alloc 20 39 480 1192 200
free 19 -1 1328 200
free 22 -1 1608 200
free 45 -1 2000 200
alloc 24 148 536 1832 200
free 23 -1 2280 200
free 10 -1 2400 200
alloc 33 396 5648 1984 200
alloc 12 376 7264 1592 200
alloc 43 419 -1 1592 200
free 30 -1 1936 200
alloc 21 267 2800 1648 200
free 0 -1 1800 200
free 47 -1 2040 200
free 18 -1 2256 200
alloc 25 275 2064 1960 200
free 20 -1 2016 200
free 35 -1 2056 200
free 6 -1 2240 200
free 29 -1 2504 200
alloc 8 70 16 2416 200
alloc 39 272 104 2128 200
alloc 10 163 1048 1928 200
free 17 -1 2096 200
free 44 -1 2224 200
free 11 -1 2656 200
alloc 46 332 1400 2304 200
free 21 -1 2592 200
alloc 16 396 2800 2176 200
alloc 31 363 4936 1792 200
alloc 2 536 -1 1792 200
free 25 -1 2088 200
free 4 -1 2456 200
alloc 35 433 2064 2000 200
alloc 22 324 3776 1656 200
free 13 -1 2072 200
alloc 40 359 6504 1696 200
free 39 -1 1984 200
free 10 -1 2184 200
alloc 17 381 104 1752 200
free 12 -1 2144 200
alloc 43 449 6880 1672 200
alloc 30 110 1048 1544 200
free 5 -1 1768 200
alloc 0 182 2520 1568 200
alloc 47 395 7352 1152 200
alloc 2 7 704 1112 200
alloc 9 468 -1 1112 200
alloc 4 431 -1 1112 200
alloc 3 514 -1 1112 200
free 38 -1 1248 200
alloc 29 5 744 1224 200
free 40 -1 1600 200
alloc 39 494 -1 1600 200
alloc 26 238 5320 1344 200
free 17 -1 1776 200
alloc 44 263 104 1496 200
free 27 -1 1896 200
free 46 -1 2248 200
alloc 21 396 3216 1832 200
free 16 -1 2248 200
free 15 -1 2520 200
free 2 -1 2560 200
alloc 25 100 384 2408 200
alloc 20 91 768 2296 200
alloc 19 250 1400 2024 200
free 22 -1 2368 200
free 29 -1 2392 200
alloc 40 45 704 2328 200
alloc 23 340 2720 1968 200
alloc 42 138 3632 1808 200
alloc 17 443 3792 1344 200
alloc 12 460 -1 1344 200
free 43 -1 1816 200
alloc 46 401 6504 1392 200
free 37 -1 1752 200
alloc 16 249 6064 1480 200
alloc 15 119 3080 1344 200
free 34 -1 1496 200
alloc 9 530 -1 1496 200
free 36 -1 1664 200
free 35 -1 2120 200
alloc 6 92 880 2008 200
alloc 29 211 2064 1776 200
free 24 -1 1944 200
free 23 -1 2304 200
free 42 -1 2464 200
free 33 -1 2880 200
alloc 12 227 2720 2632 200
alloc 11 232 5576 2384 200
free 46 -1 2808 200
alloc 5 357 6336 2432 200
free 16 -1 2704 200
free 31 -1 3088 200
alloc 34 534 6712 2536 200
free 41 -1 3112 200
alloc 4 124 536 2944 200
free 19 -1 3216 200
alloc 38 413 1176 2784 200
alloc 45 195 2296 2560 200
free 8 -1 2648 200
free 7 -1 2960 200
alloc 10 462 4256 2480 200
free 17 -1 2944 200
free 12 -1 3192 200
alloc 27 128 1608 3048 200
free 30 -1 3176 200
free 21 -1 3592 200
free 0 -1 3792 200
free 47 -1 4208 200
free 34 -1 4760 200
alloc 41 274 1752 4448 200
alloc 36 245 2520 4184 200
alloc 35 448 3216 3720 200
free 6 -1 3832 200
alloc 13 132 880 3680 200
free 40 -1 3744 200
alloc 7 536 3680 3168 200
free 10 -1 3648 200
alloc 33 329 4256 3296 200
alloc 12 329 4608 2944 200
alloc 43 504 6712 2424 200
alloc 30 41 16 2336 200
alloc 21 288 4960 2032 200
alloc 32 107 1032 1888 200
free 15 -1 2024 200
alloc 2 530 7232 1472 200
free 41 -1 1784 200
free 36 -1 2048 200
alloc 3 529 2520 1496 200
alloc 22 454 5824 1024 200
free 13 -1 1176 200
alloc 8 359 7784 768 200
alloc 39 525 -1 768 200
alloc 10 540 -1 768 200
alloc 1 346 -1 768 200
alloc 28 285 1752 456 200
free 11 -1 704 200
free 30 -1 792 200
free 5 -1 1168 200
free 32 -1 1312 200
alloc 31 552 -1 1312 200
alloc 34 475 -1 1312 200
alloc 41 248 880 1016 200
free 4 -1 1184 200
alloc 19 553 -1 1184 200
free 38 -1 1616 200
free 29 -1 1848 200
alloc 24 99 536 1728 200
alloc 39 464 -1 1728 200
alloc 10 515 -1 1728 200
alloc 1 69 16 1640 200
free 12 -1 1992 200
free 43 -1 2512 200
alloc 30 359 1176 2136 200
alloc 5 521 6296 1592 200
alloc 0 567 -1 1592 200
alloc 15 574 -1 1592 200
free 2 -1 2144 200
free 41 -1 2440 200
alloc 36 490 6840 1928 200
free 3 -1 2480 200
free 22 -1 2952 200
alloc 29 74 656 2840 200
free 8 -1 3248 200
free 7 -1 3824 200
alloc 42 316 2520 3488 200
free 1 -1 3576 200
alloc 12 390 3680 3168 200
alloc 43 353 5576 2792 200
alloc 46 179 880 2592 200
alloc 37 134 2064 2440 200
alloc 32 440 7352 1984 200
alloc 15 81 2856 1880 200
alloc 34 121 2960 1736 200
free 25 -1 1888 200
free 36 -1 2400 200
alloc 19 439 6840 1944 200
alloc 38 296 4608 1632 200
alloc 13 248 5952 1368 200
alloc 8 100 384 1216 200
alloc 23 505 -1 1216 200
alloc 10 241 7808 952 200
free 33 -1 1304 200
free 28 -1 1616 200
alloc 11 394 4088 1200 200
free 46 -1 1400 200
free 37 -1 1552 200
alloc 0 277 880 1256 200
alloc 31 225 1752 1008 200
alloc 2 518 -1 1008 200
alloc 9 7 16 984 200
alloc 4 134 2000 832 200
free 19 -1 1288 200
free 38 -1 1600 200
free 13 -1 1864 200
free 24 -1 1984 200
alloc 39 497 -1 1984 200
free 42 -1 2320 200
alloc 1 390 4504 1912 200
alloc 28 521 -1 1912 200
free 43 -1 2288 200
alloc 46 297 2520 1952 200
alloc 37 532 5576 1400 200
free 32 -1 1856 200
alloc 47 153 6840 1680 200
free 34 -1 1824 200
alloc 25 455 7016 1352 200
free 4 -1 1504 200
alloc 19 565 -1 1504 200
alloc 6 516 -1 1504 200
free 29 -1 1616 200
free 8 -1 1768 200
alloc 39 404 -1 1768 200
alloc 42 25 40 1704 200
alloc 33 547 -1 1704 200
alloc 28 504 -1 1704 200
free 27 -1 1848 200
alloc 14 342 384 1464 200
free 37 -1 2016 200
free 0 -1 2312 200
free 31 -1 2560 200
alloc 18 257 880 2264 200
free 9 -1 2288 200
alloc 36 230 1552 2040 200
free 35 -1 2504 200
alloc 6 235 1800 2248 200
alloc 13 537 2960 1688 200
alloc 24 22 2056 1648 200
alloc 39 559 5576 1072 200
free 26 -1 1328 200
free 1 -1 1736 200
free 12 -1 2144 200
free 11 -1 2560 200
free 30 -1 2936 200
free 21 -1 3240 200
alloc 32 596 3520 2624 200
free 15 -1 2728 200
alloc 2 259 1176 2448 200
alloc 9 392 4136 2040 200
alloc 4 123 2096 1896 200
alloc 3 62 1456 1800 200
alloc 38 260 4544 1520 200
alloc 29 17 2240 1464 200
alloc 8 8 16 1440 200
alloc 23 61 2856 1336 200
free 10 -1 1600 200
alloc 1 183 4824 1400 200
free 44 -1 1680 200
alloc 27 67 104 1592 200
free 14 -1 1976 200
free 5 -1 2520 200
free 32 -1 3136 200
alloc 15 104 192 3016 200
free 2 -1 3296 200
free 25 -1 3768 200
free 20 -1 3880 200
alloc 19 126 312 3736 200
free 38 -1 4016 200
free 13 -1 4576 200
free 24 -1 4616 200
free 39 -1 5192 200
alloc 26 169 456 5000 200
alloc 33 196 648 4768 200
alloc 28 573 2960 4176 200
alloc 43 131 1176 4024 200
alloc 14 59 1328 3944 200
alloc 5 326 3552 3600 200
alloc 0 208 3896 3360 200
free 15 -1 3480 200
alloc 2 57 192 3400 200
alloc 25 195 4544 3184 200
free 36 -1 3432 200
alloc 35 190 1552 3224 200
free 6 -1 3480 200
free 29 -1 3536 200
alloc 24 363 5024 3152 200
alloc 7 126 1760 3008 200
alloc 10 275 5408 2712 200
free 1 -1 2912 200
alloc 44 49 1904 2840 200
alloc 11 460 5704 2360 200
alloc 30 447 6184 1896 200
alloc 37 195 4760 1680 200
free 0 -1 1920 200
alloc 31 523 7016 1376 200
alloc 34 442 7560 912 200
free 9 -1 1320 200
alloc 36 346 3896 952 200
free 35 -1 1160 200
alloc 6 127 1552 1016 200
free 45 -1 1240 200
alloc 40 487 -1 1240 200
alloc 39 243 2240 960 200
free 42 -1 1024 200
free 33 -1 1256 200
free 28 -1 1848 200
free 11 -1 2328 200
free 14 -1 2408 200
alloc 21 121 648 2264 200
alloc 16 427 2960 1816 200
alloc 15 41 40 1752 200
free 2 -1 1832 200
alloc 41 222 4264 1592 200
alloc 20 308 5704 1264 200
alloc 35 284 -1 1264 200
alloc 38 224 -1 1264 200
alloc 29 469 -1 1264 200
free 8 -1 1288 200
free 7 -1 1432 200
free 10 -1 1728 200
alloc 17 136 1696 1576 200
alloc 12 389 -1 1576 200
alloc 11 338 -1 1576 200
free 30 -1 2040 200
free 5 -1 2384 200
alloc 32 511 6032 1856 200
free 47 -1 2032 200
free 18 -1 2328 200
free 25 -1 2544 200
free 20 -1 2872 200
free 3 -1 2968 200
alloc 22 578 5408 2344 200
alloc 13 27 192 2296 200
free 24 -1 2680 200
free 23 -1 2784 200
alloc 42 378 3408 2384 200
alloc 33 408 4976 1952 200
free 44 -1 2024 200
alloc 11 253 792 1752 200
free 46 -1 2088 200
free 21 -1 2232 200
free 32 -1 2760 200
free 15 -1 2824 200
alloc 2 397 2520 2384 200
alloc 9 250 6032 2112 200
free 36 -1 2480 200
alloc 3 8 16 2456 200
free 6 -1 2600 200
alloc 45 432 3808 2144 200
alloc 24 383 6304 1744 200
free 39 -1 2024 200
free 26 -1 2216 200
free 17 -1 2368 200
alloc 28 368 1328 1984 200
free 43 -1 2136 200
alloc 30 67 456 2048 200
alloc 21 498 -1 2048 200
alloc 32 157 544 1872 200
alloc 47 172 1064 1680 200
free 2 -1 2120 200
alloc 25 490 2240 1608 200
alloc 36 462 -1 1608 200
free 3 -1 1632 200
alloc 6 483 -1 1632 200
free 13 -1 1680 200
free 24 -1 2080 200
alloc 23 258 1712 1800 200
alloc 10 246 6304 1536 200
alloc 17 337 6568 1176 200
alloc 12 314 -1 1176 200
free 27 -1 1264 200
alloc 46 23 16 1224 200
alloc 21 237 56 968 200
alloc 0 330 -1 968 200
free 31 -1 1512 200
alloc 18 592 6928 880 200
free 9 -1 1152 200
free 4 -1 1296 200
alloc 3 326 -1 1296 200
free 22 -1 1920 200
alloc 13 540 5408 1360 200
alloc 24 293 5968 1024 200
alloc 39 306 -1 1024 200
free 42 -1 1424 200
free 33 -1 1856 200
alloc 44 315 3408 1520 200
alloc 27 499 -1 1520 200
alloc 14 28 720 1448 200
free 37 -1 1664 200
alloc 0 433 4504 1208 200
free 47 -1 1400 200
free 34 -1 1864 200
free 41 -1 2104 200
alloc 20 423 4960 1656 200
free 19 -1 1800 200
alloc 22 582 7560 1168 200
free 45 -1 1624 200
alloc 8 23 312 1584 200
alloc 7 459 3744 1104 200
alloc 42 454 -1 1104 200
alloc 33 404 -1 1104 200
free 44 -1 1440 200
alloc 43 555 -1 1440 200
free 30 -1 1528 200
alloc 5 430 -1 1528 200
free 0 -1 1984 200
alloc 15 459 4224 1504 200
alloc 34 419 -1 1504 200
free 25 -1 2016 200
alloc 36 555 1992 1440 200
alloc 3 276 2568 1144 200
alloc 6 72 352 1056 200
free 13 -1 1616 200
free 8 -1 1656 200
free 7 -1 2136 200
alloc 42 37 440 2080 200
alloc 33 79 1064 1984 200
alloc 44 249 3408 1712 200
alloc 43 446 3680 1248 200
alloc 30 215 4704 992 200
free 21 -1 1248 200
free 16 -1 1696 200
alloc 47 504 2864 1152 200
alloc 2 432 5408 704 200
alloc 41 571 -1 704 200
free 36 -1 1280 200
free 3 -1 1576 200
free 6 -1 1664 200
alloc 13 541 1992 1104 200
free 24 -1 1440 200
alloc 7 265 56 1152 200
alloc 26 431 5856 704 200
free 17 -1 1064 200
free 44 -1 1336 200
free 43 -1 1800 200
free 30 -1 2056 200
alloc 37 14 344 2024 200
free 32 -1 2200 200
free 47 -1 2744 200
free 18 -1 3376 200
alloc 41 214 2552 3144 200
free 20 -1 3592 200
alloc 19 311 2784 3264 200
alloc 6 358 3112 2888 200
free 13 -1 3448 200
alloc 8 428 1992 3000 200
free 23 -1 3280 200
free 42 -1 3336 200
free 33 -1 3432 200
alloc 12 197 376 3216 200
alloc 27 407 3488 2792 200
free 46 -1 2832 200
free 37 -1 2864 200
alloc 16 306 4704 2536 200
alloc 47 54 592 2464 200
free 2 -1 2912 200
free 41 -1 3144 200
alloc 36 40 664 3088 200
free 19 -1 3416 200
alloc 38 319 2440 3080 200
alloc 13 555 5032 2504 200
alloc 40 277 2776 2208 200
free 7 -1 2496 200
free 10 -1 2760 200
alloc 1 470 6304 2272 200
free 12 -1 2488 200
free 11 -1 2760 200
alloc 46 353 16 2384 200
alloc 5 122 392 2240 200
free 16 -1 2568 200
free 47 -1 2640 200
alloc 18 218 792 2400 200
alloc 25 191 1032 2192 200
alloc 20 474 6792 1696 200
alloc 19 501 -1 1696 200
free 38 -1 2032 200
alloc 29 427 -1 2032 200
alloc 24 95 536 1904 200
alloc 39 484 -1 1904 200
free 26 -1 2352 200
free 1 -1 2840 200
free 28 -1 3224 200
alloc 43 402 1240 2800 200
alloc 30 411 5608 2368 200
alloc 37 415 6040 1936 200
alloc 16 264 1664 1656 200
alloc 31 455 -1 1656 200
free 18 -1 1896 200
alloc 41 247 2440 1632 200
free 20 -1 2128 200
alloc 3 331 6472 1776 200
free 6 -1 2152 200
alloc 29 302 3072 1832 200
free 24 -1 1960 200
alloc 39 231 3912 1712 200
alloc 42 432 6824 1264 200
alloc 1 252 4704 992 200
alloc 44 572 -1 992 200
alloc 11 435 -1 992 200
free 14 -1 1064 200
free 37 -1 1496 200
alloc 0 50 536 1424 200
alloc 47 183 720 1224 200
alloc 2 411 6040 792 200
alloc 9 24 608 736 200
alloc 4 555 -1 736 200
free 3 -1 1088 200
alloc 6 298 6472 736 200
free 29 -1 1056 200
alloc 24 165 3072 872 200
alloc 23 429 -1 872 200
free 42 -1 1320 200
alloc 17 244 6824 1056 200
alloc 44 411 7088 624 200
alloc 11 198 3256 392 200
alloc 14 220 -1 392 200
free 5 -1 536 200
alloc 32 27 392 488 200
free 47 -1 688 200
alloc 34 132 720 536 200
free 25 -1 744 200
alloc 20 15 440 712 200
alloc 3 265 872 424 200
free 6 -1 776 200
alloc 29 164 6472 592 200
free 24 -1 776 200
free 39 -1 1024 200
alloc 42 318 -1 1024 200
free 1 -1 1296 200
alloc 28 541 -1 1296 200
free 27 -1 1720 200
free 30 -1 2152 200
alloc 5 302 3488 1832 200
free 32 -1 1880 200
free 15 -1 2360 200
free 2 -1 2792 200
free 9 -1 2848 200
free 36 -1 2904 200
alloc 35 470 3808 2416 200
alloc 38 74 608 2304 200
free 29 -1 2488 200
alloc 24 323 4296 2144 200
alloc 23 115 3072 2008 200
alloc 26 168 4640 1824 200
free 17 -1 2088 200
alloc 12 279 5608 1792 200
free 43 -1 2216 200
alloc 14 226 1160 1968 200
alloc 37 579 5904 1368 200
free 16 -1 1648 200
alloc 15 326 1408 1304 200
free 34 -1 1456 200
alloc 25 526 6504 912 200
alloc 4 88 720 808 200
free 35 -1 1296 200
free 22 -1 1928 200
alloc 29 450 3808 1440 200
free 8 -1 1888 200
alloc 39 547 1752 1320 200
alloc 10 154 4824 1112 200
alloc 1 368 7520 728 200
free 44 -1 1160 200
alloc 27 476 -1 1160 200
free 46 -1 1536 200
free 5 -1 1856 200
alloc 32 112 16 1728 200
alloc 47 43 144 1664 200
alloc 34 57 208 1584 200
free 25 -1 2128 200
alloc 36 65 288 2040 200
free 3 -1 2328 200
free 38 -1 2440 200
free 13 -1 3016 200
free 24 -1 3360 200
free 23 -1 3496 200
alloc 42 459 5032 3016 200
free 1 -1 3400 200
free 12 -1 3696 200
alloc 43 84 608 3584 200
alloc 46 258 824 3304 200
alloc 5 503 6504 2784 200
free 0 -1 2856 200
alloc 31 369 5512 2464 200
alloc 18 131 3072 2280 200
alloc 25 460 7024 1800 200
free 36 -1 1888 200
alloc 35 143 3488 1728 200
alloc 38 591 7504 1120 200
alloc 13 595 -1 1120 200
alloc 8 227 4296 872 200
alloc 7 79 288 776 200
free 26 -1 960 200
alloc 1 430 -1 960 200
alloc 44 46 472 896 200
free 43 -1 1008 200
free 46 -1 1288 200
free 37 -1 1888 200
alloc 16 73 536 1792 200
free 31 -1 2184 200
free 18 -1 2368 200
free 25 -1 2848 200
free 20 -1 2880 200
alloc 19 277 824 2584 200
free 38 -1 3192 200
alloc 13 110 3072 3064 200
free 8 -1 3312 200
alloc 23 455 4296 2840 200
free 42 -1 3320 200
alloc 33 67 384 3232 200
alloc 28 112 3648 3072 200
alloc 43 570 5032 2480 200
free 14 -1 2728 200
alloc 21 34 632 2640 200
free 32 -1 2768 200
free 15 -1 3112 200
alloc 18 473 1120 2616 200
free 41 -1 2880 200
free 4 -1 2984 200
alloc 3 451 5624 2512 200
alloc 38 565 7024 1928 200
alloc 45 587 -1 1928 200
alloc 8 465 7608 1440 200
free 7 -1 1536 200
alloc 42 264 2320 1256 200
alloc 1 540 -1 1256 200
alloc 12 402 -1 1256 200
alloc 27 24 16 1216 200
alloc 46 511 -1 1216 200
free 21 -1 1304 200
alloc 32 252 6096 1032 200
alloc 31 90 632 920 200
alloc 2 3 56 896 200
alloc 9 208 -1 896 200
alloc 4 467 -1 896 200
free 35 -1 1056 200
alloc 6 314 -1 1056 200
alloc 45 534 -1 1056 200
alloc 24 285 -1 1056 200
free 23 -1 1528 200
free 10 -1 1736 200
alloc 17 164 4296 1552 200
free 28 -1 1712 200
free 27 -1 1752 200
alloc 30 65 288 1656 200
alloc 21 328 4480 1312 200
alloc 0 449 -1 1312 200
free 47 -1 1376 200
free 34 -1 1456 200
alloc 25 80 80 1360 200
alloc 4 170 3488 1168 200
alloc 35 243 -1 1168 200
alloc 6 265 -1 1168 200
free 29 -1 1656 200
free 8 -1 2144 200
free 39 -1 2712 200
free 42 -1 2992 200
free 17 -1 3176 200
free 44 -1 3240 200
free 11 -1 3472 200
alloc 14 139 1616 3312 200
free 21 -1 3656 200
free 16 -1 3752 200
free 31 -1 3864 200
free 2 -1 3888 200
alloc 9 222 472 3648 200
alloc 36 139 1776 3488 200
free 3 -1 3960 200
free 38 -1 4544 200
alloc 29 375 1936 4152 200
free 40 -1 4448 200
alloc 39 416 2328 4016 200
alloc 10 547 3680 3448 200
alloc 17 482 4248 2944 200
alloc 28 308 5624 2616 200
alloc 11 596 7024 2000 200
alloc 46 212 2760 1768 200
alloc 21 222 3200 1528 200
free 32 -1 1800 200
alloc 47 280 5952 1504 200
free 18 -1 2000 200
free 25 -1 2096 200
alloc 20 301 1120 1776 200
free 19 -1 2072 200
alloc 22 516 7640 1520 200
free 13 -1 1648 200
alloc 24 114 16 1512 200
alloc 7 377 712 1104 200
alloc 26 55 152 1032 200
alloc 1 128 1440 856 200
alloc 12 102 2992 736 200
alloc 27 444 -1 736 200
free 14 -1 896 200
free 5 -1 1416 200
alloc 0 318 6248 1080 200
free 47 -1 1376 200
alloc 18 372 6584 984 200
alloc 41 358 -1 984 200
free 36 -1 1144 200
alloc 19 39 224 1080 200
alloc 38 288 1616 760 200
alloc 13 88 4752 656 200
alloc 8 540 -1 656 200
alloc 23 561 -1 656 200
free 26 -1 728 200
free 1 -1 904 200
alloc 44 103 1440 784 200
free 11 -1 1400 200
free 30 -1 1496 200
free 21 -1 1736 200
alloc 32 47 152 1664 200
alloc 15 380 6976 1264 200
free 18 -1 1656 200
alloc 41 9 288 1624 200
alloc 36 440 -1 1624 200
alloc 35 495 -1 1624 200
alloc 6 349 3112 1248 200
free 13 -1 1352 200
alloc 40 389 -1 1352 200
free 7 -1 1760 200
free 10 -1 2328 200
alloc 1 30 320 2264 200
free 44 -1 2384 200
free 43 -1 2976 200
alloc 30 348 712 2608 200
alloc 5 258 3680 2328 200
free 32 -1 2400 200
alloc 47 449 4752 1928 200
alloc 18 498 -1 1928 200
free 41 -1 1960 200
alloc 36 231 3960 1712 200
alloc 3 312 5224 1384 200
free 38 -1 1704 200
free 29 -1 2096 200
alloc 40 308 1440 1768 200
alloc 7 162 1768 1584 200
alloc 26 548 -1 1584 200
free 1 -1 1648 200
free 12 -1 1768 200
alloc 27 389 -1 1768 200
free 46 -1 2000 200
alloc 21 378 -1 2000 200
alloc 16 344 1952 1624 200
free 15 -1 2024 200
alloc 34 566 6584 1440 200
alloc 25 466 -1 1440 200
free 20 -1 1760 200
free 19 -1 1824 200
alloc 38 453 7168 1352 200
alloc 13 545 -1 1352 200
free 24 -1 1488 200
free 7 -1 1672 200
alloc 26 323 16 1304 200
free 17 -1 1808 200
alloc 44 444 4208 1344 200
alloc 27 152 1080 1176 200
alloc 46 319 2760 824 200
free 5 -1 1104 200
free 16 -1 1480 200
free 47 -1 1952 200
alloc 18 512 1768 1392 200
free 9 -1 1632 200
free 4 -1 1824 200
alloc 35 320 3488 1488 200
free 6 -1 1864 200
alloc 13 12 472 1832 200
alloc 8 256 3112 1560 200
alloc 23 509 4672 1008 200
alloc 42 447 -1 1008 200
alloc 17 380 -1 1008 200
free 28 -1 1336 200
free 27 -1 1504 200
alloc 14 12 504 1472 200
alloc 5 219 1080 1232 200
free 0 -1 1568 200
alloc 47 410 5552 1136 200
free 18 -1 1696 200
alloc 25 216 1768 1464 200
alloc 4 394 5984 1048 200
free 35 -1 1384 200
free 38 -1 1856 200
alloc 29 76 536 1760 200
alloc 24 148 2000 1592 200
free 39 -1 2024 200
alloc 10 332 2168 1672 200
alloc 1 162 2520 1488 200
alloc 28 21 632 1448 200
alloc 43 35 1320 1392 200
free 30 -1 1760 200
free 5 -1 2000 200
alloc 32 290 672 1688 200
alloc 15 467 3384 1200 200
alloc 18 94 984 1088 200
alloc 9 294 7168 776 200
free 36 -1 1024 200
alloc 35 62 1096 944 200
alloc 38 314 3872 608 200
free 29 -1 704 200
free 40 -1 1032 200
free 23 -1 1584 200
free 10 -1 1936 200
free 1 -1 2120 200
alloc 12 23 536 2080 200
alloc 27 553 2168 1488 200
free 14 -1 1520 200
alloc 37 387 4672 1112 200
alloc 16 524 -1 1112 200
free 47 -1 1544 200
alloc 2 304 1376 1224 200
alloc 41 35 576 1168 200
alloc 36 514 -1 1168 200
free 35 -1 1248 200
alloc 6 55 1096 1176 200
alloc 29 362 5552 792 200
free 24 -1 960 200
alloc 7 97 1168 808 200
free 26 -1 1176 200
alloc 17 45 16 1112 200
free 28 -1 1152 200
alloc 11 271 80 848 200
alloc 30 414 -1 848 200
free 37 -1 1256 200
free 32 -1 1568 200
free 15 -1 2056 200
free 2 -1 2376 200
free 25 -1 2608 200
free 4 -1 3024 200
free 3 -1 3352 200
free 22 -1 3904 200
free 13 -1 3936 200
alloc 24 537 1376 3376 200
alloc 23 225 632 3128 200
alloc 10 481 4672 2624 200
free 17 -1 2688 200
free 12 -1 2728 200
free 27 -1 3320 200
free 46 -1 3672 200
alloc 37 425 1936 3224 200
alloc 16 386 2384 2816 200
alloc 47 494 5936 2304 200
free 18 -1 2416 200
alloc 25 348 3384 2048 200
alloc 4 286 2792 1728 200
alloc 19 2 16 1704 200
alloc 22 90 880 1592 200
alloc 45 333 5176 1216 200
alloc 40 125 7480 1072 200
alloc 39 393 7624 656 200
free 10 -1 1160 200
alloc 17 555 -1 1160 200
alloc 28 393 4672 744 200
free 43 -1 800 200
alloc 30 260 -1 800 200
free 37 -1 1248 200
alloc 0 52 472 1144 200
free 47 -1 1656 200
alloc 2 589 5936 1048 200
free 25 -1 1416 200
alloc 36 143 1936 1256 200
alloc 35 266 2096 968 200
free 38 -1 1304 200
free 45 -1 1680 200
free 8 -1 1952 200
free 7 -1 2104 200
alloc 42 321 3112 1760 200
free 33 -1 1848 200
free 28 -1 2264 200
alloc 27 541 3456 1704 200
alloc 14 406 4672 1280 200
alloc 5 557 -1 1280 200
free 16 -1 1688 200
alloc 31 111 1168 1560 200
free 2 -1 2168 200
free 41 -1 2224 200
alloc 20 241 2384 1960 200
alloc 3 299 5096 1640 200
free 6 -1 1712 200
alloc 45 419 5936 1272 200
alloc 8 369 -1 1272 200
free 39 -1 1688 200
alloc 10 502 7624 1168 200
alloc 17 345 -1 1168 200
alloc 12 258 -1 1168 200
free 11 -1 1472 200
free 14 -1 1896 200
alloc 21 61 40 1816 200
alloc 32 348 4672 1448 200
free 31 -1 1576 200
alloc 18 312 120 1224 200
alloc 25 69 992 1136 200
free 20 -1 1400 200
free 19 -1 1424 200
alloc 6 386 2384 1016 200
free 29 -1 1400 200
free 24 -1 1960 200
free 23 -1 2208 200
free 42 -1 2552 200
alloc 33 505 1080 2024 200
alloc 12 193 576 1808 200
alloc 43 520 -1 1808 200
alloc 46 22 792 1768 200
free 21 -1 1848 200
free 0 -1 1952 200
alloc 47 594 -1 1952 200
alloc 2 586 -1 1952 200
alloc 41 245 1608 1688 200
free 4 -1 2008 200
alloc 19 254 2792 1736 200
alloc 38 571 -1 1736 200
alloc 29 404 5416 1312 200
alloc 24 388 -1 1312 200
alloc 7 387 -1 1312 200
free 10 -1 1832 200
alloc 1 474 7624 1336 200
free 44 -1 1800 200
alloc 43 131 3064 1648 200
free 46 -1 1688 200
alloc 5 190 3216 1448 200
free 32 -1 1816 200
alloc 47 277 4016 1520 200
alloc 2 225 4312 1272 200
free 25 -1 1360 200
alloc 20 494 4560 824 200
free 35 -1 1112 200
free 22 -1 1224 200
alloc 13 122 792 1080 200
free 40 -1 1224 200
alloc 7 278 -1 1224 200
alloc 42 341 -1 1224 200
free 33 -1 1752 200
alloc 28 52 16 1648 200
free 43 -1 1800 200
alloc 30 335 936 1448 200
alloc 37 299 1288 1128 200
alloc 32 521 -1 1128 200
alloc 31 307 -1 1128 200
free 18 -1 1480 200
free 41 -1 1744 200
free 36 -1 1904 200
free 3 -1 2224 200
alloc 22 204 120 2000 200
free 13 -1 2144 200
alloc 8 133 344 1992 200
alloc 7 537 1608 1432 200
alloc 42 372 -1 1432 200
alloc 17 461 -1 1432 200
alloc 44 224 5096 1192 200
free 27 -1 1752 200
free 30 -1 2104 200
alloc 21 305 792 1776 200
alloc 16 563 -1 1776 200
free 47 -1 2072 200
free 2 -1 2320 200
alloc 25 41 496 2240 200
free 20 -1 2776 200
alloc 3 258 3456 2496 200
alloc 38 72 1120 2408 200
free 45 -1 2848 200
alloc 24 433 3736 2392 200
free 7 -1 2952 200
alloc 42 203 1608 2728 200
free 1 -1 3224 200
free 12 -1 3440 200
alloc 27 591 4192 2832 200
alloc 46 410 1832 2400 200
free 5 -1 2640 200
alloc 32 327 3064 2296 200
alloc 31 521 5840 1752 200
free 34 -1 2336 200
free 25 -1 2416 200
alloc 36 360 6384 2040 200
alloc 35 367 6760 1632 200
free 38 -1 1720 200
alloc 45 37 496 1664 200
alloc 40 109 552 1536 200
alloc 23 268 4800 1240 200
alloc 26 453 7480 768 200
alloc 33 432 -1 768 200
free 44 -1 1008 200
alloc 43 287 5096 688 200
alloc 30 36 680 632 200
free 21 -1 960 200
alloc 16 41 736 896 200
alloc 15 55 800 824 200
alloc 18 410 -1 824 200
alloc 25 87 872 720 200
free 36 -1 1096 200
free 19 -1 1368 200
free 22 -1 1592 200
free 45 -1 1648 200
free 40 -1 1776 200
alloc 39 556 -1 1776 200
free 26 -1 2248 200
alloc 33 283 976 1936 200
free 28 -1 2040 200
free 43 -1 2360 200
free 30 -1 2416 200
alloc 21 394 7480 2000 200
alloc 0 259 16 1720 200
alloc 47 44 496 1656 200
alloc 2 180 2792 1456 200
free 9 -1 1768 200
alloc 36 590 -1 1768 200
free 35 -1 2176 200
alloc 22 184 5096 1976 200
alloc 13 457 6384 1496 200
free 24 -1 1952 200
alloc 39 399 3736 1536 200
alloc 26 67 560 1448 200
alloc 17 289 6864 1136 200
alloc 28 255 7176 832 200
free 27 -1 1440 200
alloc 30 90 2264 1320 200
free 37 -1 1640 200
free 32 -1 1984 200
free 15 -1 2056 200
free 2 -1 2256 200
alloc 9 416 2792 1824 200
alloc 20 240 1288 1568 200
alloc 19 267 4152 1280 200
free 6 -1 1688 200
free 29 -1 2112 200
alloc 24 277 2384 1816 200
alloc 7 336 4440 1456 200
free 26 -1 1544 200
free 33 -1 1856 200
alloc 44 131 560 1680 200
alloc 27 27 296 1632 200
free 46 -1 2064 200
free 21 -1 2480 200
free 0 -1 2760 200
free 31 -1 3304 200
alloc 34 260 16 3024 200
free 9 -1 3456 200
alloc 36 20 800 3384 200
alloc 35 323 1832 3040 200
alloc 38 307 2680 2712 200
alloc 45 145 976 2544 200
free 24 -1 2840 200
free 23 -1 3136 200
free 42 -1 3360 200
alloc 1 538 5296 2800 200
free 28 -1 3104 200
free 27 -1 3152 200
alloc 46 413 3008 2704 200
alloc 37 56 1144 2632 200
alloc 32 578 7176 2032 200
alloc 31 600 -1 2032 200
alloc 18 230 1544 1784 200
free 25 -1 1888 200
alloc 4 185 2384 1680 200
free 3 -1 1960 200
free 38 -1 2288 200
alloc 29 303 2592 1968 200
alloc 24 379 5856 1568 200
free 7 -1 1928 200
alloc 26 232 3456 1648 200
free 17 -1 1960 200
alloc 28 452 4440 1488 200
alloc 43 46 872 1424 200
free 30 -1 1544 200
alloc 21 382 7776 1128 200
free 16 -1 1192 200
free 47 -1 1256 200
alloc 2 112 2176 1128 200
alloc 41 251 6864 856 200
free 36 -1 928 200
free 35 -1 1272 200
alloc 38 33 496 1208 200
free 13 -1 1688 200
alloc 40 423 6256 1248 200
alloc 23 126 1792 1104 200
alloc 42 548 -1 1104 200
alloc 17 261 -1 1104 200
free 28 -1 1576 200
alloc 27 60 736 1496 200
free 46 -1 1944 200
free 21 -1 2360 200
alloc 0 510 2912 1816 200
alloc 15 457 4440 1336 200
free 34 -1 1616 200
alloc 9 564 -1 1616 200
alloc 36 585 -1 1616 200
alloc 3 426 -1 1616 200
free 22 -1 1816 200
alloc 13 176 16 1624 200
free 8 -1 1776 200
alloc 7 100 208 1656 200
free 26 -1 1936 200
free 1 -1 2496 200
alloc 28 514 4920 1960 200
free 27 -1 2040 200
alloc 46 106 328 1912 200
free 37 -1 1984 200
alloc 16 10 456 1944 200
alloc 47 38 736 1888 200
alloc 34 432 -1 1888 200
alloc 25 20 792 1848 200
free 20 -1 2104 200
alloc 35 295 1144 1792 200
free 38 -1 1856 200
free 29 -1 2176 200
free 40 -1 2616 200
free 39 -1 3032 200
alloc 42 418 3456 2592 200
alloc 17 347 5456 2192 200
free 28 -1 2728 200
alloc 11 461 4920 2248 200
alloc 30 596 -1 2248 200
alloc 5 194 1936 2008 200
free 16 -1 2048 200
free 47 -1 2104 200
alloc 34 135 2592 1952 200
alloc 9 210 3896 1696 200
alloc 20 298 6256 1376 200
free 35 -1 1688 200
alloc 22 369 1144 1288 200
free 13 -1 1480 200
alloc 8 82 16 1376 200
alloc 39 388 7776 960 200
free 42 -1 1400 200
alloc 1 105 2744 1272 200
alloc 28 56 120 1184 200
free 43 -1 1248 200
free 46 -1 1376 200
alloc 37 199 328 1144 200
free 0 -1 1688 200
alloc 31 167 2872 1504 200
free 18 -1 1752 200
free 9 -1 2008 200
free 4 -1 2216 200
free 19 -1 2504 200
alloc 38 565 3056 1920 200
free 45 -1 2088 200
free 8 -1 2192 200
free 23 -1 2336 200
alloc 10 342 1544 1944 200
alloc 33 30 16 1896 200
free 44 -1 2072 200
alloc 27 368 3640 1688 200
alloc 14 349 4024 1320 200
alloc 21 549 -1 1320 200
free 32 -1 1920 200
free 31 -1 2104 200
free 34 -1 2256 200
free 41 -1 2528 200
free 20 -1 2848 200
alloc 3 438 6256 2392 200
free 38 -1 2976 200
alloc 45 278 832 2664 200
alloc 40 106 560 2536 200
free 39 -1 2952 200
alloc 26 562 2872 2368 200
free 17 -1 2768 200
alloc 44 51 688 2664 200
free 27 -1 3048 200
free 14 -1 3416 200
free 5 -1 3656 200
alloc 16 318 2304 3320 200
free 15 -1 3800 200
alloc 34 156 1936 3624 200
alloc 9 35 64 3568 200
alloc 4 466 3456 3080 200
alloc 19 22 2112 3016 200
alloc 6 401 3944 2592 200
alloc 13 31 2640 2544 200
alloc 8 343 4368 2184 200
alloc 39 477 6712 1688 200
free 26 -1 2272 200
free 1 -1 2400 200
alloc 12 400 2688 1984 200
alloc 27 310 3104 1632 200
alloc 30 528 7208 1088 200
alloc 5 510 -1 1088 200
free 16 -1 1424 200
alloc 31 400 5400 1008 200
free 2 -1 1136 200
free 25 -1 1176 200
alloc 20 46 2176 1112 200
free 19 -1 1176 200
free 22 -1 1576 200
free 45 -1 1888 200
free 40 -1 2016 200
free 39 -1 2512 200
alloc 42 5 560 2488 200
alloc 1 229 792 2240 200
free 12 -1 2656 200
alloc 43 462 1040 2152 200
free 30 -1 2696 200
free 37 -1 2928 200
alloc 16 228 2240 2680 200
alloc 47 504 6712 2160 200
free 34 -1 2336 200
free 9 -1 2392 200
free 20 -1 2456 200
alloc 19 476 7232 1960 200
free 6 -1 2384 200
alloc 45 199 328 2152 200
free 8 -1 2512 200
alloc 39 179 1936 2312 200
free 10 -1 2704 200
free 33 -1 2752 200
alloc 12 542 3944 2192 200
free 27 -1 2544 200
alloc 14 353 1544 2152 200
alloc 21 441 2688 1688 200
free 16 -1 1936 200
free 31 -1 2352 200
alloc 18 372 2136 1960 200
alloc 25 25 16 1912 200
alloc 36 441 7728 1448 200
free 19 -1 1944 200
alloc 6 294 4504 1632 200
free 45 -1 1864 200
free 24 -1 2264 200
alloc 23 169 328 2072 200
alloc 10 273 3152 1768 200
alloc 17 136 5400 1616 200
free 44 -1 1720 200
free 43 -1 2224 200
free 14 -1 2616 200
free 21 -1 3080 200
alloc 0 173 584 2872 200
alloc 31 169 1040 2680 200
free 18 -1 3072 200
alloc 41 393 1232 2656 200
free 36 -1 3120 200
alloc 35 519 5552 2584 200
alloc 38 23 64 2528 200
free 13 -1 2576 200
alloc 40 493 2136 2064 200
free 39 -1 2264 200
free 10 -1 2568 200
free 1 -1 2816 200
free 12 -1 3376 200
alloc 27 362 1648 2992 200
alloc 14 231 792 2744 200
alloc 21 191 2648 2536 200
free 0 -1 2744 200
free 31 -1 2936 200
alloc 2 309 2856 2608 200
alloc 9 458 3944 2128 200
free 4 -1 2616 200
free 35 -1 3152 200
free 38 -1 3208 200
alloc 13 414 3184 2776 200
free 40 -1 3288 200
free 23 -1 3480 200
free 42 -1 3504 200
alloc 33 275 328 3208 200
free 28 -1 3296 200
free 27 -1 3680 200
alloc 46 408 1648 3256 200
alloc 5 397 2072 2840 200
alloc 16 464 5552 2360 200
free 47 -1 2880 200
free 2 -1 3208 200
free 25 -1 3256 200
alloc 36 382 6712 2856 200
alloc 19 368 7112 2472 200
alloc 22 488 7496 1968 200
alloc 45 571 -1 1968 200
alloc 24 134 16 1816 200
alloc 23 506 -1 1816 200
alloc 42 248 2856 1552 200
alloc 1 140 624 1384 200
alloc 12 346 -1 1384 200
alloc 27 336 -1 1384 200
free 14 -1 1632 200
free 5 -1 2048 200
alloc 0 162 792 1864 200
alloc 31 442 2072 1400 200
alloc 18 384 -1 1400 200
free 41 -1 1816 200
alloc 20 432 976 1368 200
free 19 -1 1752 200
alloc 38 252 3616 1480 200
alloc 45 158 1424 1304 200
alloc 8 200 6032 1080 200
free 7 -1 1200 200
free 42 -1 1464 200
free 33 -1 1760 200
alloc 12 353 168 1384 200
alloc 27 51 544 1304 200
alloc 30 145 2856 1136 200
alloc 37 333 7112 752 200
free 16 -1 1232 200
alloc 47 42 2536 1168 200
alloc 2 90 3024 1056 200
free 9 -1 1536 200
free 36 -1 1936 200
alloc 19 454 3888 1464 200
free 22 -1 1968 200
alloc 29 420 5552 1528 200
alloc 40 321 6712 1184 200
alloc 39 85 4360 1080 200
alloc 26 257 7496 800 200
free 17 -1 952 200
free 12 -1 1328 200
free 27 -1 1408 200
alloc 14 491 -1 1408 200
alloc 5 46 168 1344 200
alloc 16 133 232 1192 200
free 47 -1 1256 200
free 2 -1 1368 200
alloc 25 163 384 1184 200
free 20 -1 1632 200
free 19 -1 2104 200
free 6 -1 2416 200
free 13 -1 2848 200
free 40 -1 3192 200
alloc 7 470 3024 2704 200
alloc 10 371 976 2312 200
alloc 33 143 3888 2152 200
alloc 28 364 4464 1768 200
free 11 -1 2248 200
free 30 -1 2416 200
free 21 -1 2624 200
alloc 32 73 2536 2528 200
alloc 47 72 2632 2440 200
alloc 34 378 4848 2040 200
alloc 41 507 -1 2040 200
alloc 36 218 2720 1800 200
alloc 19 596 -1 1800 200
free 38 -1 2072 200
free 29 -1 2512 200
free 24 -1 2664 200
free 39 -1 2768 200
free 26 -1 3048 200
free 1 -1 3216 200
alloc 44 208 568 2992 200
alloc 11 135 16 2840 200
alloc 30 118 3512 2704 200
alloc 21 65 3648 2616 200
free 16 -1 2768 200
free 31 -1 3232 200
alloc 18 108 232 3080 200
alloc 41 502 5248 2560 200
free 36 -1 2800 200
alloc 35 500 7496 2280 200
alloc 38 520 -1 2280 200
alloc 13 144 2072 2120 200
alloc 24 233 2232 1864 200
alloc 39 470 -1 1864 200
alloc 26 494 -1 1864 200
free 33 -1 2024 200
free 44 -1 2248 200
free 11 -1 2400 200
free 30 -1 2536 200
free 37 -1 2920 200
free 0 -1 3104 200
free 47 -1 3192 200
free 18 -1 3344 200
free 41 -1 3864 200
alloc 20 291 568 3552 200
free 3 -1 4008 200
alloc 6 365 2632 3616 200
alloc 29 488 3736 3112 200
free 8 -1 3336 200
alloc 23 340 5248 2976 200
alloc 26 437 5608 2520 200
alloc 1 454 6064 2048 200
alloc 12 556 6536 1472 200
alloc 43 431 -1 1472 200
alloc 14 231 7112 1224 200
alloc 37 332 -1 1224 200
free 32 -1 1320 200
alloc 31 156 4240 1144 200
alloc 18 18 16 1104 200
alloc 9 138 8016 928 200
alloc 4 149 -1 928 200
alloc 3 400 -1 928 200
free 6 -1 1320 200
free 13 -1 1480 200
free 24 -1 1736 200
alloc 39 340 2072 1376 200
free 26 -1 1832 200
alloc 17 294 2432 1520 200
free 12 -1 2096 200
alloc 27 541 6536 1520 200
free 46 -1 1944 200
free 5 -1 2008 200
alloc 0 427 1600 1536 200
free 31 -1 1712 200
free 34 -1 2112 200
free 25 -1 2296 200
alloc 4 268 56 2008 200
alloc 3 459 -1 2008 200
alloc 38 221 2744 1768 200
free 29 -1 2272 200
alloc 24 422 3736 1832 200
free 39 -1 2192 200
free 10 -1 2584 200
free 1 -1 3056 200
alloc 12 410 880 2624 200
alloc 11 43 344 2560 200
alloc 30 266 2072 2272 200
alloc 5 200 4176 2056 200
free 0 -1 2528 200
alloc 15 477 5608 2032 200
alloc 2 219 1600 1792 200
alloc 25 165 1840 1608 200
free 4 -1 1896 200
free 35 -1 2416 200
alloc 22 95 56 2304 200
free 45 -1 2480 200
alloc 8 504 7360 1960 200
free 7 -1 2448 200
alloc 10 461 2984 1968 200
alloc 1 335 4848 1616 200
free 12 -1 2048 200
free 11 -1 2112 200
free 14 -1 2360 200
free 5 -1 2576 200
alloc 32 139 168 2416 200
alloc 47 50 328 2344 200
free 2 -1 2584 200
alloc 41 325 880 2240 200
free 20 -1 2552 200
alloc 19 438 400 2072 200
free 22 -1 2184 200
alloc 29 244 1224 1920 200
free 24 -1 2360 200
alloc 39 469 3736 1872 200
alloc 42 358 6104 1496 200
alloc 33 572 -1 1496 200
alloc 44 122 1488 1352 200
alloc 11 537 -1 1352 200
free 30 -1 1640 200
alloc 37 416 -1 1640 200
free 32 -1 1800 200
free 15 -1 2296 200
free 18 -1 2336 200
free 41 -1 2680 200
alloc 20 222 16 2440 200
free 19 -1 2920 200
alloc 22 381 400 2520 200
alloc 45 364 800 2136 200
free 8 -1 2656 200
free 23 -1 3016 200
alloc 26 8 256 2992 200
free 17 -1 3304 200
free 44 -1 3448 200
alloc 43 390 2024 3040 200
alloc 14 178 1488 2840 200
alloc 5 521 5200 2296 200
alloc 32 545 7112 1728 200
alloc 15 78 1688 1632 200
alloc 34 466 -1 1632 200
free 9 -1 1808 200
alloc 4 320 5744 1448 200
alloc 3 391 7680 1040 200
alloc 6 383 -1 1040 200
alloc 13 133 2432 888 200
alloc 40 263 -1 888 200
alloc 7 81 2584 784 200
free 42 -1 1160 200
free 1 -1 1512 200
alloc 12 566 -1 1512 200
free 27 -1 2088 200
alloc 46 227 4848 1840 200
free 5 -1 2384 200
free 32 -1 2952 200
free 47 -1 3024 200
alloc 34 241 5096 2760 200
free 25 -1 2944 200
free 20 -1 3184 200
free 3 -1 3592 200
free 38 -1 3832 200
free 29 -1 4096 200
alloc 24 329 5360 3712 200
free 7 -1 3816 200
free 26 -1 3840 200
alloc 33 549 6104 3272 200
free 28 -1 3656 200
alloc 27 287 16 3352 200
alloc 30 61 320 3272 200
free 21 -1 3360 200
alloc 32 39 1184 3304 200
alloc 31 329 2584 2952 200
free 34 -1 3216 200
alloc 9 103 1240 3096 200
alloc 36 240 3464 2824 200
alloc 19 42 1360 2760 200
alloc 6 237 4224 2504 200
free 13 -1 2656 200
alloc 40 453 6672 2184 200
alloc 23 116 1784 2048 200
free 10 -1 2528 200
free 33 -1 3096 200
alloc 44 334 2936 2744 200
free 27 -1 3048 200
free 14 -1 3248 200
alloc 37 84 16 3144 200
alloc 0 460 6104 2664 200
alloc 47 577 7144 2064 200
alloc 34 407 7744 1616 200
alloc 25 127 120 1472 200
free 4 -1 1832 200
alloc 35 18 264 1776 200
alloc 38 574 -1 1776 200
alloc 13 214 1424 1512 200
free 40 -1 1984 200
alloc 7 90 2432 1872 200
alloc 26 476 6584 1376 200
alloc 17 374 -1 1376 200
alloc 28 128 3288 1200 200
alloc 27 317 4480 832 200
free 30 -1 912 200
alloc 21 178 5096 712 200
alloc 16 472 -1 712 200
free 47 -1 1312 200
alloc 2 300 5744 992 200
alloc 41 567 7080 408 200
alloc 20 241 -1 408 200
free 35 -1 464 200
alloc 38 149 -1 464 200
alloc 29 566 -1 464 200
free 24 -1 848 200
free 23 -1 984 200
free 26 -1 1480 200
alloc 1 428 5296 1032 200
free 28 -1 1208 200
free 43 -1 1616 200
free 46 -1 1864 200
free 37 -1 1968 200
alloc 16 15 16 1936 200
alloc 47 495 1784 1424 200
free 2 -1 1744 200
free 9 -1 1864 200
free 36 -1 2136 200
free 19 -1 2200 200
alloc 38 140 1240 2016 200
free 13 -1 2280 200
alloc 8 136 1424 2128 200
free 39 -1 2616 200
alloc 10 477 3288 2120 200
alloc 17 4 48 2096 200
free 44 -1 2448 200
alloc 43 488 -1 2448 200
alloc 14 340 3784 2088 200
free 21 -1 2288 200
free 16 -1 2320 200
free 15 -1 2416 200
alloc 18 303 2936 2064 200
free 25 -1 2208 200
alloc 4 298 72 1880 200
alloc 3 593 -1 1880 200
free 6 -1 2136 200
alloc 29 348 4848 1768 200
free 8 -1 1920 200
alloc 23 544 -1 1920 200
alloc 26 137 1424 1760 200
free 17 -1 1784 200
alloc 28 341 5744 1424 200
free 27 -1 1792 200
free 14 -1 2152 200
alloc 37 488 3784 1648 200
free 0 -1 2128 200
free 47 -1 2640 200
free 18 -1 2992 200
free 41 -1 3576 200
alloc 36 379 1584 3176 200
alloc 19 449 4288 2704 200
free 22 -1 3104 200
free 45 -1 3488 200
alloc 40 480 400 2992 200
free 7 -1 3104 200
alloc 42 597 6104 2488 200
alloc 17 306 1984 2160 200
free 28 -1 2520 200
alloc 11 68 896 2432 200
alloc 46 284 2936 2128 200
free 37 -1 2632 200
free 32 -1 2688 200
alloc 15 214 984 2432 200
free 34 -1 2880 200
alloc 9 481 3784 2376 200
free 36 -1 2776 200
free 19 -1 3248 200
free 38 -1 3432 200
alloc 13 77 1240 3336 200
alloc 8 77 1584 3240 200
alloc 39 387 4288 2832 200
free 10 -1 3328 200
alloc 33 418 3240 2888 200
alloc 28 571 6720 2296 200
free 11 -1 2384 200
alloc 14 401 7312 1960 200
alloc 21 73 1680 1864 200
alloc 0 302 5744 1544 200
free 31 -1 1896 200
alloc 2 231 2312 1648 200
alloc 25 329 2560 1272 200
free 4 -1 1600 200
alloc 19 407 7736 1144 200
alloc 22 139 16 984 200
free 13 -1 1080 200
free 8 -1 1176 200
free 39 -1 1584 200
free 42 -1 2200 200
free 33 -1 2640 200
alloc 44 343 3240 2280 200
alloc 11 466 4288 1792 200
alloc 30 237 6064 1536 200
free 21 -1 1632 200
alloc 32 135 176 1480 200
alloc 47 574 -1 1480 200
free 2 -1 1728 200
alloc 41 593 -1 1728 200
alloc 20 211 1584 1496 200
free 19 -1 1952 200
alloc 6 509 -1 1952 200
alloc 45 29 328 1880 200
free 40 -1 2376 200
alloc 39 297 400 2056 200
alloc 10 32 720 2008 200
free 1 -1 2456 200
alloc 12 340 5216 2096 200
alloc 27 90 768 1984 200
free 14 -1 2408 200
alloc 21 343 6320 2048 200
free 0 -1 2368 200
alloc 47 353 5576 1992 200
alloc 34 335 7312 1640 200
alloc 41 588 -1 1640 200
free 20 -1 1872 200
alloc 35 154 1240 1688 200
alloc 6 564 -1 1688 200
free 45 -1 1760 200
alloc 40 500 7664 1232 200
free 39 -1 1552 200
alloc 42 457 -1 1552 200
alloc 33 499 -1 1552 200
free 28 -1 2144 200
alloc 43 66 328 2056 200
alloc 14 30 416 2008 200
alloc 5 381 1584 1608 200
free 32 -1 1760 200
alloc 31 79 176 1664 200
alloc 2 380 6680 1264 200
free 9 -1 1768 200
alloc 20 409 3600 1336 200
free 35 -1 1520 200
alloc 6 427 -1 1520 200
alloc 13 553 -1 1520 200
alloc 8 425 -1 1520 200
alloc 7 349 -1 1520 200
free 10 -1 1568 200
alloc 1 548 -1 1568 200
free 12 -1 1928 200
free 11 -1 2416 200
free 46 -1 2720 200
alloc 37 146 464 2552 200
alloc 32 572 4032 1960 200
free 47 -1 2336 200
free 34 -1 2688 200
alloc 41 10 272 2632 200
alloc 36 173 2312 2440 200
alloc 35 280 2936 2136 200
alloc 6 186 4624 1912 200
free 29 -1 2280 200
alloc 8 128 1240 2136 200
alloc 23 285 4848 1832 200
free 26 -1 1992 200
alloc 33 33 632 1936 200
alloc 12 257 5152 1656 200
free 27 -1 1768 200
free 14 -1 1816 200
free 5 -1 2216 200
free 32 -1 2808 200
free 31 -1 2904 200
alloc 34 100 688 2784 200
free 25 -1 3160 200
free 20 -1 3592 200
alloc 19 222 1384 3352 200
free 6 -1 3576 200
alloc 29 492 3600 3064 200
free 40 -1 3592 200
alloc 39 53 176 3496 200
alloc 26 201 1624 3272 200
free 33 -1 3328 200
alloc 28 93 808 3216 200
alloc 27 246 2504 2952 200
alloc 14 523 4112 2408 200
free 21 -1 2768 200
alloc 16 549 5432 2200 200
alloc 31 584 7080 1600 200
free 2 -1 2000 200
alloc 25 291 6320 1688 200
free 36 -1 1880 200
alloc 3 20 416 1832 200
alloc 38 66 1848 1744 200
free 29 -1 2256 200
alloc 40 576 -1 2256 200
free 23 -1 2560 200
alloc 42 333 3600 2208 200
alloc 1 381 4656 1808 200
free 28 -1 1920 200
free 43 -1 2008 200
free 14 -1 2552 200
alloc 5 161 2312 2360 200
free 16 -1 2928 200
free 15 -1 3184 200
alloc 2 488 3952 2680 200
free 25 -1 2992 200
alloc 4 440 5432 2536 200
free 3 -1 2584 200
free 22 -1 2744 200
alloc 45 103 16 2624 200
alloc 40 343 808 2264 200
alloc 7 161 4456 2064 200
alloc 10 322 6320 1720 200
free 1 -1 2120 200
free 44 -1 2480 200
alloc 11 543 -1 2480 200
free 30 -1 2736 200
free 5 -1 2928 200
alloc 32 560 -1 2928 200
free 31 -1 3528 200
alloc 18 364 4656 3144 200
alloc 25 233 3240 2888 200
free 4 -1 3344 200
free 35 -1 3648 200
alloc 6 70 328 3560 200
alloc 29 437 2768 3088 200
free 8 -1 3232 200
free 7 -1 3432 200
free 26 -1 3656 200
alloc 1 547 5432 3088 200
alloc 28 538 6664 2528 200
alloc 43 140 1168 2368 200
alloc 46 146 1624 2200 200
alloc 21 140 2312 2008 200
alloc 32 39 632 1952 200
alloc 15 436 7224 1496 200
free 2 -1 2000 200
alloc 9 431 3952 1552 200
alloc 20 539 -1 1552 200
alloc 35 55 3496 1448 200
alloc 22 250 6000 1176 200
alloc 13 171 4400 984 200
free 40 -1 1344 200
free 39 -1 1440 200
free 10 -1 1784 200
alloc 33 320 808 1424 200
free 28 -1 1984 200
free 43 -1 2144 200
alloc 14 303 6272 1824 200
free 37 -1 1992 200
alloc 16 33 136 1936 200
free 15 -1 2392 200
alloc 2 461 6592 1912 200
free 41 -1 1968 200
alloc 36 143 416 1808 200
alloc 3 240 7072 1552 200
free 38 -1 1640 200
free 29 -1 2112 200
alloc 40 108 192 1976 200
alloc 7 154 1168 1800 200
alloc 26 68 1792 1712 200
free 1 -1 2280 200
free 12 -1 2560 200
alloc 11 472 5040 2072 200
alloc 30 27 576 2016 200
alloc 5 157 2768 1840 200
free 16 -1 1896 200
alloc 15 466 7328 1408 200
free 34 -1 1528 200
alloc 41 367 5528 1144 200
alloc 20 393 -1 1144 200
free 3 -1 1400 200
free 22 -1 1672 200
alloc 29 374 -1 1672 200
alloc 8 289 5912 1360 200
alloc 39 391 -1 1360 200
free 26 -1 1448 200
free 17 -1 1776 200
alloc 28 359 1792 1400 200
free 27 -1 1664 200
free 46 -1 1832 200
alloc 37 290 7816 1520 200
alloc 0 50 688 1448 200
alloc 47 431 -1 1448 200
free 18 -1 1832 200
free 41 -1 2216 200
free 36 -1 2376 200
alloc 3 438 -1 2376 200
alloc 38 372 4592 1984 200
free 45 -1 2104 200
free 8 -1 2416 200
alloc 39 90 16 2304 200
free 42 -1 2656 200
free 33 -1 3016 200
alloc 12 481 5528 2512 200
free 11 -1 3000 200
free 30 -1 3056 200
free 37 -1 3368 200
free 0 -1 3440 200
free 15 -1 3928 200
alloc 34 284 688 3624 200
free 9 -1 4072 200
alloc 20 87 416 3968 200
alloc 3 545 3600 3400 200
free 38 -1 3792 200
free 13 -1 3984 200
alloc 8 455 4168 3512 200
free 7 -1 3688 200
alloc 10 188 992 3480 200
alloc 17 47 128 3416 200
free 28 -1 3792 200
alloc 27 142 1200 3608 200
alloc 46 245 1624 3344 200
alloc 37 232 1888 3096 200
alloc 16 93 520 2984 200
alloc 15 587 4640 2376 200
free 2 -1 2856 200
alloc 9 46 2136 2792 200
alloc 4 153 2504 2616 200
free 35 -1 2720 200
free 6 -1 2808 200
alloc 13 226 2944 2560 200
alloc 24 347 6592 2192 200
alloc 23 467 6960 1704 200
alloc 26 296 7448 1392 200
alloc 33 335 7760 1040 200
alloc 44 1 328 1016 200
alloc 11 92 2200 904 200
alloc 30 455 -1 904 200
free 21 -1 1096 200
alloc 0 375 -1 1096 200
free 15 -1 1704 200
free 34 -1 2008 200
free 9 -1 2072 200
free 4 -1 2248 200
free 3 -1 2816 200
alloc 22 180 688 2616 200
alloc 29 202 2312 2392 200
free 24 -1 2760 200
free 23 -1 3248 200
free 10 -1 3456 200
free 17 -1 3520 200
free 44 -1 3544 200
free 27 -1 3728 200
free 14 -1 4048 200
alloc 21 521 3496 3504 200
free 32 -1 3560 200
alloc 15 377 888 3160 200
alloc 18 356 4640 2784 200
alloc 9 92 2536 2672 200
alloc 36 193 5016 2456 200
alloc 35 180 5232 2256 200
alloc 38 40 128 2192 200
free 29 -1 2416 200
free 40 -1 2552 200
alloc 23 121 192 2408 200
alloc 42 379 6032 2008 200
alloc 17 208 2312 1784 200
free 12 -1 2288 200
alloc 43 108 4040 2160 200
alloc 14 8 336 2136 200
free 5 -1 2312 200
alloc 0 5 360 2256 200
free 15 -1 2656 200
alloc 2 454 888 2160 200
free 9 -1 2272 200
free 20 -1 2376 200
free 19 -1 2616 200
free 38 -1 2680 200
free 13 -1 2928 200
alloc 40 461 2536 2448 200
free 39 -1 2560 200
free 42 -1 2960 200
alloc 1 462 5432 2480 200
alloc 12 28 16 2432 200
alloc 27 442 5912 1968 200
alloc 30 244 6376 1704 200
alloc 5 18 64 1664 200
alloc 32 558 6640 1088 200
alloc 47 457 -1 1088 200
free 18 -1 1464 200
alloc 41 524 -1 1464 200
free 36 -1 1680 200
free 35 -1 1880 200
alloc 6 412 4640 1448 200
alloc 45 512 -1 1448 200
free 40 -1 1928 200
alloc 39 212 1384 1688 200
free 26 -1 2000 200
free 33 -1 2352 200
alloc 28 144 2536 2192 200
free 43 -1 2320 200
free 14 -1 2344 200
free 21 -1 2888 200
free 32 -1 3464 200
alloc 47 260 2696 3184 200
free 2 -1 3680 200
alloc 9 333 888 3328 200
alloc 4 300 3496 3008 200
alloc 19 416 6640 2576 200
free 22 -1 2776 200
alloc 13 161 632 2592 200
alloc 40 475 7072 2096 200
free 23 -1 2240 200
alloc 10 230 104 1984 200
free 1 -1 2464 200
free 12 -1 2512 200
alloc 43 53 416 2408 200
free 30 -1 2672 200
free 37 -1 2920 200
free 0 -1 2976 200
alloc 31 450 5072 2504 200
alloc 2 555 7568 1928 200
free 25 -1 2184 200
free 4 -1 2504 200
free 19 -1 2936 200
alloc 38 12 16 2888 200
alloc 29 89 1240 2744 200
alloc 24 405 2976 2320 200
alloc 23 509 3400 1792 200
alloc 42 383 6376 1392 200
alloc 1 367 -1 1392 200
alloc 12 457 -1 1392 200
free 27 -1 1856 200
alloc 30 161 1888 1672 200
free 5 -1 1712 200
alloc 32 203 3928 1472 200
alloc 15 600 5544 856 200
free 2 -1 1432 200
free 9 -1 1784 200
alloc 20 519 7568 1248 200
alloc 35 379 816 824 200
free 38 -1 872 200
alloc 45 337 -1 872 200
free 8 -1 1344 200
free 23 -1 1872 200
alloc 26 449 3400 1400 200
alloc 1 114 4168 1264 200
alloc 12 168 4304 1080 200
free 11 -1 1192 200
free 30 -1 1376 200
alloc 37 152 1888 1208 200
alloc 0 224 2056 952 200
free 31 -1 1424 200
alloc 34 371 5072 1032 200
alloc 41 352 -1 1032 200
alloc 4 97 4488 880 200
free 35 -1 1304 200
alloc 22 357 816 928 200
alloc 45 508 -1 928 200
alloc 8 454 -1 928 200
free 39 -1 1168 200
free 42 -1 1568 200
free 1 -1 1704 200
free 12 -1 1888 200
alloc 27 233 4168 1632 200
free 46 -1 1896 200
alloc 21 142 1384 1736 200
free 0 -1 1992 200
free 15 -1 2608 200
free 34 -1 3000 200
alloc 9 273 1544 2704 200
free 20 -1 3240 200
alloc 35 113 2056 3104 200
free 22 -1 3480 200
free 29 -1 3624 200
free 40 -1 4120 200
alloc 7 225 816 3872 200
free 26 -1 4344 200
alloc 33 338 3400 3984 200
alloc 44 128 1064 3840 200
free 43 -1 3944 200
alloc 30 182 5072 3744 200
alloc 5 188 5272 3536 200
free 32 -1 3776 200
alloc 31 286 3760 3472 200
alloc 34 9 16 3440 200
free 9 -1 3736 200
free 4 -1 3888 200
free 35 -1 4024 200
free 6 -1 4456 200
free 13 -1 4640 200
alloc 8 588 4424 4032 200
alloc 23 377 5480 3632 200
free 10 -1 3888 200
alloc 1 291 48 3576 200
free 28 -1 3736 200
alloc 11 338 5880 3376 200
free 30 -1 3576 200
free 37 -1 3744 200
alloc 32 399 1544 3328 200
free 47 -1 3608 200
alloc 2 358 2536 3232 200
alloc 25 340 6240 2872 200
alloc 4 294 1960 2560 200
alloc 3 365 6600 2176 200
alloc 6 277 6984 1880 200
alloc 29 136 360 1720 200
free 8 -1 2328 200
free 7 -1 2576 200
alloc 26 349 632 2208 200
free 1 -1 2520 200
free 44 -1 2664 200
free 27 -1 2920 200
alloc 30 148 48 2752 200
free 21 -1 2912 200
alloc 0 476 1000 2416 200
free 31 -1 2720 200
free 2 -1 3096 200
free 25 -1 3456 200
free 4 -1 3768 200
alloc 35 562 3760 3184 200
alloc 22 209 1960 2952 200
free 29 -1 3112 200
alloc 40 500 4344 2592 200
alloc 39 156 216 2416 200
alloc 10 327 2536 2072 200
free 33 -1 2432 200
alloc 44 269 3400 2144 200
alloc 43 210 4864 1912 200
free 30 -1 2080 200
free 5 -1 2288 200
free 0 -1 2784 200
alloc 15 242 1000 2520 200
free 34 -1 2552 200
alloc 41 511 7280 2024 200
alloc 36 350 5096 1640 200
free 35 -1 2224 200
free 22 -1 2456 200
alloc 29 158 16 2256 200
free 24 -1 2680 200
free 39 -1 2856 200
free 10 -1 3200 200
free 17 -1 3424 200
alloc 12 250 216 3120 200
free 11 -1 3480 200
alloc 14 469 1960 2992 200
alloc 5 512 2448 2464 200
free 16 -1 2576 200
alloc 47 55 520 2504 200
alloc 18 96 1264 2392 200
free 41 -1 2920 200
alloc 4 299 2976 2600 200
alloc 19 347 3688 2232 200
alloc 38 332 5880 1880 200
alloc 45 318 6232 1512 200
alloc 24 469 7280 1024 200
free 23 -1 1424 200
alloc 42 343 5480 1064 200
alloc 1 383 7768 640 200
free 44 -1 928 200
alloc 27 395 -1 928 200
alloc 30 305 3296 600 200
alloc 21 392 -1 600 200
alloc 16 118 1376 432 200
free 47 -1 504 200
free 18 -1 616 200
alloc 25 312 -1 616 200
free 4 -1 936 200
free 19 -1 1304 200
free 38 -1 1656 200
free 45 -1 2024 200
free 40 -1 2544 200
alloc 39 509 3624 2016 200
free 42 -1 2376 200
alloc 33 580 4152 1776 200
alloc 28 461 5480 1296 200
free 43 -1 1528 200
free 30 -1 1856 200
alloc 21 155 2976 1680 200
alloc 0 352 3152 1312 200
alloc 47 357 5960 936 200
alloc 2 401 -1 936 200
alloc 9 174 4752 744 200
alloc 20 574 -1 744 200
alloc 19 89 520 632 200
alloc 22 517 -1 632 200
free 29 -1 832 200
alloc 40 384 -1 832 200
alloc 23 387 -1 832 200
free 26 -1 1200 200
free 33 -1 1800 200
free 28 -1 2280 200
alloc 43 94 16 2168 200
alloc 46 564 4152 1568 200
free 5 -1 2096 200
free 32 -1 2512 200
free 47 -1 2888 200
alloc 2 400 1544 2472 200
free 9 -1 2664 200
alloc 20 557 5480 2088 200
free 19 -1 2200 200
free 6 -1 2496 200
alloc 29 194 520 2280 200
alloc 40 39 128 2192 200
alloc 23 374 2448 1800 200
alloc 26 551 -1 1800 200
alloc 17 253 4752 1528 200
free 12 -1 1832 200
alloc 11 327 6056 1488 200
free 14 -1 1976 200
free 21 -1 2152 200
free 0 -1 2520 200
free 15 -1 2784 200
alloc 18 468 736 2296 200
alloc 25 553 2840 1720 200
free 36 -1 2104 200
alloc 35 596 -1 2104 200
alloc 6 94 216 1992 200
alloc 13 520 -1 1992 200
alloc 8 324 1960 1648 200
alloc 7 212 5024 1416 200
alloc 26 598 -1 1416 200
free 17 -1 1688 200
alloc 12 61 328 1608 200
free 43 -1 1720 200
alloc 14 408 -1 1720 200
alloc 21 404 -1 1720 200
alloc 0 277 6984 1424 200
alloc 47 534 -1 1424 200
free 18 -1 1912 200
alloc 9 367 736 1528 200
free 20 -1 2104 200
alloc 19 34 16 2048 200
free 6 -1 2160 200
alloc 45 565 5256 1576 200
free 8 -1 1920 200
free 7 -1 2152 200
alloc 42 170 1120 1960 200
alloc 17 459 1960 1472 200
alloc 28 561 -1 1472 200
alloc 43 207 4752 1248 200
free 46 -1 1848 200
alloc 21 375 4152 1456 200
free 0 -1 1752 200
alloc 31 44 216 1688 200
alloc 34 551 -1 1688 200
free 25 -1 2264 200
alloc 36 487 2840 1760 200
alloc 35 122 3344 1616 200
alloc 6 196 4976 1400 200
alloc 13 254 6984 1104 200
free 40 -1 1192 200
alloc 7 458 -1 1192 200
free 42 -1 1384 200
free 17 -1 1872 200
alloc 44 349 1960 1504 200
free 11 -1 1848 200
alloc 30 203 1120 1592 200
alloc 37 335 5840 1240 200
alloc 32 5 72 1216 200
alloc 15 218 6192 976 200
alloc 18 233 -1 976 200
free 9 -1 1360 200
free 36 -1 1864 200
free 19 -1 1920 200
alloc 22 136 736 1768 200
free 29 -1 1984 200
free 24 -1 2472 200
free 23 -1 2864 200
alloc 26 147 408 2696 200
free 1 -1 3120 200
free 44 -1 3488 200
free 43 -1 3712 200
alloc 14 421 1960 3272 200
free 21 -1 3664 200
free 16 -1 3832 200
alloc 47 127 576 3672 200
free 2 -1 4088 200
alloc 9 480 1376 3592 200
alloc 20 144 888 3432 200
free 3 -1 3816 200
alloc 38 44 96 3752 200
alloc 29 305 2400 3424 200
alloc 8 592 2728 2808 200
alloc 23 389 4152 2400 200
free 26 -1 2568 200
alloc 1 183 4560 2368 200
free 12 -1 2448 200
alloc 43 208 280 2224 200
free 30 -1 2480 200
free 37 -1 2832 200
free 32 -1 2856 200
free 15 -1 3096 200
alloc 2 170 1048 2904 200
alloc 41 573 5840 2312 200
alloc 4 106 1240 2176 200
alloc 3 1 16 2152 200
free 22 -1 2304 200
free 29 -1 2632 200
alloc 40 153 2400 2456 200
free 39 -1 2984 200
alloc 10 116 736 2832 200
free 1 -1 3032 200
alloc 44 458 3488 2552 200
alloc 27 590 7280 1944 200
alloc 46 365 4560 1528 200
alloc 21 307 6432 1200 200
alloc 16 373 -1 1200 200
free 47 -1 1360 200
alloc 34 347 -1 1360 200
alloc 25 387 -1 1360 200
free 4 -1 1496 200
alloc 19 321 -1 1496 200
alloc 22 37 40 1440 200
alloc 29 39 160 1384 200
free 40 -1 1560 200
alloc 7 366 -1 1560 200
alloc 42 573 -1 1560 200
alloc 33 95 504 1448 200
free 44 -1 1928 200
free 27 -1 2536 200
free 46 -1 2952 200
alloc 5 513 3488 2416 200
alloc 16 228 2400 2168 200
alloc 47 448 7280 1704 200
alloc 18 213 4560 1472 200
free 9 -1 1968 200
free 20 -1 2128 200
free 35 -1 2272 200
free 6 -1 2488 200
free 29 -1 2544 200
alloc 40 95 616 2424 200
alloc 7 193 1240 2208 200
alloc 26 135 888 2048 200
free 33 -1 2160 200
alloc 12 6 160 2104 200
alloc 27 436 1456 1648 200
alloc 30 230 4792 1400 200
alloc 37 310 7744 1072 200
alloc 32 440 -1 1072 200
free 31 -1 1136 200
free 18 -1 1368 200
alloc 25 25 216 1304 200
alloc 4 335 -1 1304 200
free 3 -1 1328 200
free 38 -1 1392 200
free 45 -1 1976 200
free 40 -1 2096 200
free 23 -1 2504 200
free 26 -1 2664 200
alloc 17 544 4024 2104 200
alloc 44 175 504 1912 200
free 43 -1 2136 200
alloc 46 42 96 2072 200
free 5 -1 2608 200
alloc 32 375 3344 2216 200
free 47 -1 2680 200
free 2 -1 2872 200
free 25 -1 2936 200
alloc 20 331 888 2584 200
alloc 35 175 216 2392 200
free 22 -1 2448 200
alloc 29 352 5040 2080 200
alloc 40 373 5408 1688 200
alloc 23 196 3736 1472 200
alloc 42 202 6760 1248 200
alloc 1 142 4584 1088 200
free 44 -1 1280 200
alloc 43 255 408 1008 200
free 46 -1 1072 200
alloc 5 338 7280 712 200
alloc 0 100 16 568 200
alloc 47 9 680 512 200
alloc 18 482 -1 512 200
alloc 9 322 -1 512 200
alloc 36 327 -1 512 200
free 35 -1 704 200
alloc 6 284 -1 704 200
free 29 -1 1072 200
free 8 -1 1688 200
alloc 39 388 2648 1280 200
free 10 -1 1432 200
alloc 33 131 216 1280 200
alloc 28 184 3056 1080 200
free 43 -1 1352 200
alloc 46 16 368 1320 200
free 37 -1 1648 200
free 32 -1 2040 200
free 47 -1 2096 200
alloc 18 73 400 2000 200
alloc 9 77 496 1904 200
free 20 -1 2256 200
alloc 3 563 592 1672 200
alloc 38 517 7640 1120 200
alloc 45 195 3256 904 200
free 40 -1 1296 200
free 7 -1 1512 200
alloc 26 483 5040 1008 200
free 1 -1 1168 200
free 12 -1 1224 200
alloc 11 395 -1 1224 200
free 30 -1 1472 200
free 21 -1 1800 200
free 16 -1 2048 200
alloc 47 487 -1 2048 200
free 18 -1 2144 200
free 41 -1 2736 200
alloc 4 403 4584 2280 200
alloc 35 296 5544 1968 200
alloc 6 490 5856 1456 200
alloc 29 537 -1 1456 200
alloc 40 234 1176 1176 200
free 23 -1 1392 200
free 26 -1 1896 200
free 33 -1 2048 200
alloc 12 321 3472 1704 200
alloc 43 304 5040 1384 200
free 14 -1 1824 200
alloc 21 88 160 1720 200
alloc 16 286 1912 1416 200
alloc 47 26 264 1368 200
alloc 2 458 -1 1368 200
alloc 41 165 2216 1184 200
alloc 36 188 2400 976 200
free 3 -1 1560 200
free 38 -1 2112 200
free 13 -1 2408 200
alloc 24 420 592 1968 200
alloc 23 112 1032 1824 200
alloc 10 596 -1 1824 200
free 17 -1 2384 200
free 12 -1 2728 200
alloc 11 345 3472 2360 200
alloc 30 416 3840 1928 200
free 5 -1 2288 200
alloc 32 298 6368 1968 200
alloc 31 144 4272 1808 200
alloc 34 155 5360 1624 200
alloc 25 299 6984 1304 200
free 4 -1 1760 200
alloc 19 465 4432 1272 200
free 6 -1 1784 200
alloc 29 263 5856 1504 200
free 40 -1 1784 200
alloc 7 510 7304 1256 200
free 42 -1 1480 200
alloc 1 301 7832 1160 200
free 28 -1 1360 200
free 11 -1 1728 200
free 46 -1 1760 200
alloc 5 529 -1 1760 200
free 16 -1 2064 200
free 31 -1 2224 200
alloc 18 541 -1 2224 200
free 41 -1 2408 200
alloc 4 432 1912 1960 200
alloc 3 167 312 1776 200
alloc 38 377 -1 1776 200
alloc 13 101 1176 1656 200
alloc 8 493 -1 1656 200
free 39 -1 2064 200
alloc 10 354 2608 1688 200
alloc 17 317 3472 1320 200
alloc 28 507 -1 1320 200
free 43 -1 1640 200
free 30 -1 2072 200
free 21 -1 2176 200
alloc 16 131 1296 2016 200
alloc 31 262 3840 1736 200
free 34 -1 1920 200
free 9 -1 2016 200
free 36 -1 2224 200
free 19 -1 2712 200
alloc 38 512 4120 2184 200
free 29 -1 2464 200
alloc 40 566 4648 1880 200
free 7 -1 2408 200
alloc 26 494 5856 1896 200
free 1 -1 2216 200
alloc 28 498 7304 1696 200
alloc 11 482 -1 1696 200
alloc 30 221 2360 1448 200
alloc 37 113 2984 1312 200
free 0 -1 1456 200
free 47 -1 1504 200
alloc 18 403 -1 1504 200
alloc 9 367 -1 1504 200
free 4 -1 1952 200
free 3 -1 2136 200
alloc 6 317 16 1800 200
free 45 -1 2016 200
free 24 -1 2456 200
free 23 -1 2600 200
free 10 -1 2976 200
alloc 1 222 352 2736 200
alloc 12 252 592 2464 200
alloc 11 277 864 2152 200
free 30 -1 2400 200
alloc 21 7 1912 2376 200
alloc 0 428 1936 1928 200
alloc 47 233 2384 1672 200
alloc 18 418 -1 1672 200
alloc 9 130 2640 1520 200
alloc 4 533 -1 1520 200
alloc 3 176 2792 1328 200
free 6 -1 1664 200
alloc 29 131 16 1512 200
alloc 24 79 168 1416 200
alloc 23 535 -1 1416 200
free 26 -1 1928 200
alloc 33 579 -1 1928 200
free 12 -1 2200 200
alloc 43 266 3120 1912 200
alloc 46 568 -1 1912 200
free 37 -1 2048 200
free 0 -1 2496 200
free 31 -1 2776 200
alloc 18 393 1936 2328 200
free 25 -1 2648 200
alloc 20 465 5856 2136 200
alloc 19 528 6688 1592 200
free 38 -1 2120 200
free 13 -1 2240 200
free 40 -1 2824 200
alloc 7 221 592 2552 200
alloc 26 187 3840 2344 200
alloc 33 198 4048 2128 200
alloc 44 596 4264 1512 200
free 43 -1 1800 200
alloc 14 277 2984 1504 200
alloc 37 18 264 1464 200
free 32 -1 1784 200
free 47 -1 2040 200
alloc 2 363 4880 1656 200
alloc 41 114 2384 1520 200
free 20 -1 2032 200
free 3 -1 2224 200
alloc 38 380 5856 1824 200
free 29 -1 1976 200
alloc 8 200 5264 1760 200
free 7 -1 2032 200
alloc 42 519 -1 2032 200
free 17 -1 2400 200
free 44 -1 3016 200
alloc 43 280 3280 2720 200
free 14 -1 3016 200
free 37 -1 3056 200
alloc 0 217 592 2784 200
alloc 15 200 2792 2568 200
free 18 -1 3016 200
free 9 -1 3168 200
alloc 4 474 4264 2672 200
alloc 3 321 1936 2328 200
alloc 22 334 6256 1976 200
alloc 45 441 -1 1976 200
free 24 -1 2072 200
alloc 39 13 16 2040 200
alloc 42 270 48 1736 200
free 1 -1 1976 200
alloc 12 592 -1 1976 200
free 43 -1 2272 200
alloc 30 504 3008 1752 200
alloc 5 470 -1 1752 200
alloc 32 138 352 1592 200
free 15 -1 1808 200
alloc 18 598 -1 1808 200
alloc 25 187 2520 1600 200
free 4 -1 2096 200
free 3 -1 2440 200
alloc 6 176 1936 2248 200
alloc 45 196 2128 2032 200
alloc 24 43 512 1952 200
alloc 7 206 2728 1728 200
alloc 10 571 4264 1112 200
free 33 -1 1328 200
free 28 -1 1848 200
free 11 -1 2160 200
alloc 46 460 7232 1680 200
alloc 5 121 864 1536 200
free 32 -1 1696 200
alloc 15 150 1008 1528 200
alloc 34 370 7712 1136 200
free 25 -1 1344 200
alloc 36 114 352 1184 200
free 35 -1 1496 200
free 6 -1 1688 200
alloc 13 93 1176 1568 200
free 8 -1 1784 200
free 7 -1 2008 200
free 26 -1 2216 200
alloc 1 64 1936 2136 200
alloc 12 126 2520 1992 200
free 27 -1 2448 200
alloc 14 513 3528 1912 200
free 21 -1 1936 200
free 0 -1 2208 200
alloc 31 582 -1 2208 200
alloc 18 548 5264 1616 200
alloc 9 268 1456 1328 200
free 36 -1 1488 200
alloc 35 364 -1 1488 200
free 22 -1 1840 200
free 13 -1 1960 200
alloc 40 366 6256 1576 200
alloc 7 452 -1 1576 200
free 10 -1 2192 200
free 1 -1 2272 200
alloc 28 114 352 2112 200
alloc 43 500 4064 1592 200
free 46 -1 2072 200
free 5 -1 2216 200
alloc 0 565 -1 2216 200
free 15 -1 2384 200
free 2 -1 2768 200
free 9 -1 3056 200
alloc 36 392 592 2648 200
alloc 35 7 1000 2624 200
alloc 22 562 1456 2040 200
alloc 13 267 2664 1752 200
free 24 -1 1832 200
alloc 7 407 4584 1408 200
free 42 -1 1712 200
alloc 33 440 7232 1232 200
free 12 -1 1376 200
alloc 11 597 -1 1376 200
alloc 46 577 -1 1376 200
alloc 5 50 48 1304 200
alloc 32 446 -1 1304 200
alloc 15 167 120 1120 200
free 34 -1 1512 200
alloc 9 410 7712 1080 200
alloc 20 138 1024 920 200
alloc 3 592 -1 920 200
free 38 -1 1320 200
alloc 29 27 304 1272 200
alloc 8 226 5008 1016 200
free 7 -1 1440 200
alloc 42 9 512 1408 200
free 33 -1 1888 200
alloc 12 259 4584 1608 200
alloc 11 176 5856 1416 200
alloc 46 392 7232 1008 200
alloc 37 591 -1 1008 200
free 16 -1 1168 200
free 15 -1 1352 200
free 18 -1 1944 200
free 41 -1 2080 200
alloc 4 76 120 1984 200
free 19 -1 2528 200
alloc 38 333 5264 2176 200
free 13 -1 2464 200
free 40 -1 2848 200
alloc 7 309 2344 2520 200
alloc 10 582 6048 1920 200
alloc 33 294 2672 1584 200
free 28 -1 1744 200
free 43 -1 2264 200
free 14 -1 2800 200
alloc 21 181 1184 2600 200
alloc 32 252 3528 2328 200
alloc 15 333 3800 1976 200
alloc 34 109 352 1816 200
alloc 25 85 4152 1712 200
free 4 -1 1808 200
free 35 -1 1832 200
free 38 -1 2184 200
free 29 -1 2232 200
alloc 40 434 5264 1776 200
free 7 -1 2104 200
free 10 -1 2704 200
free 33 -1 3040 200
alloc 28 374 2344 2648 200
free 11 -1 2840 200
alloc 14 84 120 2736 200
free 5 -1 2808 200
alloc 16 574 5720 2216 200
alloc 47 82 224 2088 200
free 34 -1 2248 200
alloc 41 365 6312 1864 200
alloc 4 354 6696 1488 200
alloc 35 563 -1 1488 200
alloc 6 481 -1 1488 200
alloc 29 332 -1 1488 200
free 8 -1 1744 200
alloc 23 240 2736 1472 200
alloc 10 92 352 1360 200
alloc 1 426 -1 1360 200
free 12 -1 1640 200
alloc 27 102 4256 1520 200
free 46 -1 1928 200
free 21 -1 2128 200
free 16 -1 2720 200
free 47 -1 2848 200
alloc 18 534 4376 2296 200
free 41 -1 2680 200
free 20 -1 2840 200
alloc 19 105 224 2712 200
alloc 6 248 1000 2448 200
alloc 13 442 5720 1984 200
free 40 -1 2440 200
alloc 7 526 4928 1896 200
alloc 26 176 1264 1704 200
alloc 33 447 6184 1240 200
free 28 -1 1632 200
alloc 43 598 7072 992 200
alloc 46 420 -1 992 200
alloc 5 313 2344 656 200
alloc 16 460 -1 656 200
alloc 47 472 -1 656 200
alloc 34 346 -1 656 200
alloc 41 51 48 584 200
free 36 -1 992 200
free 19 -1 1120 200
free 6 -1 1384 200
free 45 -1 1600 200
alloc 24 554 544 1024 200
free 7 -1 1568 200
free 10 -1 1680 200
free 33 -1 2144 200
alloc 28 219 224 1904 200
alloc 11 39 1120 1848 200
free 14 -1 1952 200
free 5 -1 2288 200
free 32 -1 2560 200
alloc 31 174 2040 2368 200
alloc 2 15 120 2336 200
free 9 -1 2768 200
free 4 -1 3144 200
alloc 3 522 4928 2600 200
free 22 -1 3184 200
alloc 29 117 1456 3048 200
alloc 40 422 1592 2600 200
free 23 -1 2872 200
free 26 -1 3064 200
alloc 1 427 2232 2616 200
alloc 44 23 152 2544 200
free 27 -1 2664 200
alloc 46 146 1176 2496 200
alloc 21 108 2680 2368 200
alloc 0 77 1344 2256 200
alloc 47 46 2808 2192 200
alloc 34 384 6184 1792 200
alloc 9 183 3528 1592 200
alloc 20 499 -1 1592 200
alloc 19 106 2872 1456 200
alloc 38 591 -1 1456 200
free 13 -1 1920 200
free 40 -1 2368 200
free 39 -1 2400 200
alloc 26 477 5472 1904 200
alloc 33 168 1592 1720 200
alloc 12 156 1776 1544 200
alloc 27 570 -1 1544 200
free 30 -1 2064 200
free 21 -1 2192 200
free 0 -1 2304 200
free 47 -1 2368 200
free 18 -1 2920 200
free 41 -1 2992 200
alloc 20 322 3008 2648 200
free 19 -1 2784 200
alloc 6 108 2680 2656 200
alloc 45 536 4256 2104 200
free 24 -1 2680 200
alloc 23 479 544 2184 200
alloc 10 327 6584 1840 200
free 1 -1 2288 200
free 12 -1 2464 200
alloc 27 349 2232 2096 200
free 46 -1 2264 200
alloc 5 421 7712 1824 200
alloc 16 544 -1 1824 200
free 15 -1 2176 200
free 34 -1 2576 200
free 9 -1 2776 200
alloc 4 108 1176 2648 200
alloc 19 216 1776 2384 200
alloc 38 421 3352 1944 200
free 29 -1 2080 200
alloc 40 243 1304 1792 200
alloc 39 511 5968 1264 200
free 42 -1 1296 200
alloc 17 489 -1 1296 200
free 44 -1 1368 200
free 43 -1 2008 200
alloc 46 55 16 1904 200
free 5 -1 2344 200
alloc 0 322 3792 1984 200
alloc 15 405 6928 1560 200
alloc 18 568 7352 976 200
alloc 9 128 2808 832 200
alloc 36 269 -1 832 200
free 19 -1 1096 200
alloc 22 175 1776 904 200
alloc 13 588 -1 904 200
alloc 8 56 152 832 200
free 23 -1 1328 200
alloc 42 455 464 856 200
alloc 1 599 -1 856 200
free 28 -1 1096 200
free 27 -1 1464 200
free 46 -1 1568 200
alloc 21 120 224 1432 200
free 0 -1 1792 200
free 15 -1 2216 200
free 2 -1 2248 200
free 9 -1 2392 200
free 4 -1 2520 200
alloc 35 315 2232 2184 200
free 22 -1 2376 200
alloc 13 311 3792 2016 200
alloc 24 340 6928 1656 200
free 39 -1 2184 200
free 42 -1 2656 200
alloc 17 247 360 2392 200
alloc 12 424 624 1952 200
alloc 27 270 5968 1664 200
alloc 30 528 -1 1664 200
alloc 5 574 -1 1664 200
alloc 32 346 -1 1664 200
alloc 15 515 -1 1664 200
alloc 2 137 1776 1504 200
alloc 41 400 -1 1504 200
alloc 36 59 16 1424 200
free 3 -1 1968 200
alloc 22 157 2808 1768 200
free 45 -1 2320 200
free 8 -1 2392 200
alloc 39 256 4256 2120 200
alloc 42 597 4528 1504 200
alloc 1 101 96 1376 200
alloc 28 52 1176 1304 200
free 27 -1 1592 200
alloc 30 439 5968 1136 200
alloc 37 443 -1 1136 200
alloc 0 255 5144 864 200
alloc 15 54 1936 760 200
free 2 -1 920 200
alloc 41 323 -1 920 200
free 36 -1 1000 200
alloc 19 596 -1 1000 200
free 38 -1 1440 200
alloc 29 66 1776 1352 200
free 40 -1 1640 200
free 39 -1 1912 200
free 26 -1 2408 200
free 17 -1 2672 200
free 12 -1 3112 200
free 11 -1 3168 200
alloc 14 529 360 2616 200
free 21 -1 2752 200
alloc 32 168 912 2568 200
free 15 -1 2672 200
alloc 2 95 224 2536 200
alloc 41 358 3352 2160 200
free 20 -1 2504 200
alloc 3 394 5416 2088 200
free 22 -1 2288 200
alloc 45 2 16 2264 200
alloc 8 196 1248 2048 200
alloc 7 532 -1 2048 200
free 10 -1 2392 200
free 1 -1 2520 200
free 28 -1 2592 200
alloc 11 562 -1 2592 200
alloc 46 74 40 2496 200
alloc 21 540 -1 2496 200
free 32 -1 2680 200
alloc 47 486 2808 2176 200
free 2 -1 2312 200
alloc 9 551 -1 2312 200
alloc 4 590 -1 2312 200
free 3 -1 2728 200
alloc 22 74 136 2632 200
free 13 -1 2992 200
alloc 40 149 912 2824 200
alloc 7 375 3728 2400 200
alloc 26 381 5416 2000 200
alloc 1 462 6424 1496 200
alloc 12 116 1080 1328 200
alloc 27 522 -1 1328 200
free 14 -1 1880 200
alloc 5 66 232 1792 200
alloc 16 57 320 1712 200
free 31 -1 1904 200
free 18 -1 2488 200
alloc 9 266 400 2200 200
alloc 36 463 7288 1720 200
free 35 -1 2056 200
free 22 -1 2152 200
alloc 13 118 688 2016 200
free 8 -1 2232 200
alloc 39 20 136 2192 200
alloc 10 487 1864 1688 200
alloc 17 318 1248 1344 200
free 12 -1 1512 200
alloc 43 498 -1 1512 200
free 46 -1 1608 200
free 5 -1 1696 200
free 16 -1 1776 200
alloc 31 207 176 1552 200
alloc 2 188 2368 1344 200
free 41 -1 1720 200
free 36 -1 2200 200
alloc 35 461 7288 1720 200
free 6 -1 1848 200
free 29 -1 1936 200
free 40 -1 2104 200
alloc 23 458 -1 2104 200
free 42 -1 2720 200
free 1 -1 3224 200
alloc 12 122 824 3080 200
alloc 11 155 968 2904 200
free 30 -1 3360 200
alloc 37 554 4256 2784 200
alloc 16 23 40 2744 200
alloc 15 597 5816 2128 200
free 2 -1 2336 200
free 9 -1 2624 200
alloc 36 221 400 2384 200
alloc 19 507 -1 2384 200
alloc 22 247 2368 2120 200
alloc 29 169 3312 1928 200
alloc 40 210 4832 1696 200
free 39 -1 1736 200
alloc 42 335 6432 1384 200
alloc 1 287 7768 1080 200
alloc 28 486 -1 1080 200
alloc 27 403 -1 1080 200
alloc 30 409 -1 1080 200
free 37 -1 1656 200
free 16 -1 1696 200
free 47 -1 2200 200
alloc 2 482 2632 1696 200
alloc 41 589 -1 1696 200
alloc 20 383 4256 1296 200
free 35 -1 1776 200
alloc 38 499 -1 1776 200
free 29 -1 1968 200
free 24 -1 2328 200
alloc 23 584 6784 1728 200
free 42 -1 2080 200
free 17 -1 2424 200
alloc 44 322 1144 2080 200
free 11 -1 2256 200
alloc 30 160 968 2080 200
alloc 5 46 40 2016 200
free 0 -1 2288 200
free 15 -1 2904 200
alloc 34 435 3136 2448 200
alloc 41 80 1488 2344 200
free 20 -1 2744 200
alloc 3 500 4256 2224 200
alloc 38 530 5816 1672 200
alloc 29 591 -1 1672 200
alloc 24 443 -1 1672 200
free 23 -1 2272 200
alloc 42 29 104 2200 200
alloc 17 282 5064 1896 200
alloc 28 508 6368 1368 200
alloc 43 110 3592 1232 200
free 30 -1 1408 200
free 5 -1 1472 200
alloc 0 207 6896 1248 200
alloc 47 272 7120 960 200
free 34 -1 1416 200
alloc 9 505 -1 1416 200
alloc 4 456 -1 1416 200
alloc 19 4 40 1392 200
free 38 -1 1944 200
alloc 29 538 -1 1944 200
free 40 -1 2176 200
free 7 -1 2600 200
free 42 -1 2672 200
free 1 -1 2976 200
free 12 -1 3120 200
alloc 27 340 3136 2760 200
alloc 30 478 5816 2264 200
alloc 21 217 824 2024 200
free 0 -1 2248 200
free 47 -1 2536 200
alloc 18 132 3728 2384 200
free 25 -1 2488 200
alloc 4 311 3880 2160 200
free 3 -1 2680 200
alloc 38 8 64 2656 200
alloc 29 573 4208 2064 200
alloc 8 4 88 2040 200
alloc 39 38 112 1976 200
free 26 -1 2376 200
alloc 1 571 6896 1784 200
alloc 12 293 5368 1472 200
free 27 -1 1832 200
free 30 -1 2328 200
alloc 5 551 5680 1760 200
alloc 0 173 3136 1568 200
free 31 -1 1792 200
free 18 -1 1944 200
alloc 9 463 7488 1464 200
free 4 -1 1792 200
alloc 3 533 -1 1792 200
free 22 -1 2056 200
free 13 -1 2192 200
free 8 -1 2216 200
alloc 23 220 2368 1952 200
alloc 26 253 3728 1680 200
free 33 -1 1864 200
free 12 -1 2176 200
alloc 27 178 176 1952 200
alloc 14 143 640 1768 200
alloc 37 172 1592 1576 200
alloc 32 526 -1 1576 200
alloc 15 71 3328 1488 200
alloc 18 74 3416 1392 200
alloc 25 511 -1 1392 200
free 36 -1 1632 200
alloc 35 418 -1 1632 200
alloc 6 204 400 1392 200
free 45 -1 1416 200
alloc 8 402 -1 1416 200
free 39 -1 1480 200
alloc 42 25 88 1432 200
free 17 -1 1736 200
free 28 -1 2264 200
alloc 11 592 4800 1656 200
alloc 30 91 4000 1544 200
free 21 -1 1784 200
alloc 32 253 824 1512 200
alloc 31 487 6248 1008 200
free 18 -1 1104 200
free 41 -1 1208 200
alloc 20 521 -1 1208 200
alloc 35 437 -1 1208 200
free 6 -1 1448 200
free 29 -1 2040 200
alloc 40 555 4112 1464 200
alloc 39 263 -1 1464 200
free 26 -1 1736 200
free 1 -1 2328 200
free 44 -1 2672 200
free 43 -1 2808 200
free 30 -1 2920 200
alloc 21 413 1096 2488 200
free 32 -1 2760 200
free 31 -1 3264 200
free 2 -1 3768 200
free 9 -1 4248 200
alloc 36 21 136 4208 200
alloc 3 502 3416 3688 200
alloc 6 242 824 3416 200
alloc 29 265 2632 3128 200
alloc 8 16 400 3096 200
free 23 -1 3360 200
free 10 -1 3864 200
alloc 33 209 1784 3632 200
alloc 12 553 2016 3056 200
free 27 -1 3280 200
alloc 46 166 176 3096 200
free 5 -1 3664 200
alloc 16 166 432 3456 200
alloc 31 293 5408 3144 200
alloc 2 314 5720 2808 200
alloc 9 11 360 2768 200
alloc 20 375 6056 2376 200
free 3 -1 2896 200
free 6 -1 3168 200
alloc 13 199 824 2952 200
alloc 24 44 1528 2888 200
alloc 7 75 2920 2792 200
alloc 26 65 3016 2672 200
alloc 1 498 3416 2152 200
alloc 44 66 3936 2064 200
alloc 27 14 1040 2008 200
free 46 -1 2192 200
free 37 -1 2384 200
alloc 32 138 176 2200 200
free 15 -1 2288 200
alloc 34 403 6448 1864 200
alloc 41 360 6872 1488 200
alloc 4 57 1592 1408 200
alloc 35 294 7248 1096 200
alloc 6 80 1672 984 200
free 13 -1 1200 200
free 8 -1 1232 200
alloc 39 208 7560 1008 200
free 26 -1 1128 200
alloc 17 490 -1 1128 200
free 12 -1 1704 200
alloc 43 246 2016 1440 200
free 14 -1 1624 200
free 21 -1 2056 200
free 16 -1 2264 200
free 31 -1 2576 200
free 2 -1 2912 200
free 41 -1 3288 200
free 4 -1 3368 200
free 19 -1 3392 200
free 38 -1 3416 200
alloc 13 61 400 3336 200
free 40 -1 3912 200
free 39 -1 4136 200
alloc 26 47 16 4064 200
free 33 -1 4296 200
alloc 12 430 480 3848 200
free 11 -1 4456 200
alloc 30 262 1096 4176 200
alloc 5 348 4024 3808 200
alloc 16 275 2280 3512 200
alloc 15 233 4392 3256 200
alloc 18 300 4648 2936 200
alloc 41 230 4968 2688 200
alloc 4 455 5216 2216 200
alloc 3 442 7560 1752 200
alloc 22 507 -1 1752 200
free 29 -1 2040 200
alloc 40 278 2576 1744 200
alloc 39 142 1784 1584 200
free 26 -1 1656 200
free 1 -1 2176 200
free 12 -1 2624 200
free 27 -1 2680 200
alloc 14 416 480 2248 200
alloc 21 564 3328 1640 200
free 16 -1 1936 200
free 15 -1 2192 200
alloc 2 486 -1 2192 200
alloc 25 324 5688 1824 200
free 20 -1 2216 200
alloc 19 298 6056 1896 200
free 6 -1 2008 200
alloc 45 213 2280 1776 200
free 24 -1 1840 200
free 39 -1 2000 200
alloc 26 445 1376 1536 200
alloc 33 368 -1 1536 200
alloc 12 36 16 1464 200
free 43 -1 1728 200
alloc 46 417 1840 1288 200
free 21 -1 1896 200
alloc 16 129 912 1712 200
alloc 31 204 3328 1488 200
alloc 2 317 3552 1152 200
free 41 -1 1400 200
alloc 20 330 6872 1024 200
free 19 -1 1344 200
alloc 22 401 -1 1344 200
alloc 29 451 -1 1344 200
free 40 -1 1640 200
alloc 39 116 2512 1504 200
free 26 -1 1968 200
alloc 33 123 1376 1824 200
free 44 -1 1912 200
alloc 27 341 6056 1520 200
free 30 -1 1800 200
alloc 21 506 -1 1800 200
free 16 -1 1984 200
free 31 -1 2208 200
free 34 -1 2632 200
alloc 41 95 912 2520 200
free 20 -1 2896 200
free 35 -1 3208 200
alloc 6 67 1024 3120 200
free 13 -1 3200 200
alloc 40 467 6448 2712 200
free 7 -1 2808 200
alloc 26 499 6936 2288 200
free 33 -1 2432 200
free 12 -1 2504 200
free 27 -1 2896 200
free 46 -1 3336 200
free 5 -1 3704 200
free 0 -1 3896 200
alloc 31 370 1112 3504 200
free 18 -1 3824 200
free 41 -1 3936 200
free 4 -1 4408 200
free 3 -1 4872 200
alloc 38 300 1504 4552 200
alloc 29 393 1824 4136 200
alloc 24 389 2648 3728 200
free 39 -1 3864 200
free 26 -1 4384 200
alloc 1 351 3056 4016 200
alloc 12 169 3888 3824 200
alloc 11 318 4080 3488 200
alloc 30 289 4416 3176 200
alloc 37 253 4728 2904 200
alloc 0 105 2512 2768 200
alloc 47 234 5000 2512 200
alloc 18 519 6936 1976 200
free 9 -1 2016 200
free 36 -1 2056 200
alloc 35 379 5256 1624 200
free 38 -1 1944 200
alloc 13 599 7472 1328 200
free 24 -1 1736 200
alloc 7 579 -1 1736 200
free 42 -1 1784 200
alloc 33 524 -1 1784 200
alloc 44 298 1504 1464 200
alloc 43 355 2648 1056 200
alloc 46 317 6056 720 200
alloc 5 78 16 624 200
alloc 16 365 -1 624 200
free 47 -1 880 200
free 18 -1 1416 200
alloc 41 432 6936 968 200
alloc 20 478 -1 968 200
free 35 -1 1400 200
free 6 -1 1488 200
free 13 -1 2104 200
alloc 24 315 5000 1768 200
alloc 39 288 5336 1464 200
alloc 26 360 7384 1088 200
free 1 -1 1456 200
free 44 -1 1776 200
free 11 -1 2112 200
free 46 -1 2448 200
alloc 21 102 360 2328 200
free 32 -1 2512 200
free 31 -1 2904 200
free 2 -1 3240 200
free 41 -1 3688 200
alloc 20 573 912 3096 200
alloc 19 44 112 3032 200
alloc 38 273 1504 2712 200
alloc 13 565 3056 2128 200
free 24 -1 2464 200
free 39 -1 2768 200
alloc 42 172 3640 2576 200
alloc 17 357 5000 2200 200
alloc 28 219 4080 1960 200
alloc 11 279 5376 1648 200
free 14 -1 2080 200
free 5 -1 2176 200
free 0 -1 2312 200
alloc 15 49 16 2216 200
alloc 2 543 -1 2216 200
free 25 -1 2584 200
alloc 36 57 176 2504 200
alloc 35 540 5688 1944 200
free 38 -1 2264 200
free 13 -1 2848 200
alloc 8 252 480 2576 200
alloc 23 345 3056 2208 200
alloc 10 425 6936 1760 200
alloc 33 421 -1 1760 200
alloc 44 103 752 1640 200
free 11 -1 1952 200
free 30 -1 2264 200
free 21 -1 2384 200
alloc 16 378 4320 1976 200
alloc 47 182 256 1752 200
alloc 2 166 1504 1568 200
alloc 41 169 3424 1352 200
alloc 4 6 872 1312 200
alloc 3 437 -1 1312 200
alloc 38 423 -1 1312 200
free 45 -1 1544 200
free 8 -1 1816 200
alloc 7 207 480 1592 200
free 42 -1 1784 200
alloc 33 408 7760 1352 200
free 12 -1 1544 200
alloc 11 221 2240 1304 200
alloc 14 15 704 1256 200
alloc 5 202 3640 1032 200
free 16 -1 1440 200
free 15 -1 1536 200
alloc 34 431 -1 1536 200
free 41 -1 1752 200
free 20 -1 2344 200
free 19 -1 2408 200
alloc 22 57 16 2328 200
free 29 -1 2744 200
alloc 24 247 912 2480 200
free 7 -1 2704 200
alloc 42 561 -1 2704 200
free 17 -1 3080 200
free 28 -1 3320 200
free 11 -1 3560 200
free 14 -1 3608 200
alloc 21 394 1688 3192 200
alloc 32 197 480 2976 200
alloc 15 346 2104 2608 200
free 2 -1 2792 200
alloc 25 410 1176 2360 200
free 36 -1 2440 200
alloc 3 283 3864 2136 200
free 22 -1 2216 200
alloc 13 497 4168 1696 200
alloc 8 593 5000 1080 200
alloc 39 367 -1 1080 200
free 26 -1 1456 200
alloc 1 28 16 1408 200
free 44 -1 1528 200
free 43 -1 1936 200
alloc 46 375 2472 1544 200
free 5 -1 1768 200
alloc 16 343 3424 1408 200
free 47 -1 1632 200
alloc 2 187 64 1424 200
free 25 -1 1856 200
free 4 -1 1896 200
free 35 -1 2456 200
alloc 22 335 1176 2104 200
alloc 45 326 5616 1760 200
free 24 -1 2024 200
alloc 39 322 696 1680 200
free 10 -1 2128 200
free 1 -1 2176 200
alloc 28 334 5960 1824 200
alloc 43 56 272 1752 200
alloc 14 140 1528 1592 200
free 37 -1 1864 200
alloc 0 537 6936 1304 200
alloc 31 381 -1 1304 200
free 2 -1 1512 200
alloc 9 275 4688 1200 200
alloc 36 476 -1 1200 200
alloc 19 94 16 1088 200
alloc 6 369 -1 1088 200
alloc 29 268 -1 1088 200
free 8 -1 1704 200
free 39 -1 2048 200
alloc 42 158 696 1872 200
alloc 1 370 5000 1480 200
free 28 -1 1832 200
alloc 11 473 -1 1832 200
free 46 -1 2224 200
alloc 5 286 872 1920 200
free 32 -1 2136 200
alloc 31 376 2472 1744 200
alloc 34 411 5960 1312 200
alloc 41 344 -1 1312 200
alloc 36 323 344 960 200
alloc 35 270 -1 960 200
free 22 -1 1312 200
free 45 -1 1656 200
alloc 24 331 1176 1304 200
alloc 7 582 -1 1304 200
free 42 -1 1480 200
alloc 17 154 696 1304 200
alloc 28 452 5392 832 200
alloc 11 492 -1 832 200
alloc 30 399 -1 832 200
alloc 37 195 7496 616 200
free 16 -1 976 200
alloc 47 176 2864 784 200
free 34 -1 1216 200
alloc 41 83 128 1112 200
alloc 20 525 5864 568 200
free 19 -1 680 200
alloc 38 257 3424 400 200
free 13 -1 920 200
alloc 8 317 4168 584 200
free 23 -1 952 200
alloc 26 79 16 840 200
free 33 -1 1272 200
alloc 12 582 -1 1272 200
alloc 27 12 232 1232 200
alloc 30 182 3056 1032 200
free 37 -1 1248 200
alloc 16 331 7496 896 200
free 31 -1 1288 200
alloc 34 433 -1 1288 200
alloc 25 161 2472 1104 200
free 36 -1 1456 200
free 3 -1 1760 200
alloc 22 219 344 1520 200
alloc 29 477 -1 1520 200
free 24 -1 1872 200
alloc 7 404 3704 1448 200
free 26 -1 1560 200
alloc 33 269 1176 1272 200
alloc 12 333 -1 1272 200
free 27 -1 1312 200
alloc 46 114 2656 1176 200
free 21 -1 1592 200
alloc 32 55 16 1520 200
alloc 31 385 1688 1104 200
alloc 18 243 7848 840 200
free 41 -1 944 200
alloc 36 472 -1 944 200
alloc 19 482 -1 944 200
free 38 -1 1224 200
alloc 29 456 -1 1224 200
alloc 24 16 88 1192 200
free 7 -1 1616 200
alloc 10 224 3256 1376 200
free 17 -1 1552 200
free 28 -1 2024 200
free 43 -1 2096 200
free 14 -1 2256 200
alloc 21 487 3496 1752 200
free 16 -1 2104 200
free 31 -1 2520 200
free 18 -1 2784 200
free 9 -1 3096 200
alloc 36 79 120 3000 200
alloc 3 32 216 2952 200
free 22 -1 3192 200
alloc 13 590 264 2584 200
free 24 -1 2616 200
alloc 39 492 1464 2104 200
free 10 -1 2344 200
free 33 -1 2632 200
alloc 12 427 4504 2184 200
alloc 11 480 7496 1688 200
alloc 14 366 5392 1304 200
free 21 -1 1808 200
alloc 16 144 1176 1648 200
free 47 -1 1840 200
alloc 2 532 3256 1288 200
free 25 -1 1472 200
alloc 4 76 1336 1344 200
alloc 19 304 3808 1024 200
alloc 6 323 -1 1024 200
alloc 29 494 -1 1024 200
free 40 -1 1512 200
alloc 7 525 -1 1512 200
alloc 26 515 -1 1512 200
alloc 33 382 6408 1112 200
alloc 44 356 -1 1112 200
alloc 27 88 1976 984 200
free 14 -1 1368 200
alloc 21 77 2472 1272 200
free 32 -1 1344 200
free 15 -1 1712 200
alloc 34 373 5392 1320 200
alloc 9 248 2104 1056 200
free 20 -1 1600 200
free 19 -1 1920 200
alloc 22 487 5784 1416 200
alloc 29 553 -1 1416 200
free 8 -1 1752 200
free 39 -1 2264 200
alloc 26 442 1464 1800 200
free 33 -1 2200 200
free 12 -1 2648 200
free 11 -1 3144 200
free 30 -1 3344 200
free 21 -1 3440 200
free 0 -1 4000 200
alloc 15 56 16 3896 200
alloc 18 599 3808 3280 200
alloc 41 357 2792 2904 200
free 36 -1 3000 200
alloc 35 267 2368 2712 200
free 22 -1 3216 200
alloc 29 52 120 3120 200
alloc 8 103 4424 3000 200
alloc 7 515 5784 2464 200
alloc 42 470 6320 1976 200
free 1 -1 2368 200
alloc 28 597 4544 1752 200
alloc 11 577 6808 1152 200
alloc 30 320 7408 816 200
free 5 -1 1120 200
alloc 32 218 872 880 200
alloc 47 525 -1 880 200
free 2 -1 1432 200
free 9 -1 1696 200
free 4 -1 1824 200
alloc 19 489 3168 1312 200
alloc 6 536 -1 1312 200
alloc 45 252 7744 1040 200
alloc 24 291 -1 1040 200
free 7 -1 1576 200
free 26 -1 2040 200
alloc 17 522 1336 1496 200
alloc 12 63 1880 1400 200
free 11 -1 2000 200
alloc 14 258 5784 1720 200
alloc 37 203 2104 1496 200
alloc 0 223 6064 1240 200
alloc 47 424 6808 800 200
alloc 2 216 5160 568 200
free 41 -1 944 200
alloc 20 501 -1 944 200
free 3 -1 992 200
alloc 38 313 2792 656 200
free 13 -1 1264 200
free 8 -1 1384 200
alloc 39 195 216 1168 200
alloc 26 119 432 1032 200
alloc 1 424 -1 1032 200
alloc 44 360 -1 1032 200
alloc 11 375 -1 1032 200
free 14 -1 1312 200
alloc 5 428 -1 1312 200
free 32 -1 1552 200
alloc 31 222 568 1312 200
free 34 -1 1704 200
alloc 9 28 808 1656 200
alloc 36 121 856 1512 200
free 19 -1 2024 200
alloc 6 86 1000 1920 200
alloc 13 384 3128 1520 200
alloc 24 193 3528 1304 200
free 39 -1 1520 200
free 26 -1 1656 200
free 17 -1 2200 200
free 12 -1 2296 200
free 27 -1 2424 200
alloc 14 232 216 2176 200
alloc 21 316 1336 1840 200
free 16 -1 2000 200
free 31 -1 2240 200
free 2 -1 2472 200
alloc 41 65 464 2384 200
free 36 -1 2528 200
free 35 -1 2816 200
free 6 -1 2920 200
free 45 -1 3192 200
alloc 40 525 5160 2648 200
alloc 7 479 -1 2648 200
alloc 26 285 856 2344 200
alloc 1 198 552 2128 200
free 28 -1 2744 200
alloc 43 503 4424 2224 200
free 30 -1 2560 200
alloc 5 42 1160 2496 200
alloc 32 126 1672 2352 200
free 15 -1 2456 200
alloc 34 167 1816 2272 200
free 9 -1 2320 200
alloc 20 138 2328 2160 200
alloc 3 536 7248 1608 200
free 38 -1 1944 200
free 13 -1 2344 200
free 24 -1 2560 200
alloc 7 362 2792 2176 200
alloc 10 119 2488 2008 200
alloc 17 150 3176 1840 200
alloc 28 128 3344 1696 200
free 43 -1 2216 200
free 46 -1 2352 200
free 37 -1 2576 200
free 32 -1 2720 200
free 47 -1 3160 200
free 18 -1 3776 200
alloc 25 10 16 3744 200
free 20 -1 3904 200
free 3 -1 4456 200
alloc 22 584 3488 3856 200
free 29 -1 3952 200
free 40 -1 4496 200
alloc 23 258 2000 4216 200
free 42 -1 4704 200
alloc 33 86 48 4600 200
free 28 -1 4744 200
alloc 27 16 152 4680 200
alloc 46 55 768 4592 200
free 5 -1 4656 200
alloc 16 159 1160 4480 200
alloc 15 437 4088 4024 200
free 34 -1 4208 200
free 41 -1 4296 200
alloc 36 37 464 4208 200
alloc 35 120 1672 4072 200
alloc 6 554 4544 3496 200
alloc 45 590 5120 2888 200
alloc 8 96 1808 2776 200
free 7 -1 3160 200
alloc 42 487 2656 2640 200
free 1 -1 2856 200
alloc 28 198 552 2640 200
alloc 43 224 5728 2400 200
free 14 -1 2648 200
free 21 -1 2984 200
free 0 -1 3240 200
alloc 31 37 216 3184 200
alloc 2 106 272 3056 200
free 25 -1 3088 200
free 36 -1 3176 200
alloc 3 89 400 3064 200
alloc 38 547 5968 2496 200
alloc 13 567 6536 1912 200
alloc 40 521 7120 1368 200
alloc 39 405 7664 944 200
free 10 -1 1112 200
alloc 1 26 1336 1064 200
alloc 44 34 1384 1008 200
alloc 11 137 1440 848 200
alloc 30 8 16 816 200
alloc 5 590 -1 816 200
alloc 0 352 2280 440 200
alloc 47 349 -1 440 200
alloc 18 30 1600 368 200
alloc 25 515 -1 368 200
alloc 4 257 -1 368 200
free 35 -1 504 200
free 38 -1 1072 200
free 13 -1 1656 200
free 40 -1 2200 200
alloc 7 582 5968 1600 200
free 26 -1 1904 200
free 1 -1 1952 200
free 44 -1 2008 200
free 43 -1 2248 200
free 46 -1 2336 200
alloc 21 550 6568 1768 200
free 0 -1 2144 200
alloc 47 120 768 2008 200
alloc 34 258 2280 1728 200
alloc 9 329 7136 1376 200
alloc 4 8 512 1336 200
free 3 -1 1448 200
free 22 -1 2048 200
alloc 29 306 3344 1720 200
free 8 -1 1832 200
free 39 -1 2256 200
alloc 26 415 7488 1824 200
alloc 1 416 -1 1824 200
alloc 12 198 904 1608 200
free 27 -1 1672 200
alloc 46 387 3672 1256 200
alloc 5 564 -1 1256 200
alloc 0 78 400 1144 200
free 15 -1 1600 200
free 18 -1 1672 200
alloc 41 198 1600 1456 200
alloc 20 540 -1 1456 200
alloc 3 530 -1 1456 200
alloc 22 595 -1 1456 200
free 29 -1 1784 200
alloc 40 310 3344 1456 200
free 7 -1 2056 200
free 26 -1 2488 200
alloc 1 163 1816 2304 200
alloc 44 95 4088 2192 200
free 11 -1 2352 200
alloc 14 240 1336 2088 200
alloc 37 521 5728 1544 200
free 16 -1 1720 200
alloc 15 236 4200 1464 200
free 34 -1 1744 200
free 9 -1 2096 200
alloc 20 11 152 2032 200
alloc 19 394 7136 1616 200
alloc 22 210 2280 1384 200
free 45 -1 1992 200
alloc 8 579 5120 1384 200
free 23 -1 1664 200
free 42 -1 2184 200
free 1 -1 2368 200
free 44 -1 2480 200
alloc 11 453 2512 2008 200
free 46 -1 2424 200
alloc 5 18 1120 2384 200
alloc 32 366 1816 2000 200
free 31 -1 2056 200
alloc 34 135 1160 1880 200
alloc 25 439 3672 1424 200
free 4 -1 1464 200
free 19 -1 1880 200
alloc 38 358 7136 1504 200
alloc 29 467 7512 1016 200
free 8 -1 1624 200
alloc 23 239 5120 1368 200
alloc 42 441 -1 1368 200
free 17 -1 1536 200
free 28 -1 1752 200
free 11 -1 2224 200
alloc 46 480 2512 1728 200
free 37 -1 2272 200
free 32 -1 2656 200
free 15 -1 2912 200
free 2 -1 3040 200
free 25 -1 3496 200
alloc 4 316 1816 3160 200
alloc 19 64 216 3080 200
free 22 -1 3312 200
alloc 45 347 3672 2944 200
alloc 8 481 4040 2440 200
alloc 39 167 512 2256 200
alloc 42 480 5376 1760 200
alloc 1 452 5872 1288 200
alloc 28 399 -1 1288 200
alloc 11 219 2152 1048 200
free 46 -1 1544 200
free 21 -1 2112 200
alloc 16 391 2392 1704 200
alloc 31 410 2800 1272 200
alloc 2 371 6344 880 200
alloc 9 352 6736 480 200
alloc 36 37 296 424 200
alloc 3 342 -1 424 200
alloc 22 191 -1 424 200
free 45 -1 792 200
free 40 -1 1120 200
free 39 -1 1304 200
alloc 26 458 3232 824 200
free 1 -1 1296 200
alloc 44 467 -1 1296 200
alloc 27 219 512 1040 200
free 14 -1 1304 200
free 5 -1 1344 200
alloc 32 267 3712 1056 200
alloc 15 248 1336 792 200
free 34 -1 968 200
free 41 -1 1184 200
free 20 -1 1248 200
free 19 -1 1328 200
alloc 22 102 152 1184 200
alloc 45 1 352 1136 200
free 8 -1 1640 200
free 23 -1 1896 200
free 26 -1 2376 200
alloc 17 263 3232 2096 200
alloc 44 130 1120 1944 200
alloc 43 563 -1 1944 200
alloc 46 37 1272 1880 200
alloc 5 334 4000 1528 200
free 32 -1 1816 200
free 47 -1 1952 200
free 2 -1 2344 200
free 9 -1 2744 200
free 36 -1 2800 200
alloc 19 409 3512 2368 200
free 38 -1 2744 200
free 29 -1 3232 200
alloc 24 227 5120 2976 200
alloc 39 32 296 2920 200
alloc 10 475 5872 2424 200
free 17 -1 2704 200
free 44 -1 2856 200
free 11 -1 3096 200
free 30 -1 3128 200
alloc 37 459 6368 2648 200
free 16 -1 3056 200
alloc 47 272 2152 2768 200
alloc 18 317 2440 2408 200
alloc 41 67 768 2320 200
alloc 36 466 6848 1832 200
alloc 3 479 7336 1336 200
free 6 -1 1912 200
alloc 13 333 4352 1560 200
alloc 8 469 -1 1560 200
alloc 23 486 -1 1560 200
free 42 -1 2056 200
alloc 1 512 -1 2056 200
alloc 44 136 1120 1904 200
alloc 11 319 4704 1568 200
free 46 -1 1632 200
free 37 -1 2112 200
free 0 -1 2224 200
free 47 -1 2512 200
alloc 2 495 -1 2512 200
alloc 25 465 5376 2016 200
free 36 -1 2504 200
free 3 -1 3000 200
free 22 -1 3144 200
alloc 29 549 6368 2576 200
alloc 8 540 6936 2016 200
free 39 -1 2072 200
free 10 -1 2568 200
alloc 17 520 7496 2032 200
alloc 28 314 5872 1696 200
alloc 43 556 -1 1696 200
alloc 14 472 -1 1696 200
alloc 37 449 -1 1696 200
alloc 0 453 -1 1696 200
free 31 -1 2128 200
alloc 2 446 2800 1664 200
alloc 9 199 1600 1448 200
alloc 36 496 -1 1448 200
free 19 -1 1880 200
alloc 38 239 2152 1592 200
free 29 -1 2160 200
free 8 -1 2720 200
alloc 23 356 3264 2344 200
alloc 42 394 6208 1928 200
alloc 1 222 3640 1688 200
free 28 -1 2024 200
alloc 43 231 5872 1776 200
alloc 46 537 6624 1216 200
alloc 37 596 -1 1216 200
alloc 0 164 152 1016 200
free 15 -1 1280 200
alloc 34 95 400 1168 200
free 9 -1 1384 200
free 4 -1 1720 200
alloc 35 346 1272 1352 200
alloc 22 401 1640 928 200
free 13 -1 1280 200
alloc 40 412 -1 1280 200
alloc 7 482 -1 1280 200
alloc 10 367 -1 1280 200
free 33 -1 1384 200
alloc 28 16 16 1352 200
free 43 -1 1600 200
alloc 30 227 4352 1352 200
alloc 37 383 -1 1352 200
free 0 -1 1552 200
alloc 15 450 -1 1552 200
free 34 -1 1664 200
alloc 9 125 48 1520 200
alloc 20 569 -1 1520 200
free 35 -1 1888 200
free 38 -1 2176 200
free 45 -1 2224 200
alloc 8 521 -1 2224 200
alloc 39 111 192 2096 200
free 42 -1 2512 200
free 1 -1 2752 200
free 44 -1 2904 200
free 27 -1 3160 200
free 30 -1 3408 200
alloc 21 461 1120 2928 200
alloc 32 100 320 2808 200
alloc 47 143 440 2648 200
free 2 -1 3112 200
free 25 -1 3608 200
alloc 20 384 2800 3208 200
alloc 35 552 5376 2640 200
alloc 6 282 2064 2336 200
alloc 29 249 3640 2064 200
alloc 40 298 4352 1712 200
alloc 7 152 600 1544 200
alloc 10 5 856 1496 200
alloc 33 545 5944 928 200
free 12 -1 1144 200
free 11 -1 1480 200
alloc 30 577 -1 1480 200
free 21 -1 1960 200
alloc 0 177 904 1760 200
free 47 -1 1920 200
alloc 2 274 1104 1624 200
free 9 -1 1768 200
free 20 -1 2168 200
alloc 3 409 2800 1704 200
alloc 38 459 -1 1704 200
free 29 -1 1976 200
free 24 -1 2232 200
free 39 -1 2360 200
alloc 42 286 3640 2056 200
free 33 -1 2624 200
free 28 -1 2656 200
alloc 43 11 16 2624 200
alloc 30 384 4704 2224 200
free 5 -1 2576 200
alloc 16 141 48 2416 200
alloc 47 53 208 2344 200
alloc 34 443 5944 1880 200
free 41 -1 1968 200
alloc 4 313 3944 1632 200
alloc 19 33 440 1576 200
free 22 -1 2000 200
alloc 45 564 1400 1416 200
free 40 -1 1768 200
free 23 -1 2144 200
free 10 -1 2192 200
alloc 1 13 280 2152 200
alloc 12 295 3264 1840 200
free 43 -1 1872 200
alloc 14 18 496 1832 200
alloc 5 241 4280 1568 200
free 16 -1 1728 200
free 47 -1 1800 200
free 18 -1 2160 200
alloc 25 558 -1 2160 200
free 4 -1 2496 200
free 19 -1 2552 200
free 6 -1 2856 200
alloc 29 282 1984 2552 200
alloc 24 186 16 2344 200
alloc 23 390 2288 1936 200
free 42 -1 2240 200
alloc 33 82 768 2104 200
alloc 44 104 3576 1984 200
alloc 27 180 3696 1784 200
free 46 -1 2344 200
alloc 37 142 3896 2184 200
free 0 -1 2384 200
alloc 31 310 6408 2056 200
free 2 -1 2352 200
alloc 25 505 6736 1824 200
alloc 20 156 904 1648 200
alloc 19 295 1080 1328 200
alloc 22 419 -1 1328 200
alloc 13 584 -1 1328 200
free 24 -1 1536 200
free 7 -1 1704 200
alloc 26 254 5104 1432 200
free 33 -1 1568 200
free 12 -1 1880 200
alloc 43 116 16 1744 200
alloc 46 290 536 1432 200
alloc 21 180 3264 1232 200
free 32 -1 1352 200
free 31 -1 1680 200
alloc 18 299 6408 1352 200
alloc 41 369 -1 1352 200
free 20 -1 1528 200
free 19 -1 1848 200
alloc 6 421 848 1408 200
alloc 13 379 -1 1408 200
alloc 24 216 7264 1176 200
free 23 -1 1584 200
free 26 -1 1856 200
free 17 -1 2392 200
alloc 12 212 2288 2160 200
alloc 11 509 7496 1632 200
free 30 -1 2032 200
free 21 -1 2232 200
alloc 16 385 4544 1824 200
alloc 47 449 -1 1824 200
alloc 2 221 2520 1584 200
alloc 9 50 152 1512 200
alloc 20 362 4952 1128 200
free 35 -1 1696 200
free 6 -1 2136 200
free 29 -1 2440 200
alloc 40 276 848 2144 200
alloc 7 362 5336 1760 200
alloc 26 4 224 1704 200
alloc 17 366 -1 1704 200
alloc 28 288 1984 1400 200
free 43 -1 1536 200
free 14 -1 1576 200
free 37 -1 1736 200
alloc 32 349 3896 1352 200
alloc 15 154 320 1176 200
free 2 -1 1416 200
free 9 -1 1488 200
alloc 4 492 -1 1488 200
free 3 -1 1952 200
alloc 38 77 16 1856 200
free 45 -1 2440 200
alloc 8 177 1144 2240 200
free 7 -1 2624 200
alloc 42 8 112 2600 200
alloc 33 278 1344 2304 200
free 12 -1 2536 200
free 11 -1 3064 200
alloc 14 413 2288 2632 200
free 5 -1 2896 200
alloc 0 498 2720 2376 200
alloc 47 287 1640 2072 200
free 18 -1 2400 200
free 25 -1 2928 200
alloc 4 227 3240 2680 200
alloc 3 414 5336 2248 200
alloc 22 367 6408 1864 200
alloc 45 246 4280 1600 200
free 40 -1 1896 200
alloc 39 594 7496 1280 200
alloc 10 437 6792 808 200
free 33 -1 1104 200
free 44 -1 1224 200
alloc 43 416 -1 1224 200
free 14 -1 1656 200
alloc 37 117 848 1520 200
free 32 -1 1904 200
free 15 -1 2080 200
free 34 -1 2544 200
alloc 41 541 5768 1984 200
alloc 36 452 -1 1984 200
alloc 35 115 320 1848 200
free 38 -1 1944 200
alloc 29 124 984 1784 200
free 8 -1 1984 200
alloc 7 147 1144 1816 200
free 10 -1 2288 200
alloc 17 7 16 2264 200
free 28 -1 2568 200
alloc 11 121 1312 2424 200
free 46 -1 2736 200
alloc 21 283 456 2432 200
alloc 32 418 1944 1992 200
alloc 15 35 40 1920 200
alloc 2 313 2384 1584 200
alloc 25 283 3896 1280 200
free 20 -1 1664 200
alloc 19 305 4952 1336 200
free 22 -1 1720 200
free 45 -1 1984 200
free 24 -1 2216 200
alloc 23 539 6328 1656 200
free 42 -1 1680 200
alloc 33 63 112 1568 200
alloc 12 343 6888 1208 200
free 11 -1 1352 200
alloc 46 492 -1 1352 200
free 21 -1 1656 200
free 32 -1 2096 200
alloc 31 347 456 1704 200
free 2 -1 2040 200
free 41 -1 2600 200
free 4 -1 2848 200
free 35 -1 2984 200
alloc 22 52 320 2912 200
alloc 13 285 1312 2584 200
alloc 8 285 1944 2280 200
free 39 -1 2896 200
alloc 10 298 2248 2576 200
free 1 -1 2616 200
free 12 -1 2976 200
free 27 -1 3176 200
alloc 30 430 3240 2728 200
alloc 21 433 5768 2272 200
free 0 -1 2792 200
free 31 -1 3184 200
alloc 18 4 280 3144 200
alloc 9 596 2568 2528 200
alloc 20 396 392 2112 200
alloc 35 76 3688 2016 200
alloc 38 272 4200 1728 200
free 13 -1 2056 200
alloc 40 62 1312 1976 200
free 7 -1 2144 200
alloc 42 555 6888 1568 200
free 33 -1 1680 200
alloc 28 82 112 1568 200
alloc 11 66 1144 1480 200
free 30 -1 1928 200
free 21 -1 2384 200
alloc 32 175 1392 2192 200
alloc 31 457 3184 1688 200
alloc 34 600 7464 1072 200
alloc 41 17 808 1032 200
alloc 4 150 5768 864 200
free 19 -1 1192 200
alloc 6 309 4952 864 200
alloc 13 371 5936 472 200
free 40 -1 552 200
free 23 -1 1112 200
free 42 -1 1688 200
alloc 33 528 6328 1144 200
alloc 12 380 6872 744 200
alloc 27 410 -1 744 200
alloc 30 556 -1 744 200
free 37 -1 880 200
free 32 -1 1072 200
free 31 -1 1576 200
free 18 -1 1616 200
free 9 -1 2232 200
alloc 36 599 2568 1616 200
free 35 -1 1712 200
free 22 -1 1784 200
alloc 45 48 280 1720 200
alloc 24 471 3184 1232 200
alloc 7 466 -1 1232 200
free 10 -1 1552 200
free 17 -1 1576 200
alloc 44 397 -1 1576 200
alloc 43 354 1232 1168 200
alloc 14 510 -1 1168 200
alloc 37 15 344 1120 200
alloc 0 387 -1 1120 200
free 47 -1 1424 200
free 34 -1 2040 200
alloc 9 317 7272 1704 200
free 4 -1 1872 200
alloc 35 133 1640 1720 200
alloc 22 576 -1 1720 200
free 13 -1 2112 200
free 24 -1 2600 200
alloc 39 447 3184 2136 200
alloc 42 176 2248 1944 200
alloc 1 52 848 1872 200
free 12 -1 2272 200
alloc 27 504 5768 1752 200
alloc 46 175 3648 1560 200
free 37 -1 1608 200
free 16 -1 2016 200
free 15 -1 2088 200
alloc 2 307 4488 1760 200
free 25 -1 2064 200
free 20 -1 2480 200
free 3 -1 2912 200
free 38 -1 3200 200
alloc 13 436 344 2736 200
free 8 -1 3040 200
alloc 23 61 16 2944 200
free 26 -1 3000 200
alloc 17 148 1792 2832 200
alloc 44 251 1960 2544 200
free 43 -1 2952 200
alloc 14 524 3840 2408 200
alloc 5 387 1232 2000 200
alloc 0 385 5280 1592 200
alloc 31 389 7608 1184 200
alloc 18 87 2440 1056 200
alloc 25 552 -1 1056 200
alloc 4 362 6872 656 200
alloc 19 30 224 600 200
alloc 22 574 -1 600 200
free 13 -1 1064 200
alloc 8 327 344 720 200
free 23 -1 816 200
alloc 10 60 16 720 200
free 1 -1 792 200
alloc 12 24 688 752 200
free 11 -1 840 200
alloc 30 336 -1 840 200
alloc 21 507 -1 840 200
free 0 -1 1248 200
free 31 -1 1656 200
alloc 34 435 5280 1168 200
free 41 -1 1208 200
free 36 -1 1824 200
free 19 -1 1880 200
alloc 22 373 2568 1488 200
free 45 -1 1552 200
free 8 -1 1896 200
alloc 7 254 224 1624 200
free 10 -1 1720 200
free 17 -1 1888 200
free 28 -1 2000 200
free 27 -1 2520 200
alloc 30 591 -1 2520 200
free 5 -1 2928 200
alloc 16 100 16 2808 200
alloc 15 486 5768 2304 200
free 2 -1 2632 200
alloc 25 334 1144 2280 200
alloc 20 309 4384 1952 200
alloc 19 316 7608 1616 200
free 6 -1 1944 200
alloc 13 101 496 1824 200
alloc 24 354 4712 1448 200
alloc 23 262 -1 1448 200
alloc 26 391 -1 1448 200
alloc 17 557 -1 1448 200
free 12 -1 1488 200
alloc 43 81 616 1384 200
free 46 -1 1576 200
alloc 21 185 720 1368 200
alloc 32 264 -1 1368 200
alloc 47 483 -1 1368 200
free 34 -1 1856 200
free 25 -1 2208 200
free 4 -1 2608 200
free 19 -1 2944 200
alloc 38 160 1144 2768 200
free 13 -1 2888 200
alloc 40 590 5088 2280 200
free 7 -1 2552 200
alloc 26 62 136 2472 200
free 33 -1 3016 200
alloc 12 317 216 2680 200
alloc 11 2 552 2656 200
free 14 -1 3200 200
alloc 5 375 3648 2808 200
free 16 -1 2928 200
alloc 47 566 6272 2344 200
free 18 -1 2472 200
alloc 25 492 7608 1960 200
alloc 36 16 16 1928 200
alloc 3 53 48 1840 200
alloc 6 173 1320 1648 200
alloc 45 269 4040 1360 200
free 24 -1 1736 200
alloc 7 287 4712 1432 200
free 26 -1 1512 200
alloc 17 99 1512 1384 200
free 12 -1 1720 200
free 11 -1 1744 200
alloc 30 244 136 1480 200
alloc 37 588 -1 1480 200
alloc 0 316 6856 1144 200
free 47 -1 1728 200
alloc 18 2 400 1704 200
free 9 -1 2040 200
alloc 4 149 424 1848 200
free 35 -1 2000 200
free 6 -1 2192 200
free 29 -1 2352 200
alloc 24 599 -1 2352 200
free 7 -1 2656 200
alloc 10 591 -1 2656 200
free 17 -1 2784 200
alloc 28 144 928 2624 200
free 43 -1 2728 200
alloc 46 256 1320 2456 200
free 5 -1 2848 200
alloc 32 173 1592 2656 200
alloc 31 511 6272 2128 200
free 18 -1 2152 200
alloc 9 189 2960 1928 200
free 20 -1 2256 200
alloc 19 88 616 2152 200
alloc 6 515 4328 1616 200
alloc 13 129 1784 1440 200
free 40 -1 2048 200
alloc 7 213 3648 1816 200
alloc 10 54 2440 1744 200
alloc 17 25 1088 1688 200
free 28 -1 1848 200
alloc 11 435 4864 1392 200
free 30 -1 1656 200
alloc 5 224 136 1416 200
alloc 16 55 928 1344 200
free 31 -1 1872 200
alloc 2 19 376 1824 200
free 9 -1 2048 200
alloc 20 600 -1 2048 200
free 3 -1 2136 200
free 38 -1 2312 200
free 45 -1 2600 200
alloc 40 266 3880 2312 200
free 39 -1 2776 200
free 42 -1 2968 200
free 17 -1 3024 200
alloc 28 542 2960 2464 200
alloc 27 395 5320 2016 200
free 46 -1 2288 200
free 21 -1 2496 200
free 0 -1 2832 200
free 15 -1 3336 200
free 2 -1 3384 200
alloc 9 35 48 3296 200
alloc 20 263 1000 3016 200
free 19 -1 3120 200
free 6 -1 3656 200
alloc 29 468 4168 3168 200
free 40 -1 3456 200
alloc 39 53 616 3384 200
alloc 26 433 5768 2928 200
alloc 1 370 6224 2536 200
alloc 12 552 6616 1968 200
free 27 -1 2416 200
alloc 46 237 1280 2160 200
alloc 37 424 5320 1712 200
free 32 -1 1904 200
alloc 47 509 -1 1904 200
alloc 18 270 3880 1616 200
free 25 -1 2128 200
free 4 -1 2320 200
alloc 19 97 376 2200 200
alloc 38 474 7184 1704 200
alloc 45 388 7680 1296 200
alloc 8 542 -1 1296 200
free 39 -1 1368 200
alloc 42 533 -1 1368 200
free 1 -1 1760 200
free 28 -1 2320 200
alloc 43 86 496 2216 200
alloc 30 47 600 2152 200
free 37 -1 2600 200
alloc 32 585 2960 1992 200
alloc 47 568 -1 1992 200
alloc 34 226 664 1728 200
free 9 -1 1816 200
free 20 -1 2096 200
free 19 -1 2216 200
free 22 -1 2608 200
free 13 -1 2784 200
alloc 8 469 -1 2784 200
alloc 23 574 -1 2784 200
free 10 -1 2856 200
alloc 17 573 2248 2264 200
free 12 -1 2832 200
free 11 -1 3288 200
free 30 -1 3352 200
alloc 21 65 48 3264 200
alloc 0 342 1536 2904 200
alloc 47 179 1000 2704 200
free 18 -1 2992 200
alloc 41 582 4656 2392 200
free 36 -1 2424 200
alloc 3 258 3880 2136 200
alloc 6 110 5256 2008 200
free 29 -1 2496 200
alloc 40 558 6224 1920 200
alloc 39 270 4168 1632 200
free 26 -1 2088 200
alloc 1 595 5384 1472 200
free 44 -1 1760 200
alloc 27 7 16 1728 200
free 46 -1 1984 200
free 5 -1 2224 200
free 0 -1 2584 200
alloc 31 297 136 2264 200
alloc 18 267 1200 1976 200
free 41 -1 2576 200
alloc 4 158 1488 2400 200
free 3 -1 2688 200
free 38 -1 3184 200
free 45 -1 3592 200
alloc 8 563 1664 3008 200
alloc 23 548 4456 2440 200
alloc 26 5 456 2400 200
free 1 -1 3016 200
alloc 28 553 5384 2440 200
free 27 -1 2472 200
alloc 14 439 6800 2016 200
alloc 37 388 7256 1608 200
free 16 -1 1680 200
free 47 -1 1880 200
free 34 -1 2144 200
alloc 9 130 600 1992 200
alloc 36 559 -1 1992 200
alloc 19 413 752 1544 200
alloc 38 182 3880 1344 200
alloc 45 288 7664 1040 200
free 40 -1 1616 200
free 39 -1 1904 200
alloc 42 329 4080 1528 200
alloc 1 585 5960 920 200
alloc 12 299 -1 920 200
free 43 -1 1024 200
alloc 46 184 5024 792 200
free 21 -1 880 200
free 32 -1 1488 200
free 31 -1 1808 200
alloc 2 124 16 1664 200
alloc 25 34 160 1608 200
free 4 -1 1784 200
alloc 35 101 216 1664 200
free 38 -1 1864 200
alloc 13 585 2840 1256 200
alloc 24 14 336 1224 200
free 23 -1 1792 200
free 42 -1 2168 200
free 17 -1 2760 200
free 28 -1 3336 200
alloc 43 325 2248 2992 200
free 46 -1 3224 200
free 37 -1 3632 200
alloc 32 436 3880 3176 200
alloc 31 90 1488 3064 200
alloc 34 61 368 2976 200
free 25 -1 3032 200
alloc 4 259 4336 2752 200
free 35 -1 2872 200
alloc 22 143 160 2696 200
free 13 -1 3304 200
free 24 -1 3336 200
alloc 39 98 2592 3216 200
free 26 -1 3256 200
free 1 -1 3864 200
alloc 12 409 2712 3432 200
free 43 -1 3776 200
alloc 46 438 3144 3320 200
alloc 37 509 4616 2792 200
alloc 0 545 5384 2224 200
free 31 -1 2336 200
free 18 -1 2624 200
free 9 -1 2776 200
alloc 36 492 5952 2264 200
alloc 35 187 456 2056 200
free 22 -1 2232 200
alloc 13 151 160 2064 200
alloc 40 569 -1 2064 200
free 7 -1 2296 200
alloc 26 209 1200 2064 200
alloc 33 180 1432 1832 200
alloc 44 522 -1 1832 200
alloc 27 558 -1 1832 200
free 14 -1 2288 200
free 37 -1 2816 200
free 32 -1 3272 200
alloc 31 504 3600 2752 200
free 34 -1 2840 200
alloc 25 227 2248 2592 200
free 36 -1 3104 200
free 19 -1 3552 200
free 6 -1 3680 200
alloc 29 223 664 3440 200
alloc 40 144 904 3280 200
alloc 23 251 4616 3008 200
alloc 10 371 4888 2616 200
free 33 -1 2848 200
alloc 44 537 5952 2288 200
alloc 27 33 328 2232 200
alloc 14 138 1432 2072 200
alloc 37 107 1064 1936 200
alloc 16 300 6512 1616 200
alloc 15 518 6832 1080 200
free 2 -1 1224 200
alloc 9 305 -1 1224 200
free 4 -1 1504 200
free 35 -1 1712 200
alloc 22 540 -1 1712 200
free 29 -1 1952 200
alloc 24 218 384 1712 200
alloc 7 281 4120 1408 200
free 26 -1 1640 200
alloc 1 88 16 1536 200
free 12 -1 1968 200
alloc 43 1 120 1928 200
alloc 30 438 -1 1928 200
alloc 5 140 624 1768 200
alloc 32 72 784 1648 200
free 31 -1 2168 200
alloc 2 359 2712 1792 200
free 25 -1 2040 200
alloc 36 497 3600 1520 200
alloc 35 580 -1 1520 200
alloc 38 32 1200 1472 200
alloc 29 309 2248 1128 200
free 24 -1 1368 200
free 23 -1 1640 200
alloc 26 526 -1 1640 200
alloc 33 397 4424 1224 200
alloc 12 29 384 1176 200
free 27 -1 1232 200
free 14 -1 1392 200
free 5 -1 1552 200
free 0 -1 2120 200
alloc 31 57 432 2040 200
free 2 -1 2416 200
alloc 41 1 328 2360 200
alloc 4 566 5280 1776 200
alloc 19 10 512 1744 200
alloc 6 165 544 1560 200
free 13 -1 1728 200
alloc 24 392 1248 1312 200
alloc 23 172 2712 1120 200
alloc 42 74 160 1024 200
free 33 -1 1440 200
alloc 28 529 -1 1440 200
free 43 -1 1480 200
alloc 30 260 4424 1200 200
alloc 21 39 256 1128 200
free 16 -1 1448 200
alloc 47 353 -1 1448 200
alloc 2 549 -1 1448 200
alloc 25 375 -1 1448 200
free 4 -1 2032 200
alloc 35 98 2904 1912 200
alloc 22 49 3024 1840 200
free 45 -1 2144 200
free 8 -1 2728 200
free 23 -1 2920 200
free 42 -1 3016 200
alloc 33 227 1664 2768 200
alloc 28 176 1912 2576 200
alloc 27 365 5280 2192 200
free 46 -1 2648 200
free 21 -1 2720 200
alloc 16 352 3096 2352 200
alloc 47 4 120 2328 200
alloc 18 81 144 2224 200
free 41 -1 2280 200
free 36 -1 2800 200
free 35 -1 2920 200
free 6 -1 3104 200
alloc 45 267 2712 2792 200
free 40 -1 2952 200
free 39 -1 3072 200
alloc 26 115 248 2936 200
free 1 -1 3040 200
free 28 -1 3232 200
alloc 11 131 544 3080 200
alloc 14 325 3464 2736 200
alloc 21 61 16 2632 200
free 16 -1 3000 200
free 47 -1 3024 200
alloc 2 123 904 2864 200
alloc 25 29 696 2816 200
alloc 4 299 1912 2480 200
alloc 3 110 3096 2352 200
free 38 -1 2400 200
free 45 -1 2712 200
alloc 8 432 7368 2264 200
alloc 23 413 2592 1832 200
free 10 -1 2224 200
alloc 1 303 4704 1904 200
free 44 -1 2464 200
free 27 -1 2848 200
free 14 -1 3192 200
free 21 -1 3296 200
free 32 -1 3416 200
free 15 -1 3952 200
free 18 -1 4056 200
free 25 -1 4104 200
free 4 -1 4440 200
free 3 -1 4568 200
alloc 6 145 16 4400 200
free 29 -1 4744 200
alloc 40 569 1912 4152 200
free 7 -1 4456 200
alloc 42 110 696 4328 200
free 1 -1 4648 200
alloc 28 93 3096 4536 200
free 11 -1 4688 200
alloc 14 203 3208 4464 200
alloc 5 550 3432 3896 200
alloc 32 378 4000 3472 200
alloc 15 43 184 3408 200
free 2 -1 3568 200
alloc 41 104 544 3416 200
alloc 36 43 824 3352 200
alloc 3 76 888 3256 200
free 22 -1 3328 200
alloc 13 90 4704 3216 200
free 40 -1 3808 200
alloc 39 392 1912 3400 200
free 42 -1 3528 200
alloc 1 93 696 3400 200
alloc 44 161 2320 3216 200
alloc 27 305 4816 2888 200
alloc 46 596 5144 2272 200
free 5 -1 2840 200
alloc 16 212 3432 2608 200
free 31 -1 2688 200
alloc 34 2 432 2664 200
alloc 9 161 3664 2480 200
alloc 4 312 5760 2152 200
alloc 35 297 6088 1832 200
alloc 38 561 6408 1248 200
free 13 -1 1360 200
free 8 -1 1808 200
free 23 -1 2240 200
alloc 42 588 6992 1632 200
alloc 17 157 2504 1456 200
free 28 -1 1568 200
free 27 -1 1896 200
free 30 -1 2176 200
alloc 5 476 2680 1648 200
free 32 -1 2072 200
free 15 -1 2136 200
free 34 -1 2160 200
alloc 25 473 3848 1664 200
free 4 -1 1992 200
free 19 -1 2024 200
free 38 -1 2608 200
alloc 29 349 4344 2240 200
free 24 -1 2656 200
alloc 7 268 1200 2368 200
free 26 -1 2504 200
free 33 -1 2752 200
free 44 -1 2936 200
alloc 27 415 4712 2504 200
alloc 30 173 184 2304 200
free 37 -1 2440 200
free 16 -1 2672 200
alloc 15 140 984 2512 200
alloc 2 30 432 2464 200
free 41 -1 2616 200
alloc 4 262 1488 2336 200
free 35 -1 2656 200
alloc 38 231 5760 2408 200
alloc 13 315 6008 2072 200
alloc 40 517 6344 1536 200
free 39 -1 1944 200
alloc 10 560 1768 1368 200
free 17 -1 1544 200
alloc 28 241 2344 1280 200
free 27 -1 1712 200
free 30 -1 1912 200
alloc 21 207 3432 1680 200
alloc 0 116 184 1544 200
alloc 31 4 320 1520 200
alloc 34 95 480 1408 200
free 25 -1 1904 200
free 4 -1 2184 200
free 3 -1 2280 200
alloc 22 497 7600 1760 200
alloc 45 536 -1 1760 200
alloc 8 218 1488 1520 200
alloc 39 420 3848 1080 200
free 10 -1 1656 200
alloc 33 91 1728 1544 200
alloc 44 61 592 1440 200
alloc 27 277 1840 1144 200
free 46 -1 1760 200
alloc 37 223 4712 1520 200
free 0 -1 1656 200
free 31 -1 1680 200
free 2 -1 1728 200
alloc 25 154 184 1528 200
free 36 -1 1592 200
alloc 3 35 824 1536 200
free 6 -1 1704 200
alloc 45 507 4952 1176 200
free 8 -1 1416 200
alloc 23 218 1488 1176 200
alloc 10 174 2136 968 200
alloc 17 393 -1 968 200
free 28 -1 1232 200
alloc 11 291 2344 896 200
alloc 30 202 5480 672 200
free 21 -1 904 200
alloc 16 199 3432 672 200
free 15 -1 832 200
free 34 -1 944 200
alloc 41 242 880 680 200
alloc 36 469 -1 680 200
free 3 -1 736 200
free 22 -1 1256 200
free 45 -1 1784 200
free 40 -1 2320 200
free 39 -1 2760 200
alloc 26 594 6344 2112 200
free 33 -1 2224 200
free 44 -1 2328 200
free 11 -1 2664 200
free 14 -1 2888 200
free 37 -1 3128 200
alloc 0 169 432 2936 200
alloc 31 277 2344 2640 200
alloc 2 130 16 2472 200
free 9 -1 2656 200
alloc 20 447 3664 2192 200
alloc 35 571 4712 1600 200
alloc 22 262 7600 1320 200
free 29 -1 1688 200
alloc 40 417 4128 1248 200
alloc 39 445 -1 1248 200
free 42 -1 1856 200
alloc 33 140 3208 1696 200
alloc 28 21 624 1624 200
alloc 11 241 6992 1360 200
free 30 -1 1584 200
alloc 21 291 5304 1272 200
alloc 32 562 -1 1272 200
alloc 47 261 7256 992 200
alloc 18 62 1728 880 200
free 41 -1 1144 200
alloc 4 25 824 1096 200
free 35 -1 1688 200
free 38 -1 1936 200
free 13 -1 2272 200
alloc 8 550 4568 1704 200
alloc 39 296 872 1376 200
alloc 42 13 2640 1336 200
free 1 -1 1464 200
free 12 -1 1512 200
alloc 43 270 5616 1224 200
alloc 46 556 -1 1224 200
free 5 -1 1752 200
free 0 -1 1944 200
alloc 15 590 -1 1944 200
free 2 -1 2112 200
alloc 41 147 16 1944 200
free 20 -1 2408 200
alloc 35 209 384 2168 200
free 22 -1 2448 200
alloc 13 173 2680 2256 200
free 40 -1 2696 200
free 7 -1 2984 200
free 42 -1 3024 200
alloc 17 37 696 2968 200
alloc 12 182 1200 2768 200
free 43 -1 3056 200
alloc 46 451 3664 2584 200
alloc 37 54 752 2512 200
alloc 32 592 5616 1904 200
free 47 -1 2184 200
alloc 34 121 2872 2040 200
alloc 9 380 4136 1608 200
free 4 -1 1656 200
alloc 3 226 7256 1408 200
alloc 22 275 7504 1112 200
free 13 -1 1304 200
alloc 40 390 -1 1304 200
free 39 -1 1632 200
free 10 -1 1840 200
free 17 -1 1896 200
alloc 44 215 824 1664 200
free 27 -1 1960 200
free 46 -1 2432 200
alloc 5 367 1840 2048 200
alloc 0 277 3664 1752 200
free 31 -1 2048 200
free 34 -1 2192 200
free 41 -1 2360 200
alloc 4 182 2224 2160 200
free 3 -1 2408 200
alloc 6 381 2424 2008 200
alloc 29 264 2824 1728 200
alloc 40 413 -1 1728 200
alloc 39 481 -1 1728 200
alloc 10 384 -1 1728 200
alloc 17 387 -1 1728 200
free 44 -1 1960 200
alloc 27 218 824 1720 200
alloc 14 231 7256 1472 200
free 5 -1 1856 200
free 0 -1 2152 200
alloc 47 289 1840 1840 200
free 18 -1 1952 200
free 25 -1 2152 200
free 4 -1 2352 200
free 35 -1 2592 200
free 22 -1 2888 200
alloc 13 334 16 2536 200
alloc 24 199 368 2320 200
alloc 39 68 1064 2232 200
free 26 -1 2880 200
free 33 -1 3040 200
free 28 -1 3112 200
free 27 -1 3352 200
alloc 46 224 824 3112 200
free 21 -1 3424 200
free 16 -1 3656 200
alloc 15 354 3104 3280 200
alloc 18 97 584 3160 200
alloc 41 383 3480 2760 200
alloc 36 590 6224 2152 200
alloc 35 477 7504 1656 200
free 6 -1 2056 200
free 29 -1 2336 200
free 8 -1 2904 200
free 23 -1 3144 200
alloc 42 176 1400 2952 200
alloc 17 185 1592 2744 200
alloc 44 84 2152 2640 200
free 11 -1 2904 200
free 14 -1 3152 200
free 37 -1 3224 200
alloc 0 202 2256 3000 200
free 15 -1 3376 200
alloc 2 307 2480 3048 200
free 9 -1 3480 200
alloc 4 35 704 3424 200
free 35 -1 3920 200
alloc 22 399 2808 3504 200
alloc 29 457 3880 3024 200
free 24 -1 3240 200
free 39 -1 3328 200
free 42 -1 3520 200
alloc 33 345 4360 3152 200
free 12 -1 3352 200
alloc 11 374 1064 2960 200
alloc 30 41 368 2896 200
alloc 5 411 4728 2464 200
alloc 16 574 6832 1872 200
free 47 -1 2184 200
free 18 -1 2304 200
alloc 9 323 1800 1952 200
alloc 20 15 432 1920 200
alloc 35 491 7424 1408 200
free 22 -1 1824 200
free 13 -1 2176 200
alloc 8 559 2808 1600 200
alloc 7 275 16 1304 200
alloc 26 153 464 1128 200
alloc 1 2 312 1072 200
alloc 12 120 1456 936 200
free 11 -1 1328 200
free 30 -1 1392 200
alloc 37 592 -1 1392 200
free 32 -1 2000 200
alloc 31 240 1064 1744 200
alloc 18 46 368 1680 200
free 41 -1 2080 200
free 36 -1 2688 200
alloc 3 276 3384 2392 200
alloc 38 418 5160 1952 200
alloc 45 556 5600 1376 200
alloc 40 416 6176 944 200
alloc 23 435 -1 944 200
alloc 42 293 -1 944 200
free 17 -1 1152 200
free 44 -1 1256 200
alloc 27 241 -1 1256 200
free 46 -1 1496 200
alloc 21 478 -1 1496 200
alloc 32 441 -1 1496 200
alloc 47 328 -1 1496 200
free 2 -1 1824 200
alloc 25 414 -1 1824 200
free 4 -1 1880 200
free 3 -1 2176 200
free 38 -1 2616 200
alloc 13 477 3384 2120 200
free 40 -1 2552 200
free 7 -1 2848 200
free 26 -1 3024 200
free 1 -1 3080 200
alloc 44 208 16 2856 200
alloc 43 169 464 2664 200
alloc 30 150 656 2496 200
alloc 37 142 824 2336 200
free 16 -1 2928 200
alloc 47 435 6176 2472 200
alloc 34 585 6632 1864 200
free 9 -1 2216 200
free 20 -1 2248 200
free 35 -1 2760 200
alloc 38 48 240 2696 200
free 13 -1 3192 200
free 8 -1 3768 200
alloc 39 30 304 3704 200
alloc 42 251 1592 3432 200
free 33 -1 3800 200
free 12 -1 3936 200
alloc 11 266 1864 3648 200
alloc 46 242 1320 3376 200
free 37 -1 3536 200
alloc 32 63 824 3456 200
free 47 -1 3912 200
free 18 -1 3976 200
alloc 25 156 2480 3800 200
alloc 4 318 2656 3464 200
alloc 35 183 2992 3264 200
free 38 -1 3328 200
alloc 13 147 3192 3160 200
alloc 8 155 3360 2984 200
free 39 -1 3048 200
alloc 10 384 5160 2648 200
alloc 1 598 7240 2032 200
alloc 28 385 6176 1624 200
alloc 27 274 3536 1328 200
free 30 -1 1496 200
free 5 -1 1928 200
alloc 16 593 4360 1312 200
alloc 15 431 -1 1312 200
alloc 2 429 -1 1312 200
free 25 -1 1488 200
free 4 -1 1824 200
alloc 3 176 240 1600 200
alloc 38 358 2480 1224 200
free 29 -1 1704 200
alloc 24 359 3832 1328 200
alloc 7 2 656 1304 200
free 10 -1 1704 200
free 1 -1 2320 200
free 44 -1 2544 200
free 27 -1 2840 200
alloc 14 302 4976 2520 200
alloc 5 525 7240 1976 200
free 0 -1 2200 200
alloc 47 36 16 2144 200
free 34 -1 2752 200
alloc 9 125 72 2584 200
alloc 4 108 680 2440 200
free 3 -1 2664 200
alloc 22 96 240 2552 200
free 45 -1 3128 200
free 24 -1 3504 200
alloc 23 234 2152 3248 200
alloc 26 475 3536 2752 200
alloc 1 172 4032 2560 200
alloc 12 234 5296 2304 200
free 43 -1 2496 200
free 14 -1 2816 200
alloc 37 402 5552 2392 200
free 32 -1 2472 200
alloc 15 365 6584 2088 200
alloc 2 547 -1 2088 200
free 9 -1 2256 200
alloc 20 288 352 1952 200
free 35 -1 2152 200
free 22 -1 2264 200
alloc 45 390 7784 1856 200
alloc 24 141 72 1696 200
alloc 39 34 232 1640 200
free 42 -1 1912 200
alloc 17 588 -1 1912 200
alloc 44 547 -1 1912 200
alloc 43 552 -1 1912 200
alloc 14 452 -1 1912 200
alloc 21 472 -1 1912 200
alloc 0 313 2856 1576 200
free 15 -1 1960 200
alloc 34 212 824 1720 200
alloc 41 85 1592 1616 200
free 20 -1 1920 200
alloc 19 502 6584 1400 200
alloc 22 174 288 1208 200
alloc 29 76 480 1112 200
free 8 -1 1288 200
free 7 -1 1312 200
free 26 -1 1808 200
free 1 -1 2000 200
alloc 44 546 3360 1432 200
alloc 43 555 -1 1432 200
free 46 -1 1704 200
free 37 -1 2128 200
free 16 -1 2744 200
free 47 -1 2800 200
alloc 18 150 1320 2632 200
alloc 9 166 3928 2448 200
alloc 36 323 4112 2104 200
free 19 -1 2624 200
free 22 -1 2816 200
free 13 -1 2984 200
free 24 -1 3144 200
free 23 -1 3400 200
alloc 26 272 2152 3112 200
alloc 33 231 4456 2864 200
free 12 -1 3120 200
alloc 27 185 16 2904 200
alloc 46 516 4704 2368 200
alloc 37 267 5240 2080 200
free 0 -1 2416 200
alloc 15 22 288 2376 200
alloc 2 600 5528 1728 200
free 9 -1 1912 200
free 36 -1 2256 200
alloc 3 151 1696 2088 200
free 38 -1 2464 200
free 45 -1 2872 200
alloc 8 285 2440 2568 200
alloc 23 350 2744 2200 200
alloc 42 60 328 2120 200
alloc 17 453 3928 1648 200
alloc 12 6 408 1624 200
free 11 -1 1912 200
alloc 14 441 6584 1448 200
free 5 -1 1992 200
alloc 0 366 7048 1608 200
alloc 47 35 576 1552 200
free 18 -1 1720 200
free 41 -1 1824 200
alloc 20 20 432 1776 200
alloc 19 327 1320 1400 200
alloc 6 502 7432 880 200
free 29 -1 976 200
alloc 40 166 1864 792 200
alloc 7 244 -1 792 200
free 42 -1 872 200
free 33 -1 1120 200
free 28 -1 1528 200
alloc 11 490 -1 1528 200
free 14 -1 1992 200
alloc 21 260 4400 1688 200
alloc 32 567 6176 1104 200
free 31 -1 1360 200
alloc 18 267 6760 1072 200
alloc 25 372 -1 1072 200
free 20 -1 1120 200
free 3 -1 1288 200
alloc 38 575 -1 1288 200
alloc 45 93 432 1144 200
free 8 -1 1448 200
free 23 -1 1816 200
alloc 42 82 1064 1712 200
alloc 33 384 2440 1312 200
free 44 -1 1880 200
alloc 43 519 2840 1344 200
free 46 -1 1880 200
free 21 -1 2184 200
free 32 -1 2768 200
free 15 -1 2808 200
free 18 -1 3096 200
alloc 9 66 288 2976 200
alloc 20 554 4400 2400 200
free 19 -1 2776 200
alloc 38 310 1168 2448 200
alloc 29 259 1496 2168 200
free 40 -1 2352 200
alloc 7 578 6176 1752 200
alloc 10 535 3376 1200 200
free 17 -1 1672 200
alloc 28 448 3928 1200 200
free 43 -1 1736 200
alloc 14 30 632 1688 200
alloc 5 141 1776 1528 200
free 0 -1 1912 200
alloc 31 535 6776 1360 200
free 34 -1 1600 200
free 9 -1 1720 200
free 4 -1 1864 200
alloc 3 123 680 1720 200
alloc 22 504 2840 1184 200
free 45 -1 1328 200
alloc 40 387 -1 1328 200
free 7 -1 1928 200
free 26 -1 2216 200
alloc 1 324 1936 1872 200
free 28 -1 2344 200
free 27 -1 2560 200
alloc 46 303 3928 2240 200
free 5 -1 2400 200
alloc 0 530 6176 1848 200
free 31 -1 2400 200
alloc 18 440 6728 1944 200
alloc 41 82 16 1840 200
alloc 4 379 -1 1840 200
alloc 35 272 -1 1840 200
free 6 -1 2360 200
alloc 13 76 120 2248 200
alloc 24 365 7184 1864 200
alloc 23 317 7568 1528 200
free 10 -1 2080 200
free 1 -1 2424 200
alloc 44 491 1776 1912 200
alloc 43 584 -1 1912 200
free 14 -1 1960 200
alloc 5 283 3376 1656 200
alloc 32 123 432 1512 200
free 47 -1 1568 200
free 2 -1 2216 200
alloc 25 128 824 2072 200
alloc 4 410 5528 1640 200
alloc 19 22 288 1600 200
alloc 6 137 3680 1440 200
alloc 45 25 328 1360 200
alloc 40 193 4976 1144 200
free 23 -1 1480 200
alloc 10 60 576 1376 200
alloc 1 82 2288 1272 200
free 12 -1 1296 200
alloc 11 593 7568 672 200
free 46 -1 992 200
free 5 -1 1296 200
free 0 -1 1848 200
alloc 31 192 3376 1640 200
alloc 2 433 3840 1184 200
alloc 9 54 968 1088 200
alloc 36 483 5960 584 200
free 19 -1 624 200
free 6 -1 784 200
free 13 -1 896 200
alloc 8 438 -1 896 200
alloc 7 534 -1 896 200
alloc 26 200 3584 680 200
free 1 -1 784 200
free 44 -1 1296 200
alloc 43 414 1776 864 200
alloc 14 98 2208 744 200
free 37 -1 1032 200
free 32 -1 1176 200
alloc 15 78 120 1064 200
alloc 34 202 5192 840 200
free 9 -1 936 200
free 4 -1 1368 200
free 3 -1 1512 200
free 22 -1 2048 200
free 29 -1 2328 200
free 40 -1 2544 200
alloc 7 153 1496 2368 200
free 10 -1 2472 200
alloc 1 216 408 2240 200
alloc 44 216 2840 2008 200
free 43 -1 2440 200
free 14 -1 2560 200
alloc 37 198 1672 2344 200
alloc 0 6 288 2304 200
alloc 47 419 1888 1864 200
free 18 -1 2320 200
alloc 9 388 5416 1912 200
free 20 -1 2488 200
alloc 35 284 3072 2184 200
free 38 -1 2512 200
alloc 13 504 4296 1992 200
free 24 -1 2376 200
free 39 -1 2432 200
alloc 10 233 1168 2176 200
alloc 17 576 6464 1584 200
free 44 -1 1816 200
alloc 43 308 4816 1488 200
alloc 14 536 -1 1488 200
alloc 21 36 232 1432 200
free 0 -1 1472 200
free 31 -1 1680 200
free 2 -1 2136 200
free 25 -1 2280 200
alloc 20 323 640 1936 200
alloc 19 578 -1 1936 200
alloc 22 74 2328 1824 200
free 45 -1 1904 200
alloc 40 301 3800 1584 200
alloc 39 209 2840 1352 200
free 26 -1 1568 200
free 33 -1 1968 200
alloc 28 497 -1 1968 200
free 11 -1 2592 200
alloc 46 169 2440 2400 200
alloc 5 18 288 2360 200
alloc 32 390 3376 1936 200
free 47 -1 2376 200
alloc 18 530 7056 1824 200
free 9 -1 2232 200
free 36 -1 2736 200
free 35 -1 3040 200
alloc 38 350 1888 2672 200
free 13 -1 3192 200
free 40 -1 3512 200
alloc 23 583 3800 2912 200
free 42 -1 3016 200
free 1 -1 3248 200
alloc 12 563 5416 2664 200
alloc 11 304 4400 2344 200
alloc 30 227 328 2096 200
free 21 -1 2152 200
alloc 16 208 3072 1928 200
free 15 -1 2040 200
alloc 2 68 120 1952 200
alloc 25 594 -1 1952 200
alloc 4 596 -1 1952 200
alloc 35 333 6000 1600 200
alloc 6 67 984 1512 200
alloc 29 62 208 1432 200
alloc 24 406 7608 1008 200
free 39 -1 1240 200
alloc 26 395 2632 800 200
alloc 33 382 -1 800 200
free 12 -1 1384 200
free 11 -1 1704 200
free 46 -1 1896 200
free 5 -1 1936 200
free 16 -1 2160 200
alloc 31 338 4400 1800 200
free 2 -1 1888 200
free 41 -1 1992 200
alloc 4 171 16 1800 200
free 35 -1 2152 200
free 6 -1 2240 200
free 29 -1 2320 200
alloc 40 322 5416 1976 200
free 7 -1 2152 200
alloc 42 495 5760 1640 200
alloc 1 183 1424 1440 200
alloc 28 382 -1 1440 200
alloc 11 182 3072 1240 200
alloc 46 518 -1 1240 200
free 37 -1 1456 200
alloc 16 374 -1 1456 200
alloc 47 58 208 1376 200
free 34 -1 1600 200
alloc 25 256 5144 1328 200
free 20 -1 1672 200
alloc 19 270 576 1384 200
free 38 -1 1752 200
alloc 29 164 864 1568 200
free 24 -1 1992 200
alloc 7 155 1624 1816 200
free 42 -1 2328 200
free 1 -1 2528 200
alloc 12 40 1048 2472 200
free 11 -1 2672 200
alloc 14 587 5760 2064 200
alloc 37 184 1424 1864 200
alloc 16 445 1800 1400 200
free 47 -1 1480 200
alloc 2 353 7608 1104 200
free 25 -1 1376 200
free 4 -1 1568 200
alloc 35 542 -1 1568 200
alloc 6 152 16 1400 200
alloc 45 156 2440 1208 200
alloc 8 142 3072 1048 200
free 7 -1 1224 200
free 10 -1 1480 200
alloc 1 53 184 1408 200
free 12 -1 1464 200
free 43 -1 1792 200
free 14 -1 2400 200
free 37 -1 2600 200
free 16 -1 3064 200
alloc 47 304 1048 2744 200
free 2 -1 3120 200
alloc 9 497 1368 2600 200
alloc 20 293 1888 2288 200
alloc 35 305 4760 1960 200
alloc 38 257 5088 1680 200
free 29 -1 1864 200
free 8 -1 2024 200
alloc 39 11 256 1992 200
alloc 10 482 5760 1488 200
alloc 33 298 7608 1168 200
alloc 12 398 -1 1168 200
alloc 43 441 -1 1168 200
alloc 14 505 -1 1168 200
alloc 37 414 -1 1168 200
alloc 16 219 3072 928 200
free 31 -1 1288 200
alloc 2 327 4400 928 200
free 9 -1 1448 200
alloc 36 441 1368 984 200
free 35 -1 1312 200
free 22 -1 1424 200
free 45 -1 1616 200
alloc 8 324 2200 1272 200
free 39 -1 1304 200
free 10 -1 1808 200
free 33 -1 2128 200
alloc 12 149 864 1944 200
alloc 27 519 5760 1408 200
free 30 -1 1656 200
alloc 21 140 256 1496 200
free 16 -1 1736 200
free 47 -1 2056 200
free 18 -1 2608 200
alloc 9 359 7056 2232 200
free 36 -1 2696 200
alloc 35 343 1048 2336 200
free 38 -1 2616 200
alloc 13 75 416 2520 200
alloc 24 256 1408 2248 200
alloc 39 393 4760 1832 200
alloc 10 240 3072 1576 200
free 17 -1 2168 200
alloc 28 41 512 2104 200
alloc 11 453 6296 1632 200
alloc 30 228 6768 1384 200
alloc 5 146 1680 1216 200
alloc 16 321 7432 872 200
alloc 31 356 7776 496 200
alloc 18 594 -1 496 200
alloc 41 204 5176 256 200
free 20 -1 568 200
free 35 -1 928 200
alloc 38 390 -1 928 200
alloc 45 184 1048 728 200
free 24 -1 1000 200
alloc 7 490 -1 1000 200
free 26 -1 1440 200
alloc 17 590 -1 1440 200
alloc 44 541 -1 1440 200
alloc 43 90 1248 1328 200
alloc 46 256 1360 1056 200
free 21 -1 1216 200
alloc 0 227 1848 968 200
alloc 15 98 256 848 200
alloc 18 33 2096 792 200
free 41 -1 1032 200
alloc 4 580 -1 1032 200
alloc 35 389 2544 624 200
alloc 38 253 -1 624 200
free 45 -1 824 200
free 8 -1 1168 200
free 23 -1 1768 200
alloc 26 491 3800 1256 200
free 1 -1 1328 200
alloc 44 548 -1 1328 200
free 27 -1 1864 200
alloc 14 557 -1 1864 200
alloc 37 42 184 1792 200
free 16 -1 2136 200
free 31 -1 2512 200
free 18 -1 2568 200
alloc 41 282 2096 2264 200
alloc 20 128 1048 2120 200
free 19 -1 2408 200
alloc 22 231 576 2160 200
free 13 -1 2256 200
alloc 24 101 376 2120 200
free 39 -1 2536 200
alloc 42 215 4760 2304 200
alloc 17 332 4992 1952 200
alloc 44 275 5760 1656 200
free 43 -1 1768 200
free 46 -1 2040 200
free 5 -1 2208 200
alloc 16 118 1192 2072 200
free 15 -1 2192 200
alloc 34 12 256 2160 200
free 41 -1 2464 200
alloc 4 282 1328 2160 200
alloc 19 550 7432 1592 200
free 22 -1 1840 200
alloc 45 137 576 1680 200
free 24 -1 1816 200
alloc 7 19 288 1776 200
free 42 -1 2008 200
alloc 1 2 328 1984 200
free 12 -1 2168 200
free 11 -1 2640 200
alloc 14 251 736 2368 200
alloc 21 595 6056 1752 200
free 32 -1 2176 200
alloc 31 304 2096 1856 200
alloc 18 454 3328 1384 200
alloc 41 368 -1 1384 200
free 20 -1 1528 200
alloc 3 588 -1 1528 200
alloc 38 530 -1 1528 200
alloc 29 351 -1 1528 200
alloc 8 94 352 1416 200
free 7 -1 1456 200
free 10 -1 1712 200
free 1 -1 1736 200
free 44 -1 2032 200
alloc 11 516 -1 2032 200
free 30 -1 2280 200
free 37 -1 2352 200
alloc 32 385 -1 2352 200
free 31 -1 2672 200
free 2 -1 3032 200
alloc 25 86 1008 2928 200
alloc 36 58 1112 2848 200
free 19 -1 3416 200
alloc 22 332 2096 3064 200
alloc 13 253 2952 2792 200
free 40 -1 3136 200
alloc 7 41 184 3064 200
alloc 42 556 4312 2488 200
free 17 -1 2840 200
free 28 -1 2904 200
alloc 27 580 4888 2304 200
alloc 46 459 5488 1824 200
free 21 -1 2440 200
free 0 -1 2688 200
alloc 47 371 1632 2296 200
free 18 -1 2768 200
alloc 41 22 288 2704 200
free 4 -1 3008 200
free 35 -1 3416 200
free 22 -1 3768 200
free 13 -1 4040 200
alloc 24 529 2024 3488 200
alloc 23 217 1328 3248 200
alloc 10 457 2576 2768 200
alloc 17 328 3056 2424 200
alloc 28 362 3400 2024 200
alloc 43 4 464 2000 200
alloc 30 437 5968 1544 200
alloc 5 167 6424 1360 200
free 16 -1 1496 200
free 47 -1 1888 200
free 34 -1 1920 200
free 25 -1 2024 200
alloc 20 19 488 1984 200
alloc 3 93 1192 1848 200
free 6 -1 2016 200
alloc 29 600 7432 1400 200
free 24 -1 1952 200
free 23 -1 2192 200
free 26 -1 2704 200
alloc 33 560 1328 2128 200
free 28 -1 2528 200
alloc 11 421 1904 2088 200
free 46 -1 2568 200
free 5 -1 2752 200
alloc 32 334 3400 2400 200
alloc 47 57 16 2320 200
alloc 34 383 3752 1920 200
alloc 25 111 2344 1792 200
free 36 -1 1872 200
alloc 19 477 6424 1376 200
alloc 22 457 5488 896 200
alloc 13 582 -1 896 200
free 8 -1 1008 200
alloc 39 284 -1 1008 200
free 10 -1 1488 200
alloc 1 201 2472 1264 200
alloc 44 69 96 1176 200
free 43 -1 1200 200
free 30 -1 1656 200
alloc 37 191 2696 1448 200
alloc 0 475 -1 1448 200
alloc 15 234 5968 1192 200
alloc 2 84 352 1056 200
free 25 -1 1184 200
alloc 4 524 -1 1184 200
alloc 35 309 -1 1184 200
alloc 38 133 1008 1000 200
free 45 -1 1160 200
alloc 24 494 -1 1160 200
alloc 39 127 528 1016 200
alloc 10 518 -1 1016 200
free 1 -1 1240 200
free 44 -1 1328 200
alloc 43 533 -1 1328 200
alloc 30 74 2344 1232 200
alloc 21 405 -1 1232 200
alloc 16 559 -1 1232 200
free 47 -1 1312 200
free 2 -1 1448 200
free 9 -1 1824 200
alloc 4 115 16 1656 200
free 19 -1 2152 200
free 38 -1 2336 200
free 29 -1 2952 200
alloc 40 362 6224 2568 200
free 39 -1 2712 200
alloc 10 445 6608 2248 200
free 17 -1 2592 200
alloc 12 201 2440 2336 200
free 27 -1 2936 200
free 30 -1 3032 200
alloc 21 104 352 2896 200
alloc 0 209 2904 2664 200
alloc 31 469 4888 2176 200
alloc 2 306 7072 1848 200
alloc 25 280 7400 1552 200
alloc 36 524 -1 1552 200
free 3 -1 1688 200
free 22 -1 2168 200
alloc 29 76 528 2072 200
alloc 8 575 5376 1480 200
alloc 23 136 1008 1328 200
free 42 -1 1904 200
free 33 -1 2480 200
free 12 -1 2736 200
free 11 -1 3176 200
alloc 30 208 1160 2952 200
free 21 -1 3088 200
free 32 -1 3440 200
free 31 -1 3928 200
free 2 -1 4256 200
free 25 -1 4552 200
alloc 36 459 1384 4072 200
alloc 3 300 1864 3752 200
alloc 6 592 3136 3136 200
free 29 -1 3232 200
free 40 -1 3616 200
free 23 -1 3768 200
alloc 42 85 352 3632 200
alloc 33 591 4152 3024 200
alloc 28 308 2184 2696 200
alloc 43 182 528 2488 200
alloc 46 196 4760 2272 200
alloc 5 249 4976 2000 200
alloc 16 372 7072 1608 200
free 15 -1 1864 200
free 34 -1 2264 200
alloc 9 129 1008 2112 200
free 4 -1 2280 200
alloc 19 364 3752 1880 200
alloc 22 292 5968 1568 200
alloc 45 463 7464 1088 200
free 8 -1 1680 200
alloc 39 355 5248 1304 200
free 10 -1 1768 200
alloc 1 336 6280 1416 200
alloc 12 270 5624 1128 200
alloc 27 404 6632 688 200
free 30 -1 912 200
free 37 -1 1120 200
free 16 -1 1512 200
alloc 31 526 -1 1512 200
alloc 2 23 16 1472 200
alloc 25 241 2512 1208 200
free 36 -1 1688 200
free 3 -1 2008 200
free 6 -1 2624 200
alloc 29 557 1160 2048 200
alloc 24 233 1736 1792 200
alloc 23 265 3136 1504 200
alloc 10 425 -1 1504 200
free 33 -1 2112 200
alloc 44 463 4152 1632 200
alloc 11 162 1992 1440 200
alloc 30 293 3424 1112 200
alloc 21 540 -1 1112 200
free 0 -1 1344 200
alloc 31 553 -1 1344 200
free 2 -1 1384 200
free 41 -1 1448 200
alloc 4 126 16 1280 200
alloc 35 559 -1 1280 200
alloc 6 581 -1 1280 200
free 45 -1 1760 200
alloc 40 45 256 1664 200
free 7 -1 1736 200
free 42 -1 1872 200
alloc 17 211 2776 1640 200
free 28 -1 1968 200
free 43 -1 2176 200
free 14 -1 2448 200
alloc 21 79 352 2352 200
alloc 0 556 7072 1776 200
alloc 47 97 528 1656 200
alloc 34 71 648 1568 200
free 25 -1 1832 200
alloc 36 463 2184 1352 200
alloc 3 392 7648 944 200
free 22 -1 1256 200
alloc 13 158 736 1080 200
free 24 -1 1336 200
free 39 -1 1712 200
alloc 42 465 -1 1712 200
alloc 33 467 -1 1712 200
alloc 28 32 184 1640 200
free 11 -1 1832 200
free 46 -1 2048 200
free 5 -1 2320 200
alloc 16 120 1736 2184 200
alloc 31 303 4632 1864 200
alloc 2 36 912 1808 200
alloc 41 199 1872 1592 200
free 20 -1 1632 200
alloc 35 597 4952 1016 200
alloc 6 91 2664 904 200
free 29 -1 1480 200
free 40 -1 1576 200
free 23 -1 1864 200
alloc 42 112 1160 1736 200
free 17 -1 1968 200
free 12 -1 2256 200
free 27 -1 2696 200
alloc 46 335 1288 2344 200
alloc 5 144 2776 2184 200
free 0 -1 2760 200
free 31 -1 3080 200
free 34 -1 3168 200
free 9 -1 3320 200
alloc 20 224 2936 3080 200
free 35 -1 3696 200
alloc 38 476 4632 3200 200
free 13 -1 3376 200
alloc 8 224 648 3112 200
alloc 39 178 3176 2912 200
alloc 26 578 5128 2312 200
alloc 17 372 5728 1920 200
alloc 12 329 6632 1568 200
alloc 11 334 6984 1216 200
free 30 -1 1544 200
free 5 -1 1704 200
alloc 32 299 3376 1384 200
alloc 31 21 256 1344 200
free 2 -1 1400 200
alloc 25 16 296 1344 200
free 20 -1 1584 200
free 3 -1 1992 200
alloc 22 422 7336 1552 200
alloc 13 455 -1 1552 200
alloc 24 20 448 1512 200
free 39 -1 1712 200
free 42 -1 1840 200
free 17 -1 2232 200
free 28 -1 2304 200
free 11 -1 2656 200
alloc 30 64 912 2576 200
alloc 5 166 992 2392 200
free 32 -1 2712 200
alloc 15 11 184 2680 200
alloc 2 209 2776 2448 200
alloc 9 374 3008 2056 200
free 4 -1 2224 200
free 19 -1 2624 200
free 38 -1 3120 200
alloc 29 375 3400 2728 200
free 24 -1 2768 200
alloc 23 235 3792 2512 200
alloc 42 357 4632 2136 200
free 1 -1 2488 200
free 12 -1 2840 200
alloc 27 465 5728 2352 200
free 30 -1 2432 200
free 21 -1 2528 200
alloc 0 183 6216 2328 200
free 15 -1 2360 200
alloc 34 130 16 2208 200
free 25 -1 2264 200
free 36 -1 2744 200
alloc 35 257 2088 2464 200
free 22 -1 2904 200
alloc 45 71 168 2816 200
alloc 24 282 6416 2512 200
alloc 7 585 6720 1904 200
free 42 -1 2280 200
alloc 1 488 7328 1776 200
free 44 -1 2256 200
alloc 11 583 4048 1656 200
free 46 -1 2008 200
alloc 37 558 -1 2008 200
alloc 32 232 1176 1760 200
alloc 15 97 296 1640 200
alloc 18 196 1424 1424 200
alloc 25 97 2368 1304 200
alloc 20 572 -1 1304 200
alloc 3 554 -1 1304 200
alloc 22 491 -1 1304 200
free 29 -1 1696 200
alloc 40 238 3400 1440 200
free 7 -1 2048 200
free 26 -1 2648 200
alloc 33 77 416 2536 200
alloc 28 482 4648 2032 200
alloc 43 588 6720 1424 200
alloc 30 45 912 1344 200
free 5 -1 1528 200
free 0 -1 1728 200
free 15 -1 1848 200
free 34 -1 2000 200
free 9 -1 2392 200
alloc 20 347 3008 2000 200
free 35 -1 2280 200
alloc 22 194 2088 2064 200
alloc 13 347 5152 1696 200
free 40 -1 1952 200
free 23 -1 2208 200
alloc 26 421 3400 1768 200
free 33 -1 1880 200
alloc 12 420 -1 1880 200
free 43 -1 2488 200
alloc 14 455 6720 2016 200
alloc 37 132 16 1864 200
free 32 -1 2112 200
free 47 -1 2232 200
alloc 34 87 296 2128 200
free 41 -1 2344 200
alloc 4 101 400 2224 200
alloc 3 8 520 2200 200
alloc 38 62 544 2096 200
free 45 -1 2184 200
alloc 40 92 992 2072 200
alloc 39 596 -1 2072 200
alloc 10 103 1104 1952 200
alloc 33 403 -1 1952 200
free 28 -1 2456 200
alloc 43 562 -1 2456 200
alloc 46 472 4648 1952 200
free 37 -1 2104 200
alloc 0 131 16 1952 200
alloc 47 484 -1 1952 200
free 34 -1 2056 200
alloc 9 565 -1 2056 200
alloc 36 462 -1 2056 200
alloc 19 72 168 1968 200
free 22 -1 2184 200
free 13 -1 2552 200
free 40 -1 2664 200
alloc 7 101 1224 2544 200
alloc 42 112 1872 2416 200
free 1 -1 2920 200
alloc 28 271 2000 2632 200
alloc 43 557 5152 2056 200
free 14 -1 2528 200
alloc 37 154 2488 2352 200
free 16 -1 2488 200
free 31 -1 2528 200
free 2 -1 2760 200
alloc 9 536 6720 2208 200
free 4 -1 2328 200
free 19 -1 2416 200
alloc 22 167 168 2232 200
alloc 45 206 1640 2000 200
alloc 40 2 352 1976 200
alloc 23 501 7272 1456 200
free 26 -1 1896 200
alloc 33 89 376 1752 200
alloc 12 345 3400 1384 200
free 43 -1 1960 200
alloc 14 348 5152 1592 200
free 37 -1 1768 200
alloc 32 43 992 1704 200
alloc 47 90 2488 1592 200
alloc 2 170 2776 1400 200
free 9 -1 1952 200
alloc 4 330 6720 1600 200
alloc 19 454 -1 1600 200
free 6 -1 1712 200
free 45 -1 1944 200
free 40 -1 1968 200
free 7 -1 2088 200
alloc 26 81 1224 1984 200
free 33 -1 2128 200
free 12 -1 2496 200
alloc 43 547 3400 1928 200
free 46 -1 2432 200
alloc 21 59 352 2352 200
free 0 -1 2504 200
free 47 -1 2616 200
free 2 -1 2808 200
free 25 -1 2928 200
free 4 -1 3280 200
free 3 -1 3304 200
free 22 -1 3488 200
alloc 29 95 16 3376 200
alloc 40 40 128 3320 200
alloc 39 64 184 3240 200
free 10 -1 3360 200
alloc 33 95 432 3248 200
alloc 12 375 2288 2856 200
free 27 -1 3344 200
free 14 -1 3712 200
alloc 5 297 2680 3384 200
alloc 0 71 264 3296 200
alloc 47 472 4648 2808 200
alloc 34 242 5136 2544 200
alloc 41 539 5400 1984 200
alloc 4 576 -1 1984 200
alloc 3 247 5960 1720 200
alloc 6 231 6720 1472 200
alloc 45 407 -1 1472 200
free 8 -1 1736 200
free 23 -1 2256 200
free 26 -1 2360 200
alloc 17 13 648 2328 200
free 28 -1 2616 200
free 11 -1 3216 200
alloc 46 219 1056 2976 200
alloc 37 422 3968 2536 200
free 32 -1 2600 200
alloc 15 105 680 2472 200
free 18 -1 2688 200
free 41 -1 3248 200
alloc 4 367 1296 2864 200
free 3 -1 3128 200
free 6 -1 3376 200
alloc 45 154 1680 3184 200
free 24 -1 3488 200
free 39 -1 3568 200
alloc 26 558 5400 2992 200
alloc 1 531 5976 2440 200
alloc 28 474 6528 1944 200
free 43 -1 2512 200
free 30 -1 2592 200
free 37 -1 3032 200
alloc 16 178 808 2832 200
free 47 -1 3320 200
alloc 18 115 2000 3184 200
alloc 25 404 3400 2760 200
free 20 -1 3152 200
alloc 3 261 3008 2872 200
free 38 -1 2976 200
alloc 13 59 184 2896 200
alloc 8 11 544 2864 200
alloc 23 380 3824 2464 200
free 42 -1 2592 200
free 33 -1 2704 200
free 28 -1 3200 200
alloc 27 122 2136 3048 200
alloc 14 479 4224 2552 200
alloc 37 332 4720 2200 200
free 16 -1 2400 200
free 15 -1 2528 200
free 34 -1 2792 200
alloc 9 338 680 2416 200
alloc 36 47 432 2352 200
alloc 35 186 5072 2144 200
alloc 6 140 6528 1984 200
free 29 -1 2096 200
free 8 -1 2128 200
alloc 39 372 6688 1736 200
free 26 -1 2312 200
free 1 -1 2864 200
free 12 -1 3256 200
free 27 -1 3408 200
alloc 30 595 5280 2792 200
free 37 -1 3144 200
free 0 -1 3232 200
alloc 15 586 5896 2600 200
free 18 -1 2736 200
free 9 -1 3112 200
alloc 20 185 680 2904 200
alloc 19 552 1872 2336 200
alloc 38 485 7080 1832 200
alloc 29 542 7584 1272 200
alloc 8 161 2440 1088 200
alloc 7 125 496 936 200
alloc 26 155 4720 760 200
free 17 -1 792 200
alloc 28 103 888 672 200
alloc 27 592 -1 672 200
free 30 -1 1288 200
free 21 -1 1368 200
alloc 16 399 5280 952 200
alloc 47 455 -1 952 200
alloc 18 32 16 904 200
alloc 9 272 -1 904 200
free 36 -1 968 200
free 19 -1 1536 200
alloc 22 367 1872 1152 200
free 29 -1 1712 200
alloc 24 245 7584 1448 200
free 7 -1 1600 200
alloc 42 191 264 1392 200
alloc 1 375 -1 1392 200
alloc 12 49 472 1320 200
alloc 43 568 -1 1320 200
free 14 -1 1816 200
alloc 21 440 4224 1360 200
free 16 -1 1776 200
free 15 -1 2408 200
alloc 34 572 5280 1816 200
free 25 -1 2240 200
alloc 36 220 3288 2000 200
alloc 19 334 5872 1648 200
free 38 -1 2152 200
free 45 -1 2344 200
free 24 -1 2608 200
free 23 -1 3008 200
alloc 10 260 3528 2728 200
alloc 17 127 1680 2584 200
alloc 44 410 7080 2152 200
alloc 27 166 2256 1968 200
free 46 -1 2208 200
free 5 -1 2536 200
alloc 32 538 7512 1976 200
alloc 15 203 1008 1752 200
free 18 -1 1800 200
alloc 41 232 2624 1552 200
free 20 -1 1760 200
free 35 -1 1968 200
alloc 38 338 3808 1608 200
alloc 45 500 -1 1608 200
free 40 -1 1664 200
alloc 7 534 -1 1664 200
free 42 -1 1872 200
free 17 -1 2016 200
free 28 -1 2136 200
free 27 -1 2320 200
alloc 46 4 16 2296 200
alloc 5 369 544 1904 200
free 32 -1 2464 200
free 15 -1 2688 200
alloc 2 224 936 2448 200
alloc 9 377 7512 2048 200
alloc 20 293 4896 1736 200
free 3 -1 2016 200
free 38 -1 2376 200
alloc 45 31 40 2328 200
alloc 40 39 88 2272 200
alloc 7 505 -1 2272 200
alloc 42 492 -1 2272 200
alloc 17 453 -1 2272 200
alloc 28 435 -1 2272 200
alloc 27 76 264 2176 200
alloc 30 398 2872 1760 200
alloc 37 358 3808 1384 200
alloc 0 510 -1 1384 200
alloc 15 1 144 1344 200
alloc 18 172 1680 1152 200
free 9 -1 1552 200
free 36 -1 1792 200
free 19 -1 2144 200
free 6 -1 2304 200
free 13 -1 2384 200
free 40 -1 2440 200
alloc 7 588 5872 1832 200
free 10 -1 2112 200
alloc 33 101 1176 1992 200
free 12 -1 2064 200
free 27 -1 2160 200
free 46 -1 2184 200
free 5 -1 2576 200
alloc 32 223 184 2336 200
free 15 -1 2376 200
free 34 -1 2968 200
alloc 9 55 88 2872 200
free 4 -1 3256 200
alloc 3 133 424 3104 200
free 22 -1 3488 200
alloc 29 352 1296 3104 200
free 8 -1 3288 200
free 7 -1 3896 200
free 26 -1 4072 200
free 33 -1 4192 200
alloc 12 84 576 4088 200
alloc 27 98 680 3968 200
free 30 -1 4384 200
alloc 5 146 1872 4216 200
free 32 -1 4456 200
alloc 31 524 2040 3912 200
alloc 34 111 184 3784 200
free 9 -1 3880 200
alloc 36 167 2872 3696 200
alloc 19 589 3056 3088 200
alloc 38 350 5208 2720 200
alloc 13 126 3664 2576 200
alloc 40 52 88 2480 200
alloc 23 239 5576 2224 200
alloc 10 15 312 2192 200
alloc 1 137 4680 2032 200
free 12 -1 2136 200
alloc 11 32 344 2056 200
alloc 30 275 5832 1760 200
free 5 -1 1928 200
alloc 0 3 16 1904 200
free 31 -1 2448 200
free 34 -1 2576 200
alloc 9 277 1872 2280 200
alloc 4 524 6128 1720 200
alloc 35 141 2168 1560 200
alloc 22 376 7512 1168 200
free 13 -1 1312 200
alloc 24 510 -1 1312 200
free 23 -1 1568 200
alloc 26 363 -1 1568 200
free 1 -1 1728 200
free 44 -1 2160 200
free 27 -1 2280 200
alloc 46 375 7080 1888 200
free 37 -1 2264 200
alloc 32 460 3664 1784 200
alloc 31 354 -1 1784 200
free 2 -1 2024 200
free 41 -1 2272 200
free 20 -1 2584 200
free 19 -1 3192 200
alloc 6 18 184 3152 200
free 45 -1 3200 200
alloc 8 184 576 3000 200
alloc 7 360 776 2624 200
alloc 26 146 2328 2456 200
alloc 1 127 1152 2312 200
alloc 12 441 3056 1848 200
alloc 43 8 40 1800 200
free 46 -1 2192 200
alloc 37 133 2496 2040 200
free 0 -1 2064 200
alloc 47 42 224 1976 200
free 18 -1 2168 200
free 9 -1 2464 200
free 4 -1 3024 200
free 35 -1 3184 200
free 22 -1 3576 200
alloc 13 23 1680 3536 200
free 8 -1 3736 200
alloc 23 208 1720 3512 200
free 10 -1 3544 200
free 1 -1 3688 200
free 12 -1 4152 200
free 11 -1 4232 200
alloc 14 275 1944 3936 200
alloc 5 510 3056 3408 200
free 32 -1 3888 200
alloc 15 11 312 3856 200
alloc 18 342 3584 3496 200
alloc 9 422 4680 3056 200
alloc 4 321 6128 2712 200
free 3 -1 2864 200
free 38 -1 3232 200
free 13 -1 3272 200
alloc 8 86 344 3168 200
free 7 -1 3544 200
free 26 -1 3712 200
alloc 17 42 448 3648 200
alloc 28 436 512 3192 200
free 43 -1 3240 200
alloc 46 20 16 3168 200
free 37 -1 3320 200
alloc 16 492 2240 2808 200
free 47 -1 2896 200
alloc 2 376 5120 2504 200
alloc 41 91 968 2392 200
alloc 20 437 7080 1936 200
alloc 3 359 7536 1560 200
free 6 -1 1600 200
alloc 13 389 -1 1600 200
free 8 -1 1704 200
free 23 -1 1928 200
alloc 42 372 -1 1928 200
alloc 33 578 -1 1928 200
free 28 -1 2384 200
alloc 43 385 512 1976 200
free 14 -1 2272 200
alloc 37 318 1680 1936 200
free 16 -1 2448 200
free 15 -1 2480 200
free 2 -1 2872 200
alloc 25 121 184 2728 200
free 20 -1 3184 200
alloc 19 375 2016 2792 200
alloc 38 408 2408 2368 200
alloc 13 480 5120 1872 200
free 40 -1 1968 200
alloc 23 81 328 1848 200
alloc 26 166 1080 1632 200
free 17 -1 1696 200
alloc 28 522 -1 1696 200
alloc 11 482 -1 1696 200
free 46 -1 1768 200
free 21 -1 2224 200
alloc 0 13 16 2192 200
alloc 47 438 3944 1736 200
free 18 -1 2096 200
free 41 -1 2208 200
alloc 20 427 7080 1752 200
alloc 35 567 -1 1752 200
alloc 6 53 48 1680 200
free 29 -1 2064 200
alloc 40 493 -1 2064 200
free 39 -1 2456 200
alloc 42 162 1296 2272 200
alloc 33 536 6472 1720 200
alloc 12 44 120 1656 200
free 43 -1 2064 200
alloc 46 9 448 2032 200
free 5 -1 2560 200
alloc 32 126 480 2416 200
free 47 -1 2872 200
alloc 2 237 624 2616 200
free 25 -1 2760 200
free 36 -1 2944 200
free 19 -1 3336 200
free 6 -1 3408 200
free 13 -1 3904 200
alloc 8 402 2832 3480 200
alloc 39 68 184 3392 200
free 26 -1 3608 200
alloc 17 246 880 3344 200
alloc 28 600 3256 2728 200
alloc 43 498 3872 2208 200
free 30 -1 2504 200
alloc 5 237 2016 2248 200
free 32 -1 2392 200
alloc 31 151 1480 2192 200
alloc 34 286 5120 1888 200
free 9 -1 2328 200
free 4 -1 2672 200
free 3 -1 3048 200
free 38 -1 3472 200
alloc 13 297 2272 3152 200
free 8 -1 3576 200
free 39 -1 3664 200
free 42 -1 3848 200
free 17 -1 4112 200
free 12 -1 4176 200
alloc 27 392 880 3768 200
alloc 30 434 2592 3312 200
free 5 -1 3568 200
alloc 16 463 4392 3088 200
free 31 -1 3288 200
free 2 -1 3544 200
alloc 41 42 48 3480 200
alloc 36 77 112 3384 200
alloc 19 83 208 3264 200
alloc 38 116 480 3128 200
alloc 45 142 616 2968 200
alloc 24 21 776 2928 200
alloc 7 240 1288 2672 200
alloc 42 239 2016 2416 200
free 33 -1 2968 200
free 28 -1 3584 200
free 27 -1 3992 200
free 46 -1 4024 200
free 37 -1 4360 200
free 0 -1 4392 200
alloc 47 26 816 4344 200
alloc 2 570 3048 3752 200
alloc 25 320 864 3416 200
free 20 -1 3872 200
free 19 -1 3992 200
alloc 6 529 5424 3440 200
free 13 -1 3760 200
alloc 40 521 5976 3216 200
free 23 -1 3336 200
free 42 -1 3592 200
alloc 17 543 1544 3032 200
alloc 28 149 208 2864 200
alloc 11 425 2104 2416 200
free 30 -1 2872 200
alloc 37 600 6520 2256 200
free 16 -1 2736 200
alloc 15 571 4392 2144 200
free 34 -1 2448 200
free 25 -1 2784 200
free 36 -1 2880 200
alloc 3 404 864 2456 200
free 6 -1 3008 200
alloc 29 175 2552 2816 200
free 24 -1 2856 200
alloc 39 224 2744 2616 200
alloc 42 37 112 2560 200
free 17 -1 3120 200
free 28 -1 3288 200
free 11 -1 3736 200
alloc 46 380 1544 3336 200
alloc 5 585 1944 2728 200
alloc 0 447 4984 2264 200
free 47 -1 2312 200
alloc 18 29 168 2264 200
alloc 9 89 216 2152 200
alloc 20 29 328 2104 200
alloc 19 404 5448 1680 200
alloc 22 228 7136 1432 200
free 29 -1 1624 200
free 40 -1 2168 200
alloc 23 206 3640 1936 200
alloc 10 474 5872 1440 200
alloc 17 245 7384 1176 200
alloc 28 443 7648 712 200
alloc 11 295 -1 712 200
alloc 30 174 2552 520 200
free 37 -1 1136 200
free 0 -1 1600 200
alloc 31 118 4984 1464 200
free 2 -1 2056 200
free 41 -1 2120 200
alloc 4 215 2984 1888 200
alloc 35 380 3216 1464 200
free 22 -1 1712 200
free 45 -1 1872 200
alloc 8 372 6368 1480 200
free 39 -1 1720 200
alloc 26 598 6760 1096 200
alloc 33 333 -1 1096 200
alloc 44 63 16 1000 200
free 43 -1 1520 200
free 46 -1 1920 200
alloc 37 17 376 1880 200
alloc 32 399 3872 1464 200
alloc 47 174 616 1272 200
free 18 -1 1320 200
free 9 -1 1432 200
free 4 -1 1664 200
free 3 -1 2088 200
free 38 -1 2224 200
alloc 29 64 168 2144 200
free 8 -1 2536 200
free 23 -1 2768 200
free 42 -1 2824 200
alloc 1 86 416 2720 200
free 28 -1 3184 200
alloc 11 589 -1 3184 200
alloc 46 297 808 2864 200
free 37 -1 2904 200
alloc 0 172 1544 2712 200
free 31 -1 2848 200
alloc 18 554 -1 2848 200
alloc 41 380 2744 2448 200
free 20 -1 2496 200
free 35 -1 2920 200
alloc 38 590 3144 2312 200
alloc 45 176 1736 2104 200
alloc 40 220 4984 1864 200
free 7 -1 2120 200
free 10 -1 2616 200
free 1 -1 2720 200
free 44 -1 2816 200
alloc 27 325 248 2448 200
free 46 -1 2768 200
free 5 -1 3376 200
free 0 -1 3568 200
free 47 -1 3760 200
alloc 18 153 616 3584 200
free 41 -1 3984 200
alloc 36 334 792 3632 200
free 19 -1 4056 200
alloc 6 291 1144 3744 200
free 45 -1 3952 200
free 40 -1 4192 200
alloc 39 327 1456 3848 200
alloc 42 168 1800 3664 200
alloc 33 46 16 3600 200
alloc 12 570 4984 3008 200
free 27 -1 3376 200
alloc 46 119 248 3240 200
alloc 21 333 1984 2888 200
free 32 -1 3304 200
free 15 -1 3896 200
alloc 2 187 384 3664 200
alloc 25 261 2744 3384 200
alloc 4 587 3752 2776 200
alloc 3 486 4360 2272 200
free 38 -1 2880 200
alloc 45 46 80 2792 200
alloc 40 418 3024 2352 200
alloc 23 69 2336 2264 200
free 26 -1 2888 200
alloc 1 199 3464 2672 200
alloc 44 115 5576 2536 200
alloc 43 576 5712 1944 200
free 30 -1 2136 200
alloc 5 307 6304 1808 200
alloc 16 134 2424 1656 200
alloc 47 130 2576 1488 200
free 18 -1 1664 200
alloc 41 437 6632 1208 200
free 4 -1 1816 200
alloc 19 510 3680 1288 200
free 6 -1 1600 200
free 29 -1 1680 200
alloc 24 372 7648 1288 200
alloc 7 395 -1 1288 200
alloc 26 73 616 1192 200
free 33 -1 1256 200
free 12 -1 1848 200
alloc 11 145 1144 1680 200
free 46 -1 1816 200
free 21 -1 2168 200
alloc 0 352 4864 1800 200
free 47 -1 1968 200
alloc 34 155 168 1792 200
free 25 -1 2072 200
alloc 4 369 2576 1680 200
alloc 35 374 -1 1680 200
alloc 22 501 -1 1680 200
alloc 13 50 712 1600 200
alloc 8 374 -1 1600 200
alloc 7 390 -1 1600 200
alloc 10 435 -1 1600 200
alloc 33 479 -1 1600 200
alloc 12 119 1312 1456 200
free 43 -1 2048 200
alloc 14 218 1984 1808 200
free 5 -1 2136 200
free 16 -1 2288 200
alloc 47 136 2424 2136 200
alloc 18 85 2224 2024 200
alloc 9 33 16 1960 200
free 4 -1 2352 200
alloc 35 505 5712 1824 200
alloc 22 100 2576 1704 200
free 45 -1 1792 200
alloc 8 237 2696 1536 200
free 39 -1 1880 200
free 42 -1 2064 200
free 17 -1 2328 200
free 12 -1 2472 200
alloc 43 129 1312 2320 200
alloc 46 67 80 2232 200
alloc 5 436 1464 1776 200
alloc 32 24 344 1736 200
free 47 -1 1888 200
free 2 -1 2120 200
alloc 25 449 7088 1648 200
alloc 20 380 -1 1648 200
free 35 -1 2176 200
alloc 38 112 384 2048 200
alloc 29 381 5712 1648 200
free 24 -1 2040 200
alloc 7 308 5232 1696 200
alloc 42 203 6112 1472 200
free 1 -1 1688 200
alloc 12 349 7560 1320 200
alloc 27 55 512 1216 200
free 46 -1 1304 200
free 5 -1 1760 200
alloc 16 322 1464 1416 200
alloc 47 534 -1 1416 200
free 18 -1 1528 200
free 25 -1 2000 200
alloc 20 491 -1 2000 200
alloc 35 455 7088 1528 200
alloc 6 245 6336 1232 200
free 13 -1 1312 200
free 8 -1 1568 200
alloc 39 569 -1 1568 200
alloc 10 424 -1 1568 200
alloc 17 171 2696 1376 200
free 12 -1 1744 200
free 43 -1 1896 200
free 14 -1 2136 200
alloc 5 306 1808 1808 200
free 16 -1 2152 200
alloc 15 247 1312 1888 200
free 34 -1 2064 200
free 9 -1 2128 200
alloc 4 437 7560 1672 200
free 3 -1 2176 200
free 22 -1 2296 200
alloc 13 334 4208 1944 200
alloc 8 426 -1 1944 200
alloc 39 188 16 1736 200
alloc 10 479 -1 1736 200
free 17 -1 1928 200
alloc 12 331 2424 1576 200
free 11 -1 1744 200
alloc 14 398 -1 1744 200
alloc 21 498 -1 1744 200
free 0 -1 2112 200
free 15 -1 2376 200
alloc 2 388 1144 1968 200
alloc 9 589 4560 1360 200
free 36 -1 1712 200
alloc 3 123 712 1568 200
free 6 -1 1864 200
free 13 -1 2216 200
alloc 8 473 -1 2216 200
free 23 -1 2304 200
free 26 -1 2400 200
alloc 33 558 -1 2400 200
alloc 28 191 856 2192 200
alloc 11 443 -1 2192 200
alloc 30 122 1552 2048 200
alloc 37 74 224 1928 200
alloc 0 450 -1 1928 200
alloc 47 495 -1 1928 200
free 2 -1 2336 200
alloc 25 557 -1 2336 200
free 4 -1 2792 200
free 19 -1 3320 200
alloc 22 79 616 3224 200
alloc 45 126 1064 3080 200
free 40 -1 3520 200
alloc 23 205 1208 3296 200
alloc 26 106 2136 3168 200
alloc 17 116 2264 3008 200
free 28 -1 3216 200
alloc 43 184 856 3008 200
free 30 -1 3152 200
free 5 -1 3480 200
alloc 0 145 1432 3312 200
alloc 47 162 1600 3128 200
alloc 34 204 1784 2904 200
alloc 25 352 2776 2536 200
alloc 36 188 3144 2328 200
free 35 -1 2800 200
free 38 -1 2928 200
free 29 -1 3328 200
alloc 8 71 384 3240 200
free 7 -1 3584 200
free 42 -1 3808 200
free 17 -1 3968 200
alloc 28 533 3352 3416 200
alloc 11 417 3904 2976 200
alloc 14 243 5168 2712 200
alloc 5 590 5712 2104 200
alloc 16 389 7088 1696 200
free 47 -1 1880 200
free 34 -1 2104 200
free 9 -1 2712 200
alloc 4 393 1600 2296 200
alloc 19 41 2016 2232 200
alloc 38 314 4344 1896 200
alloc 13 162 4680 1712 200
free 8 -1 1800 200
alloc 7 198 4864 1584 200
alloc 10 155 6320 1408 200
alloc 17 554 7496 832 200
free 12 -1 1184 200
free 43 -1 1392 200
alloc 30 95 384 1264 200
free 37 -1 1384 200
free 32 -1 1424 200
alloc 15 478 2264 912 200
alloc 2 360 -1 912 200
alloc 9 329 -1 912 200
alloc 20 13 224 880 200
free 19 -1 944 200
free 38 -1 1280 200
free 45 -1 1424 200
alloc 8 77 256 1296 200
free 23 -1 1520 200
alloc 42 4 856 1496 200
alloc 33 26 880 1448 200
alloc 12 182 928 1248 200
alloc 43 329 -1 1248 200
alloc 46 323 -1 1248 200
free 5 -1 1856 200
free 0 -1 2024 200
alloc 31 510 5712 1496 200
alloc 34 1 1128 1472 200
alloc 9 556 -1 1472 200
free 20 -1 1504 200
alloc 35 212 1152 1272 200
alloc 6 366 -1 1272 200
alloc 45 82 1384 1168 200
alloc 24 393 -1 1168 200
alloc 23 185 4344 960 200
free 26 -1 1088 200
free 17 -1 1664 200
free 28 -1 2216 200
free 11 -1 2656 200
free 14 -1 2920 200
alloc 37 529 3352 2368 200
alloc 0 149 2016 2200 200
alloc 47 126 3904 2056 200
alloc 2 110 4048 1928 200
alloc 9 311 5080 1600 200
free 4 -1 2016 200
alloc 19 546 7496 1448 200
alloc 38 583 -1 1448 200
free 13 -1 1632 200
alloc 24 496 1488 1104 200
free 7 -1 1320 200
free 10 -1 1496 200
alloc 17 163 4552 1312 200
free 44 -1 1448 200
free 27 -1 1552 200
alloc 46 201 4736 1328 200
alloc 21 183 5408 1128 200
free 0 -1 1296 200
free 31 -1 1824 200
alloc 18 570 5608 1232 200
free 9 -1 1560 200
free 36 -1 1768 200
free 3 -1 1912 200
free 22 -1 2008 200
alloc 13 430 4960 1560 200
free 24 -1 2088 200
alloc 7 338 1488 1728 200
alloc 10 519 -1 1728 200
free 33 -1 1776 200
alloc 44 189 512 1568 200
alloc 43 162 1848 1384 200
free 46 -1 1608 200
free 37 -1 2160 200
free 16 -1 2568 200
free 47 -1 2712 200
free 2 -1 2840 200
alloc 9 453 3144 2368 200
alloc 4 236 3616 2112 200
free 19 -1 2680 200
alloc 38 237 3872 2424 200
free 45 -1 2528 200
alloc 24 462 7088 2048 200
free 23 -1 2256 200
alloc 26 483 7568 1752 200
alloc 1 252 4128 1480 200
free 12 -1 1680 200
free 43 -1 1864 200
alloc 14 533 -1 1864 200
alloc 5 488 -1 1864 200
alloc 0 226 880 1616 200
alloc 47 183 1848 1416 200
free 18 -1 2008 200
free 25 -1 2376 200
alloc 36 589 5608 1768 200
alloc 3 534 -1 1768 200
free 38 -1 2024 200
free 13 -1 2472 200
free 8 -1 2600 200
alloc 23 149 2048 2432 200
free 42 -1 2456 200
alloc 33 353 4736 2080 200
alloc 28 310 2776 1752 200
alloc 11 414 -1 1752 200
alloc 14 292 6216 1440 200
alloc 37 317 -1 1440 200
alloc 32 243 5112 1144 200
alloc 31 45 224 1080 200
free 34 -1 1104 200
alloc 25 584 -1 1104 200
free 4 -1 1360 200
alloc 3 489 3616 848 200
alloc 38 507 -1 848 200
alloc 13 159 -1 848 200
alloc 8 407 -1 848 200
free 7 -1 1208 200
alloc 42 590 -1 1208 200
free 17 -1 1392 200
alloc 12 592 -1 1392 200
alloc 27 366 1384 1008 200
alloc 46 189 4400 800 200
alloc 5 22 288 760 200
alloc 16 141 720 600 200
free 47 -1 800 200
alloc 18 374 -1 800 200
free 41 -1 1256 200
free 36 -1 1864 200
free 3 -1 2376 200
alloc 38 394 3616 1960 200
alloc 13 514 5608 1424 200
free 24 -1 1904 200
free 23 -1 2072 200
alloc 42 277 1768 1776 200
free 33 -1 2152 200
free 44 -1 2360 200
alloc 11 340 4608 2000 200
free 46 -1 2208 200
free 21 -1 2408 200
free 0 -1 2656 200
alloc 47 296 6528 2344 200
alloc 34 554 6840 1768 200
alloc 41 411 -1 1768 200
alloc 4 248 880 1496 200
free 35 -1 1728 200
alloc 22 484 -1 1728 200
alloc 29 170 512 1520 200
alloc 40 119 1152 1384 200
alloc 7 289 -1 1384 200
free 42 -1 1680 200
alloc 17 453 1768 1184 200
alloc 12 582 -1 1184 200
free 11 -1 1544 200
alloc 46 547 4400 976 200
alloc 21 593 -1 976 200
free 32 -1 1272 200
free 15 -1 1784 200
alloc 18 140 2264 1624 200
alloc 25 185 2424 1416 200
free 4 -1 1688 200
alloc 19 191 880 1480 200
free 38 -1 1896 200
free 29 -1 2104 200
alloc 8 204 3616 1880 200
free 39 -1 2088 200
alloc 10 169 16 1880 200
free 17 -1 2376 200
alloc 44 551 4968 1808 200
alloc 11 378 1768 1408 200
free 14 -1 1720 200
alloc 37 137 512 1560 200
free 16 -1 1720 200
free 47 -1 2032 200
free 18 -1 2192 200
free 25 -1 2400 200
alloc 4 238 2168 2144 200
alloc 3 445 6144 1680 200
alloc 38 319 2424 1328 200
alloc 29 296 -1 1328 200
free 8 -1 1552 200
alloc 7 311 3616 1224 200
free 10 -1 1432 200
free 1 -1 1704 200
free 28 -1 2032 200
free 27 -1 2416 200
free 30 -1 2544 200
free 5 -1 2584 200
alloc 16 545 -1 2584 200
alloc 15 471 -1 2584 200
alloc 18 386 1288 2176 200
free 9 -1 2648 200
alloc 36 495 2776 2136 200
alloc 35 426 3944 1680 200
alloc 22 297 3288 1352 200
free 13 -1 1888 200
alloc 8 98 16 1768 200
alloc 39 52 136 1680 200
alloc 10 359 5536 1304 200
alloc 33 235 -1 1304 200
free 44 -1 1872 200
alloc 43 338 4968 1512 200
alloc 30 347 -1 1512 200
alloc 5 197 288 1288 200
alloc 16 48 672 1224 200
alloc 47 436 -1 1224 200
free 18 -1 1632 200
alloc 25 306 1288 1304 200
free 36 -1 1816 200
free 35 -1 2272 200
alloc 6 539 -1 2272 200
alloc 45 267 2776 1984 200
free 40 -1 2120 200
alloc 23 10 736 2088 200
alloc 42 392 3944 1680 200
alloc 17 297 -1 1680 200
alloc 28 159 1088 1480 200
free 11 -1 1880 200
alloc 14 357 1616 1504 200
free 5 -1 1728 200
free 16 -1 1792 200
free 31 -1 1856 200
alloc 2 75 224 1760 200
alloc 9 64 320 1680 200
alloc 20 296 -1 1680 200
alloc 35 216 5912 1448 200
alloc 6 354 -1 1448 200
alloc 13 340 -1 1448 200
free 8 -1 1568 200
free 7 -1 1896 200
free 26 -1 2400 200
alloc 1 295 3616 2072 200
free 28 -1 2272 200
free 43 -1 2632 200
alloc 30 529 4968 2064 200
alloc 21 264 7416 1784 200
alloc 0 569 -1 1784 200
alloc 31 557 -1 1784 200
alloc 18 175 1088 1584 200
free 25 -1 1912 200
alloc 36 132 1288 1760 200
free 3 -1 2224 200
free 22 -1 2552 200
alloc 13 599 6144 1936 200
alloc 24 140 1440 1760 200
alloc 7 211 3064 1528 200
alloc 26 513 -1 1528 200
alloc 17 151 1992 1352 200
alloc 12 104 16 1232 200
alloc 11 433 7696 776 200
free 14 -1 1152 200
alloc 5 206 1616 928 200
alloc 16 333 -1 928 200
alloc 47 429 -1 928 200
free 34 -1 1504 200
alloc 25 211 3296 1272 200
free 36 -1 1424 200
free 19 -1 1632 200
alloc 6 168 768 1448 200
free 45 -1 1736 200
alloc 8 430 6760 1288 200
free 23 -1 1320 200
free 42 -1 1728 200
free 17 -1 1904 200
alloc 44 257 1840 1624 200
alloc 43 390 3944 1216 200
free 30 -1 1784 200
free 21 -1 2064 200
alloc 16 20 400 2024 200
alloc 15 486 4968 1520 200
alloc 34 370 7208 1128 200
free 25 -1 1360 200
alloc 36 586 -1 1360 200
free 35 -1 1592 200
free 38 -1 1944 200
alloc 29 330 2424 1592 200
alloc 40 439 -1 1592 200
free 7 -1 1824 200
alloc 42 268 2776 1536 200
alloc 33 330 3064 1184 200
alloc 28 107 952 1048 200
free 43 -1 1456 200
alloc 30 230 3944 1208 200
alloc 21 561 -1 1208 200
alloc 32 120 1288 1056 200
alloc 31 126 3416 912 200
free 2 -1 1008 200
alloc 41 214 5912 776 200
alloc 20 564 -1 776 200
alloc 3 122 4192 632 200
alloc 38 8 224 608 200
alloc 45 570 -1 608 200
free 8 -1 1056 200
alloc 23 257 6760 776 200
free 10 -1 1152 200
alloc 17 272 5472 864 200
free 28 -1 1000 200
free 11 -1 1456 200
free 30 -1 1704 200
alloc 21 564 7600 1112 200
alloc 0 413 -1 1112 200
free 15 -1 1616 200
free 18 -1 1816 200
free 41 -1 2048 200
free 4 -1 2304 200
alloc 19 170 952 2112 200
alloc 22 322 4968 1768 200
free 13 -1 2384 200
alloc 8 147 2120 2216 200
free 39 -1 2304 200
free 42 -1 2592 200
free 33 -1 2944 200
alloc 28 121 1144 2800 200
alloc 27 586 2776 2160 200
free 46 -1 2728 200
free 21 -1 3320 200
free 32 -1 3472 200
alloc 15 263 4336 3192 200
free 34 -1 3584 200
alloc 25 79 672 3488 200
alloc 36 343 5760 3128 200
free 3 -1 3272 200
free 22 -1 3616 200
alloc 45 448 4616 3152 200
free 24 -1 3328 200
alloc 7 290 1288 3000 200
alloc 10 479 6120 2504 200
free 1 -1 2832 200
free 12 -1 2952 200
alloc 43 434 3560 2496 200
alloc 30 523 7040 1952 200
free 37 -1 2112 200
alloc 32 13 16 2080 200
free 15 -1 2360 200
alloc 34 542 4016 1800 200
free 9 -1 1880 200
alloc 4 340 5080 1488 200
alloc 3 499 7584 968 200
free 6 -1 1152 200
free 29 -1 1504 200
free 8 -1 1672 200
free 7 -1 2000 200
alloc 26 91 48 1888 200
free 17 -1 2176 200
alloc 12 106 248 2024 200
free 27 -1 2664 200
alloc 46 399 2120 2248 200
free 5 -1 2472 200
alloc 0 482 1288 1968 200
alloc 47 511 2536 1440 200
alloc 2 59 440 1360 200
free 25 -1 1456 200
alloc 20 216 520 1224 200
free 3 -1 1744 200
alloc 6 578 7584 1136 200
alloc 29 249 3064 864 200
alloc 40 498 -1 864 200
alloc 39 290 -1 864 200
alloc 42 535 -1 864 200
alloc 33 153 752 664 200
free 44 -1 944 200
free 43 -1 1400 200
alloc 14 28 160 1336 200
alloc 21 584 -1 1336 200
free 0 -1 1840 200
free 47 -1 2368 200
free 2 -1 2448 200
alloc 41 453 1288 1976 200
free 4 -1 2368 200
alloc 35 451 2536 1896 200
free 6 -1 2504 200
free 45 -1 2968 200
alloc 40 289 1760 2656 200
free 23 -1 2936 200
free 26 -1 3048 200
free 33 -1 3248 200
free 28 -1 3392 200
alloc 43 571 4576 2800 200
free 14 -1 2864 200
alloc 37 8 48 2840 200
free 16 -1 2880 200
alloc 15 595 -1 2880 200
free 34 -1 3440 200
free 41 -1 3912 200
free 20 -1 4144 200
free 19 -1 4336 200
alloc 22 261 400 4056 200
alloc 13 34 72 4000 200
free 40 -1 4312 200
alloc 23 371 680 3920 200
free 10 -1 4416 200
alloc 1 133 1072 4264 200
alloc 28 84 1224 4160 200
alloc 11 460 1328 3680 200
free 30 -1 4224 200
alloc 21 214 1808 3992 200
alloc 0 391 3560 3584 200
alloc 15 254 3968 3312 200
alloc 34 338 5168 2952 200
alloc 41 419 6120 2512 200
free 36 -1 2872 200
free 35 -1 3344 200
free 22 -1 3624 200
alloc 45 295 2536 3312 200
alloc 8 397 5528 2896 200
free 23 -1 3288 200
alloc 26 351 400 2920 200
free 1 -1 3072 200
free 28 -1 3176 200
free 43 -1 3768 200
alloc 14 177 768 3568 200
free 37 -1 3592 200
free 0 -1 4000 200
free 31 -1 4144 200
alloc 18 308 968 3784 200
alloc 25 321 3336 3440 200
alloc 20 468 4240 2952 200
alloc 3 266 3680 2664 200
alloc 22 51 128 2568 200
free 29 -1 2840 200
free 8 -1 3256 200
alloc 7 196 2848 3040 200
alloc 42 531 5528 2488 200
alloc 1 291 4728 2176 200
alloc 28 386 6560 1768 200
alloc 27 55 2040 1688 200
free 46 -1 2104 200
alloc 5 63 2120 2024 200
alloc 0 157 2200 1848 200
alloc 47 430 6968 1400 200
alloc 2 574 7416 808 200
free 41 -1 1248 200
alloc 36 8 48 1224 200
free 3 -1 1512 200
alloc 6 261 3680 1224 200
alloc 29 432 6080 744 200
alloc 8 571 -1 744 200
alloc 39 233 3064 472 200
alloc 10 152 8008 288 200
alloc 33 424 -1 288 200
free 28 -1 696 200
free 11 -1 1176 200
free 14 -1 1376 200
free 5 -1 1456 200
alloc 16 353 1328 1080 200
free 47 -1 1528 200
free 18 -1 1888 200
alloc 9 322 768 1544 200
free 20 -1 2032 200
alloc 19 581 6560 1432 200
free 22 -1 1528 200
free 29 -1 2008 200
alloc 24 15 128 1976 200
alloc 23 551 -1 1976 200
free 42 -1 2528 200
alloc 33 411 4240 2096 200
alloc 44 533 5528 1544 200
alloc 11 48 160 1480 200
alloc 30 507 -1 1480 200
free 21 -1 1712 200
free 32 -1 1744 200
alloc 47 52 1112 1672 200
free 34 -1 2032 200
free 9 -1 2376 200
alloc 4 300 768 2032 200
alloc 3 59 1184 1952 200
alloc 22 488 -1 1952 200
free 45 -1 2264 200
free 24 -1 2296 200
free 39 -1 2568 200
alloc 42 416 2376 2136 200
alloc 17 409 5040 1704 200
free 12 -1 1856 200
free 27 -1 1936 200
alloc 46 151 1704 1768 200
alloc 37 170 1872 1576 200
alloc 32 268 6080 1288 200
alloc 31 538 -1 1288 200
alloc 34 517 -1 1288 200
free 25 -1 1632 200
free 4 -1 1976 200
free 3 -1 2056 200
free 6 -1 2344 200
alloc 45 230 768 2096 200
alloc 8 144 3064 1936 200
alloc 23 461 3224 1456 200
free 10 -1 1640 200
free 17 -1 2072 200
free 44 -1 2624 200
alloc 27 203 3704 2400 200
alloc 30 321 5040 2056 200
alloc 5 131 248 1904 200
free 32 -1 2192 200
free 47 -1 2264 200
alloc 18 351 5384 1896 200
alloc 41 45 1016 1832 200
alloc 4 314 5752 1496 200
alloc 35 419 6088 1024 200
alloc 6 545 -1 1024 200
alloc 29 580 -1 1024 200
alloc 24 100 1080 904 200
free 7 -1 1120 200
free 26 -1 1488 200
free 1 -1 1800 200
alloc 44 402 -1 1800 200
free 11 -1 1864 200
free 46 -1 2032 200
free 5 -1 2184 200
free 16 -1 2560 200
alloc 31 16 16 2528 200
free 18 -1 2896 200
alloc 25 51 128 2800 200
alloc 20 574 1200 2208 200
free 35 -1 2680 200
free 38 -1 2704 200
free 13 -1 2760 200
free 24 -1 2880 200
alloc 39 328 224 2536 200
free 42 -1 2968 200
free 33 -1 3400 200
alloc 28 500 2376 2880 200
free 27 -1 3104 200
free 30 -1 3448 200
alloc 21 246 3704 3184 200
free 0 -1 3360 200
free 15 -1 3632 200
free 2 -1 4224 200
alloc 9 185 2064 4016 200
free 4 -1 4352 200
free 19 -1 4952 200
alloc 6 559 3968 4376 200
alloc 13 197 4544 4160 200
free 8 -1 4320 200
free 23 -1 4800 200
alloc 10 50 568 4728 200
alloc 33 234 2896 4472 200
free 28 -1 4992 200
alloc 27 268 2272 4704 200
alloc 30 478 3152 4208 200
alloc 5 124 2560 4064 200
alloc 16 539 4760 3504 200
alloc 47 227 5320 3256 200
alloc 34 569 5568 2664 200
free 41 -1 2728 200
alloc 4 567 6160 2144 200
alloc 35 284 6744 1840 200
free 6 -1 2416 200
free 13 -1 2632 200
alloc 24 49 640 2560 200
alloc 7 452 3968 2088 200
alloc 26 62 1016 2008 200
free 33 -1 2264 200
alloc 12 333 2704 1912 200
alloc 43 212 4440 1680 200
alloc 14 432 7048 1232 200
free 37 -1 1424 200
free 16 -1 1984 200
alloc 15 572 4672 1392 200
alloc 2 510 7496 864 200
alloc 41 9 72 808 200
free 20 -1 1400 200
alloc 3 261 1096 1120 200
alloc 6 405 1376 696 200
alloc 13 179 1800 496 200
free 24 -1 568 200
alloc 23 300 -1 568 200
alloc 42 578 -1 568 200
alloc 17 403 -1 568 200
alloc 28 505 -1 568 200
free 27 -1 856 200
free 14 -1 1304 200
free 5 -1 1448 200
alloc 0 180 2272 1248 200
free 47 -1 1496 200
free 2 -1 2024 200
free 41 -1 2080 200
free 4 -1 2664 200
free 35 -1 2968 200
free 6 -1 3392 200
free 13 -1 3592 200
alloc 40 92 640 3464 200
free 39 -1 3808 200
free 10 -1 3880 200
alloc 17 366 224 3464 200
alloc 44 37 72 3408 200
alloc 27 461 1376 2928 200
alloc 46 32 1856 2880 200
free 21 -1 3144 200
alloc 16 104 1904 3024 200
alloc 47 156 2472 2848 200
free 34 -1 3440 200
free 9 -1 3648 200
free 36 -1 3672 200
alloc 35 333 5264 3320 200
alloc 6 75 2024 3224 200
alloc 29 374 5616 2832 200
alloc 8 593 6008 2216 200
free 7 -1 2688 200
alloc 10 406 3648 2264 200
alloc 33 302 4072 1944 200
free 12 -1 2296 200
free 43 -1 2528 200
free 30 -1 3024 200
alloc 37 82 2120 2920 200
free 16 -1 3040 200
free 15 -1 3632 200
alloc 2 539 2648 3072 200
alloc 9 400 3208 2632 200
end free=2632 minfree=200
