geometry arena=12288 align=8 struct=16 regions=3
region 0 0 4096
region 1 4608 2048
region 2 7168 4096
defined 10192 10192
alloc 20 402 16 9768 9768
alloc 19 477 440 9272 9272
alloc 38 158 936 9096 9096
alloc 13 454 1112 8624 8624
alloc 24 263 1584 8344 8344
alloc 39 300 1864 8024 8024
alloc 42 233 2184 7768 7768
alloc 1 425 2440 7320 7320
alloc 28 536 2888 6768 6768
alloc 27 357 3440 6392 6392
alloc 46 304 4624 6072 6072
alloc 37 407 4944 5648 5648
alloc 16 560 5368 5072 5072
alloc 47 60 3816 4992 4992
alloc 18 569 5944 4400 4400
alloc 25 26 3896 4352 4352
free 20 -1 4776 4352
free 19 -1 5272 4352
free 38 -1 5448 4352
alloc 29 294 16 5136 4352
alloc 8 33 328 5080 4352
alloc 23 122 384 4936 4352
free 42 -1 5192 4352
free 1 -1 5640 4352
alloc 12 34 528 5584 4352
alloc 11 259 584 5304 4352
alloc 30 498 2184 4784 4352
free 37 -1 5208 4352
alloc 0 138 864 5048 4352
free 47 -1 5128 4352
free 18 -1 5720 4352
free 25 -1 5768 4352
alloc 36 557 5944 5192 4352
alloc 19 107 2704 5064 4352
alloc 6 370 4944 4640 4352
alloc 45 70 1024 4552 4352
free 24 -1 4832 4352
free 23 -1 4976 4352
alloc 42 279 7184 4680 4352
alloc 17 100 384 4536 4352
alloc 44 75 1584 4440 4352
free 11 -1 4720 4352
free 30 -1 5240 4352
alloc 5 419 2184 4800 4352
free 16 -1 5376 4352
alloc 47 154 584 5200 4352
alloc 18 55 760 5096 4352
alloc 9 219 3816 4856 4352
alloc 4 466 5368 4368 4352
free 19 -1 4496 4352
alloc 38 347 7480 4128 4128
free 13 -1 4600 4128
alloc 40 145 1112 4432 4128
free 39 -1 4752 4128
alloc 26 553 7848 4176 4128
alloc 33 508 8424 3648 3648
free 12 -1 3704 3648
free 27 -1 4080 3648
free 46 -1 4400 3648
alloc 37 392 1680 3992 3648
free 0 -1 4152 3648
alloc 31 512 8952 3624 3624
free 18 -1 3728 3624
alloc 25 35 528 3672 3624
free 4 -1 4160 3624
alloc 3 220 760 3896 3624
alloc 22 397 5368 3480 3480
free 45 -1 3568 3480
alloc 24 147 1280 3400 3400
alloc 7 510 9480 2872 2872
free 26 -1 3448 2872
free 33 -1 3976 2872
free 28 -1 4528 2872
alloc 11 252 2624 4256 2872
alloc 14 50 1024 4168 2872
free 5 -1 4608 2872
alloc 0 559 2896 4032 2872
free 47 -1 4208 2872
alloc 34 114 584 4072 2872
free 25 -1 4128 2872
free 36 -1 4704 2872
alloc 35 313 2088 4368 2872
free 38 -1 4736 2872
alloc 45 479 5784 4240 2872
free 24 -1 4408 2872
free 7 -1 4936 2872
alloc 26 535 7480 4384 2872
alloc 33 122 1280 4240 2872
free 44 -1 4336 2872
free 11 -1 4608 2872
alloc 46 83 1424 4504 2872
alloc 5 436 2424 4032 2872
alloc 32 128 1528 3880 2872
alloc 15 177 3472 3680 2872
free 34 -1 3816 2872
free 9 -1 4056 2872
alloc 4 447 8032 3592 2872
free 35 -1 3928 2872
alloc 38 168 528 3744 2872
free 45 -1 4240 2872
alloc 24 217 2088 4000 2872
alloc 23 345 3672 3632 2872
alloc 10 433 5784 3176 2872
free 17 -1 3320 2872
alloc 12 389 6240 2904 2872
alloc 43 468 9480 2416 2416
free 46 -1 2520 2416
alloc 21 236 4624 2264 2264
alloc 16 122 384 2120 2120
free 31 -1 2648 2120
alloc 2 230 8496 2400 2120
alloc 25 4 712 2352 2120
alloc 20 363 8744 1968 1968
alloc 35 303 9128 1616 1616
free 38 -1 1800 1616
alloc 45 117 528 1664 1616
free 40 -1 1832 1616
alloc 7 239 9968 1576 1576
free 26 -1 2128 1576
alloc 17 107 1112 2000 1576
free 12 -1 2416 1576
free 43 -1 2904 1576
alloc 46 569 10224 2312 1576
free 37 -1 2720 1576
free 16 -1 2864 1576
alloc 31 356 1680 2456 1576
alloc 34 423 7480 2016 1576
alloc 9 458 9480 1528 1528
alloc 36 239 6240 1272 1272
alloc 19 565 -1 1272 1272
alloc 38 558 -1 1272 1272
alloc 13 254 10816 1000 1000
free 8 -1 1056 1000
alloc 39 156 328 856 856
free 42 -1 1152 856
free 33 -1 1296 856
alloc 28 600 -1 1296 856
alloc 27 21 664 1248 856
alloc 30 443 -1 1248 856
alloc 37 439 -1 1248 856
free 0 -1 1824 856
free 31 -1 2232 856
free 34 -1 2672 856
free 9 -1 3160 856
free 20 -1 3544 856
free 35 -1 3896 856
free 6 -1 4320 856
free 13 -1 4592 856
alloc 8 257 1240 4304 856
free 7 -1 4560 856
free 10 -1 5016 856
free 17 -1 5144 856
alloc 12 218 1680 4904 856
free 27 -1 4952 856
free 14 -1 5040 856
alloc 37 538 2896 4464 856
alloc 16 87 1024 4360 856
free 15 -1 4560 856
alloc 18 232 4880 4312 856
alloc 9 448 7184 3848 856
alloc 20 120 1920 3680 856
alloc 19 387 5784 3272 856
alloc 38 44 1128 3208 856
free 45 -1 3344 856
alloc 40 98 528 3224 856
free 23 -1 3592 856
alloc 26 218 3472 3352 856
alloc 17 284 3712 3048 856
free 12 -1 3288 856
alloc 27 507 8744 2760 856
alloc 14 252 7648 2488 856
free 21 -1 2744 856
alloc 0 537 9272 2184 856
alloc 15 96 1680 2072 856
alloc 34 180 4624 1872 856
alloc 41 533 -1 1872 856
free 20 -1 2040 856
free 19 -1 2448 856
free 22 -1 2864 856
free 29 -1 3176 856
free 8 -1 3464 856
alloc 7 267 16 3152 856
free 26 -1 3392 856
free 17 -1 3696 856
alloc 12 64 1192 3616 856
free 27 -1 4144 856
free 46 -1 4736 856
free 37 -1 5312 856
free 32 -1 5464 856
alloc 47 117 1272 5328 856
free 34 -1 5528 856
alloc 41 200 1408 5312 856
alloc 20 70 1792 5224 856
alloc 35 470 2896 4736 856
alloc 22 221 3384 4496 856
alloc 29 279 3624 4200 856
free 24 -1 4440 856
free 39 -1 4640 856
alloc 26 88 328 4536 856
alloc 33 455 1880 4064 856
alloc 28 276 5128 3768 856
alloc 43 382 5424 3368 856
free 14 -1 3640 856
free 5 -1 4112 856
free 16 -1 4216 856
free 15 -1 4328 856
free 2 -1 4576 856
free 25 -1 4624 856
free 36 -1 4880 856
free 35 -1 5368 856
free 38 -1 5432 856
alloc 45 47 432 5336 856
alloc 8 205 2352 5112 856
alloc 23 342 2576 4752 856
free 26 -1 4856 856
alloc 17 485 5824 4352 856
alloc 44 520 8496 3816 856
alloc 11 223 2936 3576 856
alloc 46 379 9832 3176 856
alloc 21 465 10232 2688 856
alloc 16 219 4624 2432 856
free 47 -1 2568 856
alloc 34 361 7648 2184 856
alloc 25 545 -1 2184 856
free 4 -1 2648 856
alloc 35 20 328 2608 856
free 22 -1 2848 856
free 45 -1 2944 856
free 40 -1 3064 856
free 23 -1 3424 856
alloc 10 9 368 3392 856
free 33 -1 3864 856
free 28 -1 4160 856
free 11 -1 4400 856
alloc 14 584 2576 3800 856
alloc 37 249 400 3528 856
free 16 -1 3784 856
alloc 31 289 1880 3472 856
free 34 -1 3856 856
alloc 25 396 3176 3408 856
free 20 -1 3496 856
free 3 -1 3760 856
alloc 6 485 672 3240 856
alloc 13 451 7648 2768 856
alloc 40 117 1272 2632 856
alloc 39 129 1624 2480 856
alloc 26 317 8120 2144 856
free 17 -1 2648 856
alloc 28 97 2192 2528 856
alloc 27 178 4624 2328 856
free 14 -1 2928 856
free 21 -1 3416 856
alloc 32 190 2576 3208 856
free 31 -1 3520 856
free 18 -1 3768 856
free 25 -1 4216 856
alloc 4 69 1776 4128 856
alloc 3 144 1864 3968 856
alloc 38 470 2784 3480 856
alloc 45 224 3272 3240 856
free 40 -1 3376 856
free 7 -1 3688 856
free 10 -1 3720 856
alloc 33 523 4824 3176 856
free 44 -1 3712 856
free 27 -1 3912 856
alloc 14 590 5824 3304 856
alloc 21 298 8456 2984 856
alloc 16 440 8776 2528 856
alloc 31 327 10232 2184 856
alloc 18 281 16 1872 856
free 9 -1 2336 856
alloc 20 129 2024 2168 856
free 3 -1 2328 856
free 6 -1 2848 856
free 29 -1 3144 856
alloc 40 243 672 2880 856
alloc 7 93 936 2768 856
alloc 42 464 3512 2288 856
alloc 17 425 7184 1824 856
alloc 44 196 6432 1600 856
alloc 11 83 1048 1496 856
alloc 30 506 10576 968 856
free 21 -1 1288 856
free 0 -1 1848 856
free 31 -1 2192 856
alloc 34 205 8456 1968 856
alloc 9 192 9232 1760 856
free 4 -1 1848 856
alloc 3 134 1776 1696 856
free 38 -1 2184 856
free 13 -1 2656 856
free 8 -1 2880 856
alloc 23 589 -1 2880 856
alloc 10 573 -1 2880 856
alloc 1 127 2312 2736 856
free 28 -1 2856 856
free 11 -1 2960 856
free 14 -1 3568 856
free 37 -1 3840 856
alloc 0 417 2784 3400 856
alloc 15 344 5824 3040 856
free 34 -1 3264 856
free 41 -1 3480 856
alloc 36 532 -1 3480 856
free 3 -1 3632 856
alloc 6 465 -1 3632 856
alloc 13 311 1272 3280 856
alloc 8 255 368 2976 856
free 7 -1 3088 856
alloc 10 68 936 3000 856
free 1 -1 3144 856
free 12 -1 3224 856
alloc 11 305 2192 2896 856
alloc 14 283 7648 2592 856
alloc 21 315 9440 2256 856
free 0 -1 2696 856
alloc 31 112 1024 2568 856
alloc 2 289 2784 2256 856
alloc 41 504 -1 2256 856
alloc 36 283 8456 1936 856
alloc 19 585 -1 1936 856
alloc 6 528 -1 1936 856
alloc 29 207 1776 1688 856
free 8 -1 1992 856
alloc 23 411 -1 1992 856
free 10 -1 2080 856
free 17 -1 2544 856
free 44 -1 2768 856
alloc 27 401 6184 2344 856
free 46 -1 2744 856
free 21 -1 3080 856
alloc 0 399 7184 2664 856
free 31 -1 2792 856
alloc 34 522 9440 2248 856
free 9 -1 2456 856
free 36 -1 2776 856
alloc 3 455 9984 2304 856
alloc 22 572 -1 2304 856
free 45 -1 2544 856
alloc 24 522 -1 2544 856
alloc 23 446 -1 2544 856
free 26 -1 2880 856
free 33 -1 3424 856
alloc 44 176 368 3232 856
free 27 -1 3656 856
free 30 -1 4184 856
alloc 37 174 936 3992 856
free 16 -1 4448 856
free 15 -1 4808 856
free 2 -1 5120 856
alloc 25 201 2784 4896 856
alloc 36 217 3008 4656 856
free 3 -1 5128 856
alloc 38 304 4624 4808 856
free 29 -1 5056 856
free 40 -1 5320 856
free 39 -1 5472 856
free 42 -1 5952 856
alloc 1 563 3248 5368 856
alloc 28 82 560 5264 856
alloc 27 167 664 5080 856
free 14 -1 5384 856
alloc 21 532 5824 4832 856
free 32 -1 5040 856
alloc 15 44 848 4952 856
alloc 2 62 1128 4872 856
free 25 -1 5096 856
alloc 4 350 1624 4696 856
alloc 3 101 2520 4576 856
alloc 6 173 2640 4384 856
alloc 45 309 4944 4056 856
alloc 40 517 7600 3520 856
alloc 39 521 8136 2976 856
alloc 26 317 8680 2640 856
alloc 17 67 2832 2552 856
alloc 12 124 3832 2408 856
free 43 -1 2808 856
alloc 30 596 9984 2192 856
alloc 5 66 2920 2104 856
free 0 -1 2520 856
free 15 -1 2608 856
free 18 -1 2920 856
alloc 9 178 16 2720 856
free 36 -1 2960 856
free 35 -1 3000 856
alloc 22 521 5272 2448 856
alloc 29 139 3008 2288 856
alloc 8 170 6376 2096 856
free 39 -1 2640 856
free 26 -1 2976 856
free 1 -1 3560 856
free 12 -1 3704 856
free 11 -1 4032 856
free 30 -1 4648 856
free 5 -1 4736 856
alloc 32 157 2192 4560 856
alloc 31 535 3168 4008 856
free 34 -1 4552 856
alloc 41 367 7184 4136 856
alloc 36 22 216 4096 856
alloc 19 200 3720 3880 856
free 38 -1 4200 856
free 29 -1 4360 856
alloc 24 182 2920 4160 856
alloc 39 399 8136 3744 856
alloc 10 462 8552 3264 856
free 17 -1 3352 856
alloc 12 498 9032 2832 856
free 27 -1 3016 856
alloc 14 101 664 2896 856
alloc 5 360 9552 2520 856
alloc 16 23 256 2480 856
alloc 47 551 9928 1912 856
alloc 18 216 4624 1680 856
alloc 25 493 10496 1168 856
free 36 -1 1208 856
alloc 35 208 11008 952 856
free 6 -1 1144 856
free 13 -1 1496 856
free 24 -1 1696 856
free 39 -1 2112 856
free 10 -1 2592 856
alloc 1 327 1208 2248 856
free 44 -1 2440 856
alloc 27 339 2640 2080 856
alloc 46 414 8136 1648 856
free 21 -1 2200 856
free 32 -1 2376 856
free 31 -1 2928 856
free 18 -1 3160 856
free 41 -1 3576 856
alloc 36 116 296 3440 856
free 19 -1 3656 856
alloc 6 289 2192 3328 856
alloc 13 503 3000 2808 856
free 40 -1 3344 856
alloc 7 387 3520 2936 856
alloc 26 145 3928 2768 856
free 1 -1 3112 856
free 12 -1 3632 856
alloc 11 569 7184 3040 856
free 46 -1 3472 856
free 37 -1 3664 856
free 16 -1 3704 856
alloc 31 432 5824 3256 856
alloc 34 299 784 2912 856
free 9 -1 3112 856
free 36 -1 3248 856
free 3 -1 3368 856
alloc 38 514 16 2824 856
alloc 29 495 7776 2312 856
free 8 -1 2504 856
alloc 39 112 1208 2376 856
alloc 10 387 8288 1968 856
alloc 33 559 8696 1392 856
free 28 -1 1496 856
free 11 -1 2088 856
alloc 46 36 560 2032 856
alloc 37 35 1336 1976 856
alloc 32 65 1392 1888 856
free 31 -1 2336 856
alloc 18 485 5824 1832 856
alloc 41 579 -1 1832 856
free 20 -1 2000 856
free 35 -1 2256 856
free 6 -1 2584 856
free 29 -1 3096 856
alloc 24 586 2024 2480 856
free 7 -1 2888 856
alloc 42 220 3520 2648 856
alloc 1 240 4624 2392 856
alloc 12 534 7184 1840 856
alloc 11 199 6328 1624 856
alloc 30 542 -1 1624 856
alloc 21 345 7736 1256 856
alloc 0 582 -1 1256 856
alloc 31 22 616 1208 856
free 18 -1 1712 856
alloc 41 438 5824 1256 856
alloc 20 228 9272 976 856
alloc 3 114 1480 832 832
free 38 -1 1376 832
free 45 -1 1704 832
alloc 8 516 16 1160 832
alloc 7 124 3760 992 832
free 10 -1 1400 832
free 1 -1 1656 832
alloc 28 266 4624 1368 832
free 27 -1 1728 832
free 14 -1 1848 832
free 21 -1 2216 832
free 32 -1 2304 832
free 31 -1 2352 832
free 2 -1 2432 832
free 25 -1 2944 832
alloc 36 88 616 2840 832
free 3 -1 2984 832
free 22 -1 3536 832
free 13 -1 4056 832
alloc 40 421 2640 3616 832
free 39 -1 3744 832
alloc 10 24 720 3680 832
free 33 -1 4256 832
free 12 -1 4808 832
free 11 -1 5024 832
free 46 -1 5080 832
free 37 -1 5136 832
alloc 32 238 1128 4880 832
alloc 31 252 3080 4608 832
free 34 -1 4952 832
alloc 9 138 784 4792 832
free 20 -1 5072 832
alloc 35 18 560 5016 832
alloc 38 22 944 4976 832
alloc 29 115 984 4832 832
free 40 -1 5272 832
alloc 39 540 4912 4712 832
free 42 -1 4952 832
alloc 1 281 2640 4648 832
alloc 12 507 7184 4120 832
alloc 43 82 1384 4016 832
alloc 14 414 7712 3584 832
alloc 21 362 3352 3176 832
alloc 0 179 5472 2976 832
free 31 -1 3248 832
alloc 34 310 2944 2920 832
free 9 -1 3080 832
free 36 -1 3184 832
alloc 19 40 616 3128 832
free 38 -1 3168 832
alloc 45 35 784 3112 832
free 8 -1 3656 832
alloc 23 26 16 3608 832
free 26 -1 3776 832
alloc 17 369 64 3384 832
free 28 -1 3672 832
alloc 11 35 456 3616 832
free 14 -1 4048 832
free 5 -1 4424 832
free 32 -1 4680 832
alloc 31 162 1128 4496 832
free 34 -1 4824 832
free 41 -1 5280 832
free 4 -1 5680 832
free 35 -1 5736 832
alloc 6 322 1488 5392 832
free 45 -1 5448 832
alloc 40 42 512 5384 832
free 23 -1 5432 832
free 10 -1 5496 832
alloc 33 497 5672 4976 832
free 12 -1 5504 832
free 11 -1 5560 832
alloc 30 337 2944 5200 832
alloc 5 395 6192 4784 832
free 0 -1 4984 832
free 31 -1 5168 832
alloc 2 346 7184 4800 832
alloc 25 496 7552 4288 832
alloc 20 343 8064 3928 832
alloc 35 211 672 3696 832
alloc 38 315 8424 3360 832
alloc 13 231 1128 3104 832
free 24 -1 3720 832
free 39 -1 4280 832
alloc 10 476 1832 3784 832
free 1 -1 4088 832
alloc 28 29 16 4040 832
alloc 11 569 2328 3424 832
alloc 46 29 456 3368 832
free 21 -1 3776 832
alloc 32 186 3304 3568 832
alloc 31 528 4624 3024 832
alloc 34 331 5168 2672 832
alloc 9 494 8760 2160 832
free 20 -1 2520 832
alloc 3 596 9272 1904 832
free 38 -1 2240 832
free 13 -1 2496 832
alloc 24 483 8064 1992 832
free 7 -1 2160 832
alloc 42 53 904 2080 832
free 17 -1 2472 832
free 28 -1 2520 832
free 43 -1 2624 832
free 46 -1 2680 832
alloc 37 315 16 2344 832
free 32 -1 2552 832
alloc 15 582 3304 1952 832
free 2 -1 2320 832
alloc 41 51 352 2248 832
alloc 36 162 1128 2064 832
free 19 -1 2120 832
alloc 22 596 10496 1504 832
alloc 45 295 7184 1192 832
alloc 8 357 -1 1192 832
alloc 39 171 3904 1000 832
alloc 26 575 -1 1000 832
alloc 1 544 -1 1000 832
alloc 28 435 -1 1000 832
alloc 27 76 576 904 832
alloc 46 475 -1 904 832
free 37 -1 1240 832
alloc 16 275 16 944 832
free 47 -1 1512 832
alloc 18 532 9888 960 832
free 25 -1 1472 832
free 36 -1 1656 832
free 3 -1 2272 832
alloc 38 488 7496 1768 832
free 45 -1 2080 832
free 24 -1 2584 832
free 39 -1 2776 832
free 42 -1 2856 832
alloc 17 128 1128 2712 832
alloc 44 55 424 2624 832
free 11 -1 3240 832
alloc 46 330 2328 2888 832
alloc 37 1 312 2848 832
alloc 32 559 8000 2272 832
alloc 47 502 9272 1752 832
alloc 2 502 -1 1752 832
free 9 -1 2264 832
alloc 20 523 8576 1720 832
alloc 19 146 1272 1552 832
free 38 -1 2056 832
free 29 -1 2200 832
free 40 -1 2264 832
alloc 23 12 512 2200 832
alloc 26 45 904 2136 832
alloc 1 286 7184 1832 832
free 44 -1 1920 832
free 27 -1 2016 832
free 30 -1 2376 832
alloc 21 311 2680 2048 832
alloc 0 580 -1 2048 832
free 31 -1 2592 832
free 34 -1 2944 832
alloc 25 87 968 2840 832
free 20 -1 3384 832
free 19 -1 3552 832
alloc 38 86 1272 3448 832
alloc 45 40 424 3360 832
alloc 8 386 4624 2952 832
alloc 39 428 5032 2504 832
alloc 42 73 576 2408 832
free 1 -1 2712 832
alloc 28 208 3008 2488 832
alloc 11 88 1376 2376 832
alloc 30 387 7184 1968 832
free 37 -1 2008 832
free 32 -1 2584 832
free 47 -1 3104 832
free 18 -1 3656 832
free 41 -1 3728 832
alloc 36 518 7592 3192 832
free 35 -1 3424 832
free 22 -1 4040 832
alloc 29 406 8128 3616 832
alloc 40 99 672 3496 832
free 23 -1 3560 832
free 10 -1 4056 832
free 33 -1 4576 832
alloc 44 68 312 4464 832
alloc 27 80 792 4352 832
free 46 -1 4704 832
free 21 -1 5032 832
alloc 0 498 1832 4512 832
alloc 31 298 2352 4192 832
alloc 18 328 5480 3848 832
alloc 41 162 2672 3664 832
alloc 4 595 8552 3048 832
alloc 19 587 9168 2440 832
free 38 -1 2544 832
free 45 -1 2632 832
alloc 24 253 5824 2360 832
free 39 -1 2808 832
alloc 10 365 5032 2424 832
alloc 1 23 424 2384 832
free 28 -1 2608 832
alloc 43 32 464 2560 832
alloc 46 198 2856 2344 832
alloc 21 488 9776 1840 832
alloc 32 331 10280 1488 832
free 31 -1 1808 832
alloc 34 364 10632 1424 832
free 25 -1 1528 832
free 36 -1 2064 832
alloc 3 161 2352 1880 832
alloc 22 214 3072 1648 832
free 29 -1 2072 832
free 24 -1 2344 832
alloc 7 59 968 2264 832
free 26 -1 2328 832
free 17 -1 2472 832
alloc 12 496 7592 1960 832
free 11 -1 2072 832
free 30 -1 2480 832
free 5 -1 2896 832
free 32 -1 3248 832
alloc 31 80 1048 3152 832
alloc 2 73 1144 3056 832
alloc 25 363 5824 2672 832
alloc 36 563 -1 2672 832
free 3 -1 2856 832
alloc 38 578 -1 2856 832
alloc 13 18 512 2792 832
alloc 24 387 6208 2384 832
alloc 23 35 904 2320 832
alloc 26 400 8104 1872 832
alloc 33 287 2352 1552 832
alloc 28 188 1240 1344 832
free 43 -1 1392 832
alloc 30 159 3904 1200 832
alloc 5 177 7184 1000 832
free 16 -1 1296 832
alloc 47 200 16 1080 832
free 18 -1 1424 832
alloc 9 425 -1 1424 832
alloc 36 234 5416 1168 832
alloc 3 391 -1 1168 832
free 6 -1 1512 832
alloc 29 34 232 1432 832
free 40 -1 1552 832
free 23 -1 1616 832
free 26 -1 2064 832
free 33 -1 2384 832
free 28 -1 2592 832
free 27 -1 2704 832
alloc 14 137 672 2544 832
free 21 -1 3048 832
free 0 -1 3568 832
free 31 -1 3664 832
alloc 18 308 1240 3336 832
free 25 -1 3720 832
free 36 -1 3976 832
alloc 3 202 1568 3752 832
alloc 6 222 1792 3512 832
free 13 -1 3576 832
alloc 40 438 2032 3120 832
free 7 -1 3200 832
free 10 -1 3584 832
free 1 -1 3624 832
alloc 28 450 5032 3152 832
alloc 11 402 5504 2728 832
free 30 -1 2920 832
free 5 -1 3120 832
alloc 0 109 424 2968 832
free 47 -1 3184 832
free 2 -1 3280 832
free 41 -1 3464 832
free 4 -1 4080 832
free 19 -1 4688 832
alloc 38 7 16 4664 832
free 29 -1 4744 832
free 40 -1 5200 832
alloc 7 55 40 5128 832
alloc 26 133 112 4976 832
alloc 17 443 2032 4512 832
free 12 -1 5024 832
alloc 43 519 7184 4488 832
alloc 30 540 7720 3928 832
alloc 37 476 8280 3432 832
alloc 32 270 832 3144 832
alloc 47 425 8776 2696 832
free 34 -1 3080 832
alloc 25 303 2496 2760 832
alloc 20 98 1120 2640 832
free 3 -1 2864 832
free 22 -1 3096 832
alloc 13 518 9224 2560 832
alloc 40 244 5928 2280 832
alloc 39 540 9760 1720 832
alloc 10 519 10320 1184 832
alloc 33 459 -1 1184 832
free 44 -1 1296 832
alloc 27 557 -1 1296 832
free 14 -1 1456 832
alloc 5 277 10856 1160 832
alloc 16 232 -1 1160 832
alloc 31 63 264 1080 832
free 18 -1 1408 832
free 25 -1 1728 832
free 20 -1 1848 832
alloc 19 576 1120 1256 832
free 38 -1 1280 832
free 13 -1 1816 832
free 24 -1 2224 832
alloc 23 442 9224 1760 832
free 26 -1 1912 832
free 17 -1 2376 832
alloc 44 508 2032 1848 832
free 11 -1 2272 832
free 46 -1 2488 832
free 37 -1 2984 832
alloc 16 463 2560 2504 832
free 15 -1 3104 832
alloc 2 547 3040 2536 832
alloc 9 200 3608 2320 832
alloc 4 347 5504 1952 832
alloc 35 328 6208 1608 832
alloc 38 388 8280 1200 832
alloc 13 332 -1 1200 832
free 8 -1 1608 832
free 7 -1 1680 832
free 42 -1 1776 832
alloc 1 431 -1 1776 832
free 28 -1 2248 832
free 43 -1 2784 832
free 30 -1 3344 832
alloc 37 477 4624 2848 832
free 32 -1 3136 832
free 31 -1 3216 832
alloc 18 439 576 2760 832
alloc 41 485 7184 2256 832
alloc 20 239 16 2000 832
alloc 3 433 7688 1544 832
alloc 22 254 3824 1272 832
alloc 13 591 -1 1272 832
free 40 -1 1552 832
free 39 -1 2112 832
alloc 26 561 9688 1528 832
alloc 17 407 -1 1528 832
alloc 28 549 -1 1528 832
alloc 11 249 5120 1256 832
alloc 30 552 -1 1256 832
alloc 21 555 -1 1256 832
alloc 32 106 272 1104 832
free 47 -1 1552 832
alloc 34 67 1032 1464 832
alloc 25 395 8688 1048 832
free 20 -1 1304 832
free 35 -1 1648 832
free 6 -1 1888 832
alloc 29 343 5872 1528 832
alloc 8 366 6232 1144 832
alloc 39 600 -1 1144 832
alloc 42 221 16 888 832
alloc 33 271 1712 568 568
alloc 12 303 -1 568 568
alloc 27 73 5392 456 456
alloc 30 575 -1 456 456
alloc 21 158 -1 456 456
free 0 -1 608 456
alloc 47 184 -1 608 456
free 18 -1 1064 456
free 9 -1 1280 456
alloc 20 493 424 768 456
free 3 -1 1224 456
free 38 -1 1632 456
free 29 -1 1992 456
free 8 -1 2376 456
alloc 39 123 3608 2232 456
free 42 -1 2488 456
alloc 17 85 16 2384 456
free 44 -1 2912 456
free 11 -1 3184 456
alloc 46 587 5872 2576 456
free 37 -1 3072 456
alloc 0 566 4624 2488 456
alloc 31 278 2032 2192 456
alloc 18 84 120 2088 456
free 25 -1 2504 456
free 20 -1 3016 456
alloc 35 236 424 2760 456
alloc 6 590 7688 2152 456
alloc 45 146 680 1984 456
alloc 24 81 848 1880 456
free 39 -1 2024 456
alloc 42 307 8296 1696 456
free 33 -1 2016 456
alloc 28 50 952 1936 456
free 27 -1 2048 456
alloc 14 568 8624 1448 456
alloc 21 236 1712 1192 456
free 0 -1 1776 456
alloc 15 356 4624 1400 456
free 18 -1 1504 456
alloc 25 452 5000 1000 456
alloc 20 395 -1 1000 456
free 19 -1 1592 456
free 22 -1 1864 456
free 45 -1 2032 456
free 24 -1 2136 456
alloc 39 201 680 1912 456
free 26 -1 2496 456
alloc 1 326 1120 2152 456
alloc 44 54 120 2080 456
alloc 11 565 9688 1496 456
alloc 30 156 1464 1320 456
alloc 37 244 3608 1056 456
free 16 -1 1536 456
free 15 -1 1912 456
free 2 -1 2480 456
free 41 -1 2984 456
alloc 36 503 2328 2464 456
alloc 19 373 2848 2072 456
free 6 -1 2680 456
alloc 45 120 3240 2544 456
alloc 24 151 3376 2376 456
free 39 -1 2600 456
alloc 26 436 7184 2144 456
free 17 -1 2248 456
free 44 -1 2320 456
alloc 27 373 7640 1928 456
free 46 -1 2536 456
free 21 -1 2792 456
alloc 0 171 16 2600 456
alloc 47 100 680 2480 456
alloc 18 241 1640 2216 456
alloc 41 575 5872 1624 456
alloc 20 577 -1 1624 456
free 35 -1 1880 456
alloc 6 587 -1 1880 456
free 45 -1 2016 456
alloc 40 235 424 1760 456
free 23 -1 2224 456
free 10 -1 2760 456
alloc 17 73 800 2664 456
alloc 12 242 4624 2400 456
alloc 43 109 1904 2272 456
free 14 -1 2872 456
free 37 -1 3136 456
free 0 -1 3328 456
free 31 -1 3624 456
free 18 -1 3888 456
free 25 -1 4392 456
alloc 20 152 16 4224 456
alloc 3 358 3544 3848 456
alloc 6 66 184 3760 456
alloc 29 369 4888 3368 456
alloc 8 368 8624 2984 456
alloc 23 581 9008 2384 456
free 26 -1 2840 456
free 17 -1 2936 456
free 12 -1 3200 456
free 27 -1 3592 456
free 30 -1 3768 456
free 5 -1 4064 456
alloc 16 566 7184 3480 456
free 47 -1 3600 456
free 34 -1 3688 456
free 41 -1 4280 456
free 4 -1 4648 456
alloc 35 331 1464 4296 456
alloc 22 334 5280 3944 456
alloc 45 513 5632 3408 456
free 40 -1 3664 456
alloc 7 403 424 3240 456
alloc 10 76 848 3136 456
free 1 -1 3480 456
free 28 -1 3560 456
free 43 -1 3688 456
alloc 14 139 952 3528 456
alloc 5 582 10272 2928 456
free 16 -1 3512 456
alloc 15 67 1112 3424 456
alloc 18 374 1816 3032 456
alloc 41 152 1200 2864 456
free 36 -1 3384 456
free 3 -1 3760 456
alloc 38 282 2208 3456 456
alloc 13 210 2512 3224 456
free 24 -1 3392 456
free 23 -1 3992 456
free 42 -1 4320 456
alloc 1 173 3240 4128 456
alloc 44 497 3432 3608 456
alloc 43 118 3952 3464 456
alloc 30 463 6168 2976 456
alloc 37 83 2744 2872 456
alloc 0 455 7184 2400 456
alloc 47 112 4624 2272 456
alloc 2 240 7656 2016 456
alloc 9 441 7912 1552 456
free 20 -1 1720 456
free 19 -1 2112 456
free 22 -1 2464 456
free 29 -1 2856 456
alloc 40 543 4752 2296 456
alloc 39 475 9008 1800 456
free 10 -1 1904 456
alloc 33 234 2848 1648 456
alloc 28 115 16 1480 456
alloc 27 116 3104 1344 456
free 30 -1 1832 456
free 5 -1 2432 456
free 0 -1 2904 456
free 15 -1 2992 456
free 2 -1 3248 456
alloc 25 553 7184 2672 456
alloc 36 497 10272 2152 456
alloc 3 90 5312 2040 456
alloc 22 419 6168 1600 456
free 13 -1 1832 456
free 40 -1 2392 456
alloc 23 217 4752 2152 456
alloc 26 166 2512 1968 456
free 33 -1 2224 456
free 28 -1 2392 456
free 11 -1 2976 456
alloc 30 301 4992 2656 456
alloc 5 311 9504 2328 456
alloc 0 309 9832 2000 456
free 47 -1 2128 456
alloc 2 118 16 1960 456
free 41 -1 2128 456
free 36 -1 2648 456
alloc 19 10 848 2616 456
free 6 -1 2704 456
alloc 29 240 1112 2448 456
alloc 40 205 2848 2192 456
free 23 -1 2432 456
free 26 -1 2616 456
free 1 -1 2808 456
alloc 12 564 10160 2224 456
alloc 11 29 184 2176 456
alloc 46 393 10744 1760 456
free 37 -1 1864 456
free 0 -1 2192 456
alloc 47 553 -1 2192 456
free 2 -1 2360 456
alloc 41 244 2512 2096 456
alloc 36 199 4624 1880 456
free 35 -1 2232 456
free 22 -1 2672 456
free 29 -1 2928 456
alloc 24 423 1112 2488 456
free 39 -1 2984 456
alloc 42 305 6168 2656 456
alloc 17 22 16 2616 456
alloc 28 536 -1 2616 456
free 43 -1 2760 456
free 14 -1 2920 456
free 5 -1 3248 456
alloc 0 227 1552 2984 456
alloc 47 228 8376 2736 456
alloc 34 542 9008 2176 456
free 41 -1 2440 456
free 36 -1 2656 456
free 3 -1 2768 456
alloc 22 440 9568 2312 456
alloc 13 185 880 2080 456
free 40 -1 2336 456
free 7 -1 2760 456
alloc 10 46 56 2696 456
alloc 1 108 424 2568 456
free 12 -1 3152 456
alloc 43 373 2512 2760 456
free 46 -1 3176 456
alloc 5 40 120 3112 456
free 32 -1 3264 456
free 47 -1 3512 456
free 18 -1 3904 456
alloc 41 10 232 3872 456
alloc 20 360 1816 3480 456
alloc 35 336 4624 3112 456
free 22 -1 3568 456
free 13 -1 3800 456
free 24 -1 4240 456
alloc 23 413 880 3808 456
alloc 26 330 9568 3456 456
free 17 -1 3496 456
free 44 -1 4016 456
free 43 -1 4408 456
alloc 46 382 2512 4008 456
alloc 21 40 264 3952 456
alloc 16 22 16 3912 456
alloc 31 317 3240 3576 456
alloc 2 162 552 3392 456
free 9 -1 3856 456
alloc 4 218 1312 3616 456
free 35 -1 3984 456
alloc 22 494 3576 3464 456
free 45 -1 4000 456
free 8 -1 4384 456
alloc 39 117 2912 4248 456
free 26 -1 4600 456
alloc 17 71 320 4496 456
alloc 44 442 5312 4032 456
free 11 -1 4080 456
free 46 -1 4480 456
free 21 -1 4536 456
free 0 -1 4800 456
free 31 -1 5136 456
free 34 -1 5696 456
free 25 -1 6272 456
alloc 36 491 7184 5760 456
alloc 35 230 1552 5496 456
alloc 6 384 2512 5096 456
alloc 29 591 7696 4488 456
alloc 24 475 8304 3992 456
free 23 -1 4424 456
free 10 -1 4488 456
alloc 33 575 8800 3896 456
alloc 12 343 880 3536 456
alloc 11 292 3240 3200 456
free 30 -1 3520 456
alloc 37 147 4624 3352 456
alloc 0 79 736 3240 456
alloc 31 507 9392 2712 456
alloc 34 90 4792 2600 456
free 41 -1 2632 456
free 4 -1 2872 456
alloc 3 47 56 2808 456
free 22 -1 3328 456
alloc 45 567 9920 2744 456
alloc 8 461 3576 2264 456
free 39 -1 2400 456
free 42 -1 2728 456
free 33 -1 3320 456
free 12 -1 3680 456
free 11 -1 4016 456
alloc 30 222 880 3776 456
free 5 -1 3840 456
free 0 -1 3952 456
free 31 -1 4480 456
free 34 -1 4592 456
alloc 25 489 4792 4072 456
free 36 -1 4584 456
free 19 -1 4616 456
alloc 22 107 120 4488 456
free 45 -1 5072 456
free 8 -1 5552 456
alloc 23 521 3240 5008 456
alloc 10 305 1120 4680 456
free 1 -1 4808 456
alloc 28 178 3784 4608 456
free 27 -1 4744 456
alloc 46 98 424 4616 456
alloc 21 84 736 4512 456
free 16 -1 4552 456
alloc 47 494 5776 4040 456
alloc 18 283 2912 3712 456
alloc 41 81 1448 3608 456
free 20 -1 4000 456
free 3 -1 4064 456
free 6 -1 4464 456
free 29 -1 5072 456
alloc 40 381 2512 4672 456
free 23 -1 5216 456
free 10 -1 5544 456
alloc 33 120 1120 5408 456
free 28 -1 5608 456
alloc 27 322 1816 5264 456
alloc 14 143 1256 5072 456
free 21 -1 5176 456
alloc 16 1 16 5152 456
alloc 31 148 3240 4984 456
alloc 34 71 736 4896 456
free 41 -1 5000 456
alloc 36 135 3408 4848 456
alloc 19 173 3560 4656 456
alloc 6 220 3752 4416 456
alloc 45 312 6288 4088 456
free 24 -1 4584 456
alloc 23 455 7184 4112 456
alloc 10 7 40 4088 456
free 17 -1 4192 456
alloc 12 443 7656 3728 456
free 27 -1 4072 456
free 46 -1 4200 456
alloc 21 90 248 4088 456
alloc 0 539 8120 3528 456
free 47 -1 4040 456
free 18 -1 4368 456
alloc 9 37 64 4312 456
alloc 4 540 8680 3752 456
alloc 3 227 1816 3504 456
free 22 -1 3632 456
alloc 29 446 5776 3168 456
free 40 -1 3568 456
alloc 39 583 2512 2968 456
free 10 -1 2992 456
free 33 -1 3128 456
free 12 -1 3592 456
alloc 43 437 7656 3128 456
free 14 -1 3320 456
free 21 -1 3432 456
free 16 -1 3456 456
alloc 15 333 120 3104 456
free 2 -1 3288 456
free 9 -1 3344 456
free 4 -1 3904 456
free 19 -1 4096 456
free 6 -1 4336 456
alloc 13 236 472 4072 456
alloc 24 333 1120 3720 456
alloc 7 200 3560 3504 456
alloc 10 157 3776 3328 456
alloc 33 481 8680 2824 456
alloc 12 409 9184 2392 456
alloc 11 254 9616 2120 456
alloc 46 22 16 2080 456
alloc 21 232 9888 1832 456
free 0 -1 2392 456
free 31 -1 2560 456
alloc 2 42 56 2496 456
alloc 9 355 8120 2120 456
free 36 -1 2272 456
free 3 -1 2520 456
alloc 6 33 824 2464 456
free 13 -1 2728 456
free 24 -1 3080 456
free 7 -1 3296 456
alloc 42 550 3112 2728 456
alloc 17 159 472 2552 456
free 12 -1 2984 456
free 11 -1 3256 456
alloc 14 75 1120 3160 456
free 21 -1 3408 456
alloc 0 208 1216 3184 456
alloc 31 312 1816 2856 456
alloc 18 358 9184 2480 456
alloc 41 296 9560 2168 456
alloc 4 393 9872 1752 456
alloc 19 313 10288 1416 456
free 38 -1 1720 456
free 45 -1 2048 456
alloc 24 155 2144 1872 456
free 23 -1 2344 456
alloc 26 592 10624 1704 456
free 17 -1 1880 456
alloc 28 468 -1 1880 456
alloc 11 76 472 1784 456
free 30 -1 2024 456
free 37 -1 2192 456
alloc 32 385 6240 1776 456
free 15 -1 2128 456
free 2 -1 2192 456
free 25 -1 2712 456
alloc 20 261 56 2432 456
free 35 -1 2696 456
free 6 -1 2752 456
alloc 45 87 336 2616 456
alloc 40 87 568 2512 456
free 39 -1 3112 456
free 42 -1 3680 456
alloc 17 85 824 3576 456
alloc 12 22 672 3512 456
free 43 -1 3976 456
free 46 -1 4016 456
alloc 5 444 2320 3552 456
free 32 -1 3968 456
alloc 47 27 928 3920 456
alloc 2 343 1440 3544 456
free 9 -1 3920 456
free 20 -1 4200 456
alloc 3 298 16 3880 456
alloc 6 510 2784 3352 456
alloc 13 416 3312 2888 456
alloc 8 60 976 2808 456
alloc 39 358 4624 2432 456
alloc 42 3 1056 2408 456
free 33 -1 2912 456
alloc 28 306 6240 2584 456
free 11 -1 2680 456
free 14 -1 2776 456
alloc 21 580 7184 2176 456
alloc 16 66 472 2080 456
free 31 -1 2408 456
free 2 -1 2784 456
free 41 -1 3096 456
alloc 20 227 1440 2848 456
free 19 -1 3184 456
alloc 38 407 1688 2728 456
free 29 -1 3192 456
free 8 -1 3272 456
alloc 23 444 5776 2808 456
free 10 -1 2984 456
alloc 33 344 7784 2624 456
free 44 -1 3088 456
alloc 11 85 1080 2952 456
alloc 46 209 3776 2720 456
free 5 -1 3184 456
free 16 -1 3280 456
alloc 15 327 2320 2936 456
alloc 2 333 5000 2584 456
alloc 9 10 472 2552 456
alloc 36 175 5352 2360 456
alloc 19 29 504 2296 456
free 38 -1 2752 456
free 45 -1 2888 456
alloc 8 306 1688 2560 456
free 39 -1 2936 456
alloc 10 135 4624 2784 456
alloc 1 217 8144 2544 456
alloc 44 357 8384 2168 456
alloc 43 186 4776 1944 456
free 46 -1 2176 456
alloc 5 565 -1 2176 456
free 0 -1 2400 456
alloc 31 447 -1 2400 456
free 18 -1 2776 456
free 9 -1 2808 456
free 36 -1 3000 456
free 19 -1 3064 456
free 6 -1 3592 456
alloc 45 179 336 3360 456
free 24 -1 3536 456
alloc 7 373 2664 3144 456
free 26 -1 3784 456
free 33 -1 4144 456
free 28 -1 4472 456
alloc 27 256 2016 4168 456
alloc 46 535 8760 3616 456
free 21 -1 4216 456
alloc 0 34 976 4136 456
free 47 -1 4184 456
alloc 18 360 5352 3808 456
alloc 9 280 3776 3488 456
free 4 -1 3904 456
alloc 35 472 7184 3416 456
alloc 22 279 6240 3120 456
alloc 29 441 7672 2648 456
free 40 -1 2752 456
free 7 -1 3144 456
free 42 -1 3168 456
free 17 -1 3272 456
free 12 -1 3336 456
free 11 -1 3472 456
free 46 -1 4024 456
alloc 21 216 1056 3792 456
free 0 -1 3872 456
alloc 31 61 568 3792 456
free 2 -1 4144 456
alloc 41 493 2664 3632 456
free 20 -1 3880 456
free 3 -1 4200 456
alloc 6 305 1288 3872 456
free 45 -1 4104 456
alloc 40 65 16 4016 456
alloc 7 379 104 3616 456
alloc 42 70 648 3528 456
alloc 33 540 8760 2968 456
alloc 12 536 9320 2416 456
free 43 -1 2640 456
alloc 46 5 504 2616 456
free 21 -1 2848 456
alloc 32 154 824 2672 456
alloc 47 101 1000 2552 456
free 34 -1 2640 456
alloc 25 267 4776 2352 456
alloc 36 387 9872 1944 456
alloc 19 65 736 1856 456
free 22 -1 2152 456
free 13 -1 2616 456
free 8 -1 2944 456
free 7 -1 3344 456
alloc 26 456 3176 2872 456
free 1 -1 3112 456
free 44 -1 3488 456
alloc 43 382 104 3088 456
free 46 -1 3112 456
alloc 37 331 1616 2760 456
alloc 0 543 8144 2200 456
free 47 -1 2320 456
free 18 -1 2696 456
free 9 -1 3016 456
free 36 -1 3424 456
alloc 3 423 3648 2976 456
alloc 38 65 1000 2888 456
free 29 -1 3360 456
alloc 24 98 1088 3240 456
alloc 39 43 504 3176 456
free 42 -1 3264 456
alloc 1 584 5064 2664 456
free 12 -1 3216 456
free 27 -1 3520 456
alloc 14 449 7672 3048 456
alloc 5 196 1968 2832 456
free 0 -1 3392 456
free 15 -1 3736 456
alloc 34 449 2184 3256 456
free 25 -1 3544 456
alloc 20 4 648 3520 456
free 19 -1 3608 456
free 38 -1 3696 456
alloc 13 384 6240 3280 456
free 24 -1 3400 456
free 39 -1 3464 456
free 26 -1 3936 456
alloc 17 240 1000 3648 456
alloc 44 295 3176 3336 456
alloc 27 231 4776 3088 456
alloc 30 477 8144 2592 456
free 37 -1 2944 456
alloc 0 77 672 2848 456
alloc 47 238 1616 2592 456
alloc 18 307 9320 2264 456
free 41 -1 2776 456
free 20 -1 2800 456
free 3 -1 3248 456
free 6 -1 3576 456
alloc 29 528 3488 3032 456
free 40 -1 3120 456
alloc 7 71 16 3032 456
alloc 42 218 1288 2792 456
free 33 -1 3352 456
alloc 28 105 2664 3224 456
free 43 -1 3624 456
free 30 -1 4120 456
alloc 37 452 8144 3648 456
free 32 -1 3824 456
alloc 15 311 104 3496 456
free 18 -1 3824 456
alloc 25 63 432 3744 456
alloc 20 298 2792 3424 456
free 35 -1 3912 456
alloc 22 41 768 3848 456
free 13 -1 4264 456
alloc 8 66 832 4176 456
free 7 -1 4264 456
free 42 -1 4504 456
free 17 -1 4792 456
free 28 -1 4920 456
alloc 43 474 920 4424 456
alloc 30 219 6240 4184 456
free 5 -1 4400 456
alloc 16 288 1872 4088 456
free 47 -1 4344 456
alloc 18 585 8616 3736 456
alloc 9 525 9224 3192 456
free 20 -1 3512 456
alloc 35 269 1416 3224 456
alloc 38 93 1704 3112 456
alloc 13 1 16 3088 456
free 8 -1 3176 456
free 23 -1 3640 456
free 10 -1 3792 456
alloc 33 166 2664 3608 456
free 44 -1 3920 456
free 43 -1 4416 456
free 14 -1 4888 456
alloc 5 360 832 4512 456
free 0 -1 4608 456
alloc 47 231 2848 4360 456
free 34 -1 4840 456
alloc 41 226 2184 4592 456
alloc 36 469 5664 4104 456
free 35 -1 4392 456
alloc 6 442 1208 3896 456
alloc 45 22 40 3832 456
alloc 24 5 512 3776 456
alloc 39 554 7184 3200 456
alloc 26 290 3096 2888 456
free 33 -1 3072 456
alloc 28 494 9768 2560 456
alloc 11 278 2432 2264 456
alloc 46 30 648 2216 456
free 5 -1 2592 456
free 16 -1 2904 456
free 31 -1 2984 456
free 18 -1 3592 456
free 25 -1 3672 456
free 36 -1 4160 456
alloc 35 307 832 3832 456
free 38 -1 3944 456
free 45 -1 4008 456
free 24 -1 4064 456
alloc 23 184 432 3848 456
free 26 -1 4160 456
alloc 33 356 1704 3784 456
alloc 44 274 3096 3488 456
free 11 -1 3784 456
alloc 14 147 2432 3616 456
free 37 -1 4088 456
alloc 16 365 5664 3704 456
free 47 -1 3952 456
alloc 34 123 2600 3808 456
alloc 25 587 7760 3200 456
alloc 20 454 8368 2728 456
free 35 -1 3056 456
alloc 38 346 832 2680 456
free 29 -1 3224 456
alloc 8 326 2744 2872 456
free 23 -1 3088 456
alloc 26 24 40 3024 456
alloc 17 466 3392 2536 456
free 44 -1 2832 456
free 27 -1 3080 456
free 46 -1 3128 456
alloc 5 585 10280 2520 456
free 16 -1 2904 456
free 15 -1 3232 456
alloc 2 144 104 3072 456
free 9 -1 3616 456
free 20 -1 4088 456
alloc 35 465 264 3584 456
free 22 -1 3648 456
alloc 29 442 5664 3184 456
alloc 40 567 8368 2600 456
free 39 -1 3176 456
alloc 10 474 7184 2680 456
free 1 -1 3280 456
free 28 -1 3792 456
alloc 43 433 4624 3336 456
alloc 46 11 768 3272 456
alloc 21 457 5080 2792 456
alloc 16 467 8952 2304 456
alloc 47 203 3096 2080 456
free 34 -1 2224 456
free 41 -1 2472 456
alloc 36 465 9440 1984 456
free 35 -1 2488 456
free 6 -1 2984 456
free 29 -1 3448 456
free 40 -1 4032 456
alloc 39 494 5560 3520 456
free 26 -1 3584 456
free 17 -1 4072 456
alloc 44 431 264 3624 456
alloc 27 519 3320 3088 456
free 46 -1 3152 456
alloc 37 177 1208 2952 456
free 16 -1 3440 456
alloc 31 185 1408 3232 456
free 2 -1 3392 456
alloc 9 231 2080 3144 456
alloc 20 131 40 2992 456
alloc 35 31 192 2920 456
free 38 -1 3296 456
alloc 45 325 712 2952 456
free 8 -1 3304 456
alloc 7 119 1056 3152 456
alloc 26 317 2600 2816 456
alloc 17 355 8368 2440 456
alloc 28 385 8744 2032 456
free 27 -1 2568 456
free 30 -1 2808 456
free 37 -1 3008 456
alloc 0 340 3320 2648 456
alloc 15 151 1208 2448 456
alloc 34 295 3680 2136 456
alloc 41 476 6072 1640 456
alloc 4 253 9152 1352 456
alloc 19 589 -1 1352 456
alloc 38 590 -1 1352 456
free 45 -1 1696 456
alloc 40 4 712 1672 456
alloc 23 495 -1 1672 456
free 10 -1 2168 456
free 17 -1 2544 456
free 44 -1 2992 456
alloc 27 37 264 2936 456
free 14 -1 3104 456
free 5 -1 3712 456
alloc 16 232 320 3464 456
free 15 -1 3664 456
alloc 2 308 7184 3336 456
free 25 -1 3944 456
free 4 -1 4232 456
alloc 3 195 736 4016 456
alloc 38 21 568 3976 456
free 13 -1 4000 456
alloc 8 313 7512 3664 456
free 39 -1 4176 456
alloc 10 438 5560 3720 456
alloc 1 44 608 3656 456
alloc 44 116 1208 3520 456
alloc 11 203 2328 3296 456
alloc 46 47 952 3232 456
alloc 37 586 7848 2624 456
alloc 32 596 9928 2008 456
alloc 15 461 10544 1528 456
free 2 -1 1856 456
free 41 -1 2352 456
free 36 -1 2840 456
free 3 -1 3056 456
alloc 22 71 736 2968 456
alloc 45 438 6016 2512 456
free 8 -1 2848 456
alloc 39 266 7184 2560 456
free 26 -1 2896 456
alloc 17 292 2552 2584 456
alloc 12 129 2864 2432 456
free 43 -1 2888 456
free 46 -1 2952 456
free 21 -1 3432 456
free 0 -1 3792 456
free 31 -1 4000 456
alloc 2 346 4624 3632 456
alloc 25 8 16 3608 456
alloc 4 218 1344 3368 456
alloc 3 561 9152 2784 456
free 38 -1 2824 456
alloc 13 423 4992 2384 456
free 40 -1 2408 456
free 39 -1 2696 456
alloc 26 177 824 2464 456
free 1 -1 2528 456
free 12 -1 2680 456
alloc 43 411 7184 2248 456
alloc 46 589 -1 2248 456
free 37 -1 2856 456
free 32 -1 3472 456
free 47 -1 3696 456
free 34 -1 4008 456
alloc 41 448 2864 3544 456
alloc 36 227 3328 3296 456
free 3 -1 3880 456
alloc 38 594 7616 3264 456
free 45 -1 3720 456
alloc 40 480 3576 3200 456
free 7 -1 3352 456
free 26 -1 3584 456
free 33 -1 3960 456
alloc 12 375 1584 3568 456
free 43 -1 4000 456
alloc 14 234 824 3744 456
alloc 5 273 6016 3448 456
free 16 -1 3696 456
alloc 47 592 9152 3088 456
alloc 18 133 320 2936 456
free 41 -1 3400 456
free 20 -1 3552 456
alloc 3 7 40 3528 456
free 22 -1 3616 456
free 13 -1 4056 456
alloc 8 485 4992 3552 456
alloc 7 337 2864 3192 456
alloc 26 15 64 3160 456
free 17 -1 3472 456
free 12 -1 3864 456
alloc 43 113 472 3728 456
alloc 30 166 608 3512 456
alloc 21 209 1584 3280 456
alloc 16 571 9760 2688 456
free 47 -1 3296 456
free 2 -1 3664 456
free 9 -1 3912 456
alloc 20 532 9152 3360 456
alloc 19 383 1816 2960 456
free 38 -1 3576 456
alloc 29 109 1080 3448 456
alloc 24 257 2552 3136 456
alloc 39 422 7184 2696 456
free 26 -1 2728 456
alloc 1 139 4624 2568 456
free 28 -1 2976 456
free 11 -1 3200 456
alloc 46 2 64 3176 456
free 5 -1 3472 456
alloc 0 85 88 3368 456
free 15 -1 3848 456
free 18 -1 4000 456
alloc 41 321 6016 3656 456
free 20 -1 4208 456
free 3 -1 4232 456
alloc 22 2 40 4208 456
free 29 -1 4336 456
free 8 -1 4840 456
alloc 23 332 4784 4488 456
alloc 42 114 320 4336 456
alloc 17 339 5136 3976 456
alloc 12 300 2216 3640 456
free 43 -1 3776 456
free 46 -1 3800 456
alloc 37 452 7624 3328 456
alloc 32 398 8096 2912 456
alloc 15 127 6360 2768 456
alloc 18 114 472 2632 456
free 25 -1 2656 456
alloc 20 18 1080 2616 456
alloc 3 16 1120 2584 456
free 22 -1 2608 456
alloc 45 112 6504 2456 456
free 40 -1 2976 456
free 39 -1 3416 456
free 42 -1 3568 456
free 1 -1 3728 456
free 44 -1 3864 456
alloc 43 386 3576 3456 456
free 14 -1 3712 456
free 21 -1 3944 456
free 16 -1 4536 456
alloc 31 511 8512 4008 456
alloc 34 182 824 3808 456
free 41 -1 4152 456
free 36 -1 4400 456
free 3 -1 4432 456
alloc 6 35 16 4360 456
alloc 29 262 3224 4080 456
alloc 40 339 7184 3720 456
free 7 -1 4080 456
alloc 42 232 2864 3832 456
alloc 1 572 9040 3240 456
alloc 28 591 9632 2632 456
free 27 -1 2688 456
alloc 46 471 10240 2200 456
free 37 -1 2672 456
free 32 -1 3088 456
alloc 47 191 264 2880 456
free 34 -1 3080 456
alloc 25 389 7544 2672 456
free 4 -1 2912 456
alloc 3 102 824 2792 456
alloc 38 164 1120 2608 456
alloc 13 492 1304 2096 456
free 24 -1 2408 456
alloc 7 136 2552 2256 456
free 10 -1 2712 456
free 1 -1 3304 456
alloc 44 395 5496 2888 456
alloc 27 99 944 2752 456
free 30 -1 2968 456
alloc 5 99 608 2848 456
alloc 32 195 5912 2632 456
free 31 -1 3160 456
alloc 34 540 7952 2600 456
alloc 41 53 728 2504 456
alloc 36 156 6128 2328 456
free 35 -1 2400 456
free 38 -1 2584 456
free 45 -1 2736 456
free 40 -1 3096 456
free 23 -1 3448 456
alloc 26 409 4624 3016 456
alloc 33 460 8512 2536 456
free 28 -1 3144 456
free 43 -1 3552 456
alloc 14 339 3504 3192 456
free 5 -1 3312 456
alloc 16 421 8992 2872 456
alloc 31 200 3864 2640 456
free 18 -1 2776 456
alloc 9 358 9432 2400 456
alloc 4 401 9808 1968 456
free 3 -1 2088 456
alloc 38 74 472 1992 456
free 29 -1 2272 456
alloc 40 504 10728 1736 456
free 7 -1 1888 456
alloc 10 307 3112 1560 456
alloc 1 485 -1 1560 456
alloc 28 44 192 1488 456
alloc 11 492 -1 1488 456
alloc 30 247 2552 1224 456
alloc 37 419 -1 1224 456
free 32 -1 1440 456
free 47 -1 1648 456
free 34 -1 2208 456
free 41 -1 2304 456
free 36 -1 2480 456
free 19 -1 2880 456
free 6 -1 2952 456
alloc 45 79 264 2856 456
alloc 8 525 7952 2296 456
alloc 23 294 568 1984 456
free 26 -1 2416 456
free 33 -1 2896 456
free 12 -1 3232 456
alloc 43 73 360 3120 456
free 46 -1 3608 456
alloc 21 489 1816 3096 456
free 0 -1 3200 456
free 15 -1 3344 456
alloc 34 337 4624 2984 456
alloc 41 526 5912 2440 456
free 20 -1 2480 456
alloc 19 551 -1 2480 456
alloc 22 307 7184 2120 456
free 13 -1 2632 456
free 8 -1 3192 456
alloc 39 86 16 3088 456
alloc 26 230 1080 2840 456
free 17 -1 3200 456
free 44 -1 3616 456
free 27 -1 3752 456
alloc 46 354 1328 3376 456
free 21 -1 3888 456
free 16 -1 4328 456
alloc 15 468 1704 3840 456
free 34 -1 4200 456
free 41 -1 4744 456
alloc 20 99 880 4624 456
alloc 35 311 2192 4264 456
alloc 6 13 120 4232 456
free 45 -1 4328 456
alloc 24 480 4624 3832 456
free 39 -1 3936 456
free 42 -1 4184 456
alloc 1 470 5120 3696 456
alloc 44 6 16 3672 456
alloc 11 317 5608 3336 456
free 30 -1 3600 456
alloc 37 452 2552 3128 456
alloc 0 148 5944 2960 456
free 31 -1 3192 456
alloc 2 141 3864 3032 456
alloc 41 492 6112 2488 456
free 4 -1 2920 456
alloc 3 384 7952 2520 456
free 6 -1 2552 456
alloc 45 320 8352 2216 456
free 24 -1 2712 456
alloc 7 378 4624 2312 456
free 26 -1 2560 456
free 1 -1 3048 456
free 44 -1 3072 456
alloc 27 405 5024 2648 456
free 14 -1 3008 456
alloc 5 205 1000 2784 456
alloc 32 325 3440 2440 456
free 15 -1 2928 456
free 2 -1 3088 456
free 9 -1 3464 456
free 20 -1 3584 456
free 35 -1 3944 456
free 22 -1 4304 456
alloc 29 478 1704 3808 456
alloc 8 169 2200 3616 456
free 23 -1 3928 456
alloc 42 312 568 3600 456
alloc 33 406 8688 3176 456
alloc 12 58 16 3096 456
free 27 -1 3520 456
alloc 30 538 5024 2936 456
alloc 21 349 9112 2568 456
alloc 16 247 3784 2304 456
alloc 47 303 7184 1984 456
alloc 34 117 2392 1824 456
free 25 -1 2232 456
alloc 20 224 7504 1992 456
alloc 19 579 9480 1392 456
alloc 22 263 10080 1112 456
free 29 -1 1608 456
alloc 24 381 1704 1208 456
alloc 39 34 96 1152 456
free 10 -1 1480 456
free 33 -1 1904 456
alloc 44 379 3024 1488 456
free 43 -1 1600 456
free 30 -1 2184 456
free 37 -1 2656 456
free 0 -1 2824 456
alloc 15 424 2552 2352 456
alloc 18 175 264 2144 456
free 41 -1 2688 456
alloc 36 92 5024 2576 456
free 19 -1 3176 456
alloc 6 145 5136 3008 456
free 45 -1 3344 456
free 40 -1 3880 456
alloc 23 248 5304 3616 456
alloc 10 268 5944 3328 456
alloc 1 346 6232 2960 456
free 12 -1 3040 456
free 11 -1 3376 456
free 46 -1 3752 456
free 21 -1 4120 456
free 16 -1 4384 456
free 47 -1 4704 456
free 34 -1 4864 456
alloc 25 363 1224 4480 456
free 20 -1 4720 456
alloc 35 110 2392 4560 456
free 6 -1 4728 456
alloc 29 319 5568 4392 456
alloc 40 344 7184 4032 456
free 39 -1 4088 456
free 42 -1 4416 456
free 1 -1 4784 456
alloc 12 335 568 4432 456
alloc 27 1 16 4408 456
alloc 46 468 8352 3920 456
alloc 37 19 40 3880 456
alloc 0 431 8840 3432 456
alloc 47 80 80 3320 456
alloc 2 280 3784 3008 456
alloc 9 577 9288 2408 456
alloc 4 328 6232 2064 456
free 35 -1 2224 456
free 38 -1 2320 456
alloc 45 167 7544 2136 456
free 8 -1 2328 456
free 7 -1 2728 456
alloc 26 391 2104 2320 456
alloc 17 293 4624 2008 456
free 28 -1 2080 456
alloc 43 153 7728 1904 456
free 46 -1 2392 456
free 37 -1 2432 456
free 0 -1 2880 456
alloc 31 310 8352 2552 456
free 18 -1 2760 456
free 25 -1 3144 456
free 36 -1 3256 456
free 3 -1 3656 456
alloc 6 422 1224 3216 456
free 29 -1 3552 456
free 24 -1 3952 456
alloc 7 188 192 3744 456
free 10 -1 4032 456
free 17 -1 4344 456
free 44 -1 4760 456
free 27 -1 4784 456
alloc 14 344 1664 4424 456
alloc 21 532 4624 3872 456
alloc 16 146 400 3704 456
free 31 -1 4032 456
alloc 34 568 5568 3448 456
alloc 25 428 7904 3000 456
alloc 20 35 16 2936 456
alloc 19 562 8352 2352 456
free 22 -1 2632 456
alloc 13 483 9888 2128 456
free 40 -1 2488 456
free 7 -1 2696 456
alloc 10 584 10392 2096 456
alloc 1 374 3024 1680 456
alloc 28 33 192 1624 456
free 43 -1 1800 456
free 14 -1 2160 456
alloc 37 332 1664 1808 456
alloc 0 84 248 1704 456
alloc 31 116 7184 1568 456
free 34 -1 2152 456
alloc 41 164 5568 1968 456
alloc 36 351 5752 1600 456
free 19 -1 2184 456
free 6 -1 2624 456
alloc 29 531 8352 2072 456
alloc 8 42 920 1992 456
alloc 39 292 1224 1680 456
alloc 42 177 7320 1456 456
free 1 -1 1872 456
free 28 -1 1928 456
alloc 11 176 3024 1736 456
alloc 30 435 -1 1736 456
free 21 -1 2288 456
free 32 -1 2632 456
free 15 -1 3104 456
free 2 -1 3416 456
free 41 -1 3600 456
free 4 -1 3944 456
alloc 19 552 3216 3376 456
alloc 38 565 4624 2792 456
free 29 -1 3344 456
alloc 24 590 8352 2736 456
free 23 -1 3000 456
free 26 -1 3408 456
alloc 33 118 2016 3272 456
alloc 44 244 2152 3008 456
alloc 27 552 2416 2440 456
alloc 30 338 5208 2080 456
free 37 -1 2432 456
free 16 -1 2600 456
alloc 15 133 352 2448 456
alloc 18 272 1536 2160 456
free 25 -1 2608 456
free 20 -1 2672 456
free 19 -1 3240 456
alloc 6 394 3216 2824 456
free 45 -1 3008 456
free 24 -1 3616 456
alloc 23 549 7544 3048 456
alloc 26 466 6120 2560 456
alloc 17 532 8112 2008 456
free 44 -1 2272 456
free 27 -1 2840 456
alloc 14 44 16 2776 456
alloc 21 16 192 2720 456
free 0 -1 2824 456
free 15 -1 2976 456
free 18 -1 3264 456
alloc 41 293 248 2944 456
free 36 -1 3312 456
alloc 3 137 1536 3152 456
free 6 -1 3568 456
free 13 -1 4072 456
free 8 -1 4152 456
free 23 -1 4720 456
free 26 -1 5208 456
alloc 1 290 1696 4888 456
alloc 44 50 920 4808 456
alloc 27 566 2152 4224 456
free 14 -1 4288 456
free 21 -1 4344 456
alloc 16 117 2736 4208 456
alloc 15 539 3216 3648 456
alloc 34 19 16 3584 456
alloc 25 371 5568 3192 456
alloc 4 89 2872 3080 456
alloc 35 302 3776 2760 456
alloc 6 464 5960 2280 456
alloc 45 460 7544 1800 456
alloc 8 318 8664 1464 456
alloc 23 211 9000 1232 456
free 42 -1 1456 456
free 1 -1 1776 456
free 44 -1 1856 456
alloc 43 446 9888 1392 456
free 30 -1 1752 456
alloc 21 326 5208 1392 456
alloc 32 41 920 1312 456
free 47 -1 1424 456
alloc 2 440 -1 1424 456
free 25 -1 1816 456
alloc 36 138 80 1648 456
free 35 -1 1968 456
free 38 -1 2552 456
alloc 29 362 4624 2168 456
free 8 -1 2504 456
free 39 -1 2816 456
free 10 -1 3416 456
free 33 -1 3552 456
free 12 -1 3904 456
free 27 -1 4488 456
alloc 46 147 568 4320 456
alloc 37 358 1696 3944 456
alloc 0 102 736 3824 456
alloc 47 363 2072 3440 456
free 34 -1 3504 456
alloc 25 217 1224 3264 456
alloc 20 4 16 3240 456
alloc 35 436 10352 2784 456
free 6 -1 3264 456
alloc 13 208 2456 3040 456
alloc 40 134 3776 2888 456
alloc 7 484 5568 2384 456
alloc 42 587 -1 2384 456
alloc 33 93 3928 2272 456
alloc 44 39 856 2208 456
free 11 -1 2400 456
alloc 14 48 1464 2328 456
free 37 -1 2704 456
free 16 -1 2840 456
free 31 -1 2976 456
alloc 2 246 1696 2712 456
free 25 -1 2952 456
free 36 -1 3120 456
free 35 -1 3576 456
alloc 38 527 6072 3032 456
free 13 -1 3256 456
free 40 -1 3408 456
free 23 -1 3640 456
alloc 10 416 8664 3208 456
free 33 -1 3320 456
alloc 28 537 10352 2760 456
free 43 -1 3224 456
free 14 -1 3296 456
free 21 -1 3656 456
alloc 16 217 1224 3416 456
free 15 -1 3976 456
alloc 18 338 2456 3616 456
free 41 -1 3936 456
alloc 36 47 40 3872 456
alloc 35 418 104 3408 456
alloc 22 209 2984 3176 456
alloc 13 518 3216 2640 456
alloc 24 215 3752 2408 456
alloc 39 580 -1 2408 456
alloc 42 433 5008 1952 456
free 17 -1 2504 456
free 44 -1 2568 456
alloc 27 381 8024 2168 456
alloc 30 219 7184 1928 456
alloc 37 295 9888 1616 456
free 32 -1 1696 456
free 47 -1 2080 456
free 2 -1 2344 456
free 9 -1 2944 456
free 20 -1 2968 456
alloc 19 536 1696 2416 456
free 22 -1 2648 456
free 13 -1 3184 456
alloc 8 593 2984 2568 456
alloc 23 522 9096 2024 456
alloc 26 275 10912 1728 456
alloc 17 49 856 1656 456
alloc 12 594 -1 1656 456
free 27 -1 2056 456
free 30 -1 2296 456
alloc 21 197 7184 2080 456
free 0 -1 2200 456
alloc 31 330 8024 1848 456
alloc 2 371 -1 1848 456
alloc 41 66 736 1728 456
free 4 -1 1840 456
free 35 -1 2304 456
alloc 6 354 104 1928 456
alloc 13 444 -1 1928 456
free 24 -1 2160 456
free 23 -1 2704 456
free 10 -1 3136 456
free 17 -1 3208 456
alloc 12 129 2248 3056 456
alloc 11 118 856 2912 456
alloc 14 316 3600 2576 456
free 37 -1 2888 456
free 16 -1 3128 456
alloc 47 282 1224 2816 456
alloc 2 170 8376 2624 456
free 41 -1 2744 456
free 36 -1 2808 456
free 3 -1 2968 456
alloc 22 142 1536 2808 456
alloc 13 567 8568 2224 456
free 8 -1 2840 456
free 7 -1 3344 456
free 26 -1 3640 456
alloc 1 378 2816 3240 456
free 28 -1 3800 456
alloc 43 51 16 3712 456
free 46 -1 3880 456
free 5 -1 4104 456
alloc 16 149 480 3936 456
alloc 15 531 5464 3384 456
alloc 34 347 3216 3000 456
alloc 41 544 9152 2440 456
alloc 36 531 9712 1888 456
alloc 35 46 648 1824 456
free 22 -1 1984 456
free 29 -1 2368 456
alloc 40 256 4624 2096 456
alloc 7 542 10264 1536 456
alloc 26 456 -1 1536 456
alloc 33 399 10824 1096 456
free 12 -1 1248 456
free 11 -1 1392 456
free 14 -1 1728 456
free 21 -1 1944 456
free 16 -1 2112 456
free 47 -1 2424 456
free 34 -1 2808 456
alloc 25 86 480 2704 456
alloc 4 320 712 2368 456
alloc 3 591 1048 1760 456
free 38 -1 2304 456
free 13 -1 2888 456
alloc 24 186 2248 2680 456
alloc 23 502 3216 2160 456
alloc 10 130 3736 2008 456
free 33 -1 2448 456
alloc 28 83 3888 2344 456
alloc 27 148 6016 2176 456
alloc 30 550 8568 1592 456
alloc 5 196 6184 1376 456
alloc 0 6 584 1352 456
alloc 47 267 7184 1064 456
free 2 -1 1256 456
free 41 -1 1816 456
free 36 -1 2368 456
free 3 -1 2976 456
alloc 38 584 1048 2376 456
free 45 -1 2856 456
free 40 -1 3128 456
free 23 -1 3648 456
free 42 -1 4104 456
free 1 -1 4504 456
alloc 12 221 2816 4264 456
free 43 -1 4352 456
alloc 14 400 3056 3936 456
alloc 21 372 4624 3544 456
alloc 32 487 7472 3040 456
free 15 -1 3592 456
alloc 34 288 5016 3288 456
alloc 9 343 5320 2928 456
alloc 20 203 3472 2704 456
free 19 -1 3256 456
alloc 22 370 1648 2864 456
alloc 29 8 16 2840 456
alloc 8 435 9152 2384 456
free 7 -1 2944 456
free 10 -1 3096 456
alloc 1 214 5680 2864 456
alloc 44 246 9608 2600 456
alloc 11 301 9872 2280 456
free 30 -1 2864 456
alloc 37 484 8376 2360 456
free 0 -1 2384 456
free 47 -1 2672 456
alloc 2 141 2040 2512 456
free 9 -1 2872 456
free 20 -1 3096 456
alloc 3 8 40 3072 456
free 6 -1 3448 456
alloc 13 398 64 3032 456
free 24 -1 3240 456
alloc 39 28 584 3176 456
alloc 10 391 3472 2760 456
alloc 17 358 10192 2384 456
free 28 -1 2488 456
alloc 43 18 2200 2448 456
alloc 46 16 2240 2416 456
free 21 -1 2808 456
alloc 0 579 10568 2208 456
alloc 47 260 4624 1928 456
free 34 -1 2232 456
free 25 -1 2336 456
alloc 20 337 4904 1976 456
alloc 19 288 5264 1672 456
free 38 -1 2272 456
free 13 -1 2688 456
free 8 -1 3144 456
free 39 -1 3208 456
alloc 26 147 64 3040 456
alloc 33 54 232 2968 456
alloc 28 63 304 2888 456
free 43 -1 2928 456
alloc 30 330 1048 2576 456
alloc 21 581 8880 1976 456
free 0 -1 2576 456
free 31 -1 2928 456
free 2 -1 3088 456
alloc 9 72 384 3000 456
free 4 -1 3336 456
free 19 -1 3640 456
alloc 38 284 712 3304 456
alloc 45 414 10568 2872 456
alloc 8 40 472 2816 456
alloc 7 400 5264 2400 456
free 26 -1 2568 456
free 17 -1 2944 456
free 12 -1 3184 456
alloc 43 40 64 3128 456
free 46 -1 3160 456
free 21 -1 3760 456
alloc 0 265 2040 3472 456
alloc 31 101 528 3352 456
free 18 -1 3712 456
free 9 -1 3800 456
alloc 36 500 2328 3280 456
free 3 -1 3304 456
alloc 6 321 7976 2960 456
alloc 13 503 8880 2440 456
alloc 40 193 1400 2192 456
alloc 23 528 -1 2192 456
alloc 26 145 2848 2024 456
alloc 17 351 10192 1648 456
free 44 -1 1912 456
free 43 -1 1968 456
free 14 -1 2384 456
free 5 -1 2600 456
free 32 -1 3104 456
free 47 -1 3384 456
alloc 34 3 40 3360 456
alloc 25 75 64 3264 456
alloc 4 345 3016 2896 456
alloc 3 204 4624 2672 456
free 22 -1 3064 456
free 13 -1 3584 456
free 8 -1 3640 456
free 7 -1 4056 456
alloc 42 501 7184 3536 456
free 1 -1 3768 456
free 28 -1 3848 456
free 27 -1 4016 456
alloc 46 516 5264 3480 456
free 37 -1 3984 456
alloc 32 513 5800 3448 456
free 31 -1 3568 456
free 34 -1 3592 456
alloc 41 83 304 3488 456
free 4 -1 3856 456
free 35 -1 3920 456
free 38 -1 4256 456
free 29 -1 4280 456
free 40 -1 4528 456
alloc 23 286 408 4224 456
free 42 -1 4744 456
alloc 1 168 712 4560 456
alloc 28 507 1400 4032 456
alloc 27 228 3016 3784 456
free 30 -1 4136 456
alloc 21 457 896 3632 456
free 32 -1 4168 456
alloc 31 558 5800 3592 456
alloc 18 420 7184 3152 456
free 25 -1 3248 456
free 20 -1 3608 456
free 3 -1 3832 456
free 6 -1 4176 456
alloc 13 128 16 4032 456
alloc 8 244 4624 3768 456
free 23 -1 4072 456
alloc 42 571 7624 3480 456
free 17 -1 3856 456
free 28 -1 4384 456
free 11 -1 4704 456
alloc 14 48 160 4632 456
alloc 37 393 1400 4216 456
free 0 -1 4504 456
alloc 47 294 1816 4192 456
alloc 2 398 8216 3776 456
alloc 25 436 8632 3320 456
free 36 -1 3840 456
alloc 35 551 2128 3272 456
alloc 38 495 9088 2760 456
free 13 -1 2904 456
alloc 40 165 408 2720 456
alloc 7 471 9600 2232 456
free 26 -1 2400 456
free 33 -1 2472 456
alloc 44 518 -1 2472 456
alloc 11 373 10088 2080 456
free 14 -1 2152 456
alloc 5 290 2696 1832 456
alloc 0 60 16 1752 456
alloc 15 583 -1 1752 456
free 18 -1 2192 456
free 41 -1 2296 456
alloc 20 218 96 2056 456
alloc 19 13 336 2024 456
alloc 6 532 -1 2024 456
free 45 -1 2456 456
alloc 24 95 592 2336 456
alloc 39 308 4888 2008 456
free 10 -1 2424 456
alloc 33 395 3264 2008 456
alloc 28 248 3680 1744 456
alloc 43 370 7184 1352 456
alloc 14 390 10480 944 456
free 21 -1 1448 456
free 0 -1 1528 456
alloc 15 530 -1 1528 456
alloc 34 478 896 1024 456
free 25 -1 1480 456
free 20 -1 1720 456
free 35 -1 2288 456
alloc 22 264 16 2008 456
alloc 29 406 2128 1584 456
free 40 -1 1768 456
free 39 -1 2096 456
free 42 -1 2688 456
alloc 17 105 368 2560 456
alloc 44 380 7576 2160 456
free 43 -1 2552 456
free 14 -1 2960 456
free 5 -1 3280 456
alloc 16 375 2552 2888 456
free 47 -1 3200 456
free 34 -1 3704 456
alloc 9 568 10480 3120 456
alloc 20 312 896 2792 456
alloc 3 406 8632 2336 456
free 38 -1 2848 456
alloc 13 292 1816 2536 456
free 8 -1 2800 456
alloc 39 194 4624 2584 456
alloc 10 589 -1 2584 456
free 1 -1 2768 456
free 44 -1 3168 456
free 27 -1 3416 456
free 46 -1 3952 456
alloc 5 107 712 3824 456
alloc 0 225 2944 3576 456
alloc 15 552 4840 3008 456
alloc 18 199 5408 2792 456
alloc 25 488 7184 2288 456
alloc 36 468 7688 1800 456
alloc 35 283 9088 1496 456
alloc 38 131 1224 1320 456
free 13 -1 1632 456
alloc 8 303 -1 1632 456
alloc 23 272 1816 1320 456
alloc 26 81 3944 1216 456
free 17 -1 1344 456
alloc 12 560 -1 1344 456
alloc 43 27 368 1296 456
alloc 46 549 -1 1296 456
free 37 -1 1712 456
free 0 -1 1960 456
free 31 -1 2536 456
alloc 34 131 416 2360 456
alloc 41 440 5624 1904 456
free 36 -1 2392 456
free 35 -1 2696 456
free 22 -1 2976 456
free 29 -1 3400 456
free 24 -1 3520 456
free 7 -1 4008 456
alloc 10 355 1400 3632 456
alloc 17 106 16 3504 456
alloc 12 447 6080 3040 456
free 11 -1 3432 456
alloc 46 420 7688 2992 456
free 5 -1 3120 456
free 16 -1 3512 456
free 15 -1 4080 456
free 34 -1 4256 456
free 25 -1 4760 456
free 20 -1 5088 456
free 19 -1 5120 456
free 38 -1 5296 456
alloc 29 210 416 5064 456
alloc 24 554 648 4488 456
free 39 -1 4704 456
free 26 -1 4808 456
free 33 -1 5224 456
alloc 44 128 144 5080 456
alloc 27 388 2128 4672 456
free 46 -1 5112 456
alloc 21 9 288 5080 456
alloc 0 582 2536 4480 456
alloc 15 201 3136 4256 456
free 2 -1 4672 456
alloc 25 89 1224 4560 456
alloc 20 116 3360 4424 456
alloc 35 428 4624 3976 456
alloc 38 568 7184 3392 456
alloc 45 34 1336 3328 456
free 24 -1 3904 456
alloc 39 518 648 3368 456
alloc 26 174 5072 3176 456
alloc 33 549 7768 2608 456
free 44 -1 2752 456
free 27 -1 3160 456
alloc 14 40 144 3104 456
alloc 37 409 9088 2672 456
alloc 32 135 2128 2520 456
alloc 47 542 9520 1960 456
free 18 -1 2176 456
free 25 -1 2288 456
alloc 36 344 5264 1928 456
free 3 -1 2384 456
alloc 6 573 8336 1792 456
alloc 13 11 200 1760 456
alloc 40 493 -1 1760 456
alloc 7 175 2280 1568 456
free 26 -1 1760 456
alloc 1 278 10080 1464 456
alloc 44 566 -1 1464 456
alloc 27 274 -1 1464 456
alloc 46 329 -1 1464 456
alloc 5 242 -1 1464 456
free 0 -1 2064 456
free 47 -1 2624 456
alloc 2 533 2472 2072 456
free 9 -1 2656 456
free 36 -1 3016 456
free 35 -1 3464 456
free 6 -1 4056 456
free 29 -1 4288 456
alloc 24 551 4624 3720 456
free 39 -1 4256 456
alloc 42 217 416 4016 456
free 33 -1 4584 456
free 28 -1 4848 456
free 43 -1 4896 456
alloc 46 472 656 4408 456
free 37 -1 4840 456
alloc 0 579 3496 4240 456
free 15 -1 4464 456
alloc 34 198 3024 4248 456
free 41 -1 4704 456
alloc 36 78 320 4608 456
alloc 35 485 5192 4104 456
free 38 -1 4688 456
free 13 -1 4720 456
alloc 40 291 5696 4408 456
free 7 -1 4600 456
free 42 -1 4840 456
free 17 -1 4968 456
alloc 44 388 7184 4560 456
alloc 11 115 416 4424 456
alloc 30 546 7592 3856 456
free 21 -1 3888 456
alloc 16 575 8160 3296 456
alloc 47 151 1144 3104 456
free 34 -1 3320 456
alloc 9 32 16 3272 456
free 20 -1 3408 456
alloc 19 363 3024 3024 456
alloc 6 50 64 2944 456
alloc 13 564 8752 2360 456
alloc 8 576 9336 1768 456
alloc 7 208 10376 1544 456
free 10 -1 1920 456
alloc 33 265 1400 1632 456
free 44 -1 2040 456
alloc 27 371 7184 1632 456
free 14 -1 1688 456
alloc 5 147 144 1512 456
free 16 -1 2104 456
alloc 15 128 2280 1960 456
alloc 18 327 8160 1616 456
free 9 -1 1664 456
free 36 -1 1760 456
free 35 -1 2264 456
free 6 -1 2344 456
free 13 -1 2928 456
free 8 -1 3520 456
alloc 39 357 5192 3144 456
alloc 10 116 8504 3008 456
free 33 -1 3296 456
alloc 28 173 1400 3104 456
free 11 -1 3240 456
alloc 14 275 320 2944 456
free 5 -1 3120 456
alloc 16 165 16 2936 456
free 47 -1 3128 456
free 18 -1 3472 456
alloc 25 347 8640 3104 456
alloc 4 81 200 2984 456
free 19 -1 3368 456
alloc 6 392 3024 2960 456
free 45 -1 3024 456
free 24 -1 3592 456
free 39 -1 3968 456
alloc 26 496 4624 3456 456
alloc 17 322 5136 3112 456
free 12 -1 3576 456
alloc 43 190 1144 3368 456
free 30 -1 3936 456
alloc 5 521 6008 3392 456
free 16 -1 3576 456
alloc 31 243 7592 3312 456
free 2 -1 3864 456
alloc 41 507 2424 3336 456
alloc 36 298 7856 3016 456
alloc 3 527 9008 2472 456
alloc 38 593 10600 1856 456
alloc 13 285 8176 1528 456
alloc 24 586 -1 1528 456
free 23 -1 1840 456
free 26 -1 2352 456
free 1 -1 2648 456
alloc 12 534 9552 2096 456
free 43 -1 2304 456
free 46 -1 2792 456
alloc 37 118 16 2656 456
free 0 -1 3256 456
free 31 -1 3520 456
alloc 34 497 616 3000 456
alloc 9 252 1592 2728 456
free 4 -1 2848 456
alloc 35 92 152 2736 456
free 38 -1 3352 456
alloc 45 394 3432 2936 456
alloc 8 516 10600 2400 456
free 7 -1 2624 456
alloc 42 395 4624 2208 456
alloc 1 43 1136 2144 456
alloc 44 7 264 2088 456
free 27 -1 2496 456
free 14 -1 2792 456
free 37 -1 2928 456
alloc 16 154 320 2752 456
free 15 -1 2896 456
free 34 -1 3416 456
free 41 -1 3944 456
alloc 4 598 496 3304 456
free 3 -1 3848 456
alloc 22 386 2280 3440 456
free 13 -1 3768 456
free 40 -1 4080 456
alloc 23 220 1864 3816 456
free 42 -1 4232 456
free 1 -1 4296 456
free 44 -1 4352 456
alloc 11 445 4624 3888 456
alloc 14 279 2688 3592 456
free 5 -1 4136 456
free 16 -1 4312 456
alloc 47 321 5480 3968 456
alloc 34 39 16 3912 456
free 25 -1 4280 456
alloc 20 426 5824 3832 456
alloc 3 544 7184 3272 456
alloc 38 222 1136 3008 456
alloc 29 563 8640 2424 456
alloc 40 212 264 2192 456
alloc 39 452 10104 1696 456
free 10 -1 1832 456
alloc 1 217 3848 1584 456
alloc 44 5 72 1560 456
alloc 27 293 6272 1248 456
alloc 30 227 8176 1000 456
alloc 37 543 -1 1000 456
alloc 0 203 9224 776 456
alloc 31 151 8424 608 456
alloc 18 353 -1 608 456
alloc 25 466 -1 608 456
free 4 -1 1248 456
free 3 -1 1808 456
free 6 -1 2216 456
free 29 -1 2800 456
free 40 -1 3032 456
free 39 -1 3528 456
alloc 10 30 96 3472 456
free 1 -1 3720 456
free 12 -1 4272 456
free 27 -1 4584 456
free 14 -1 4880 456
alloc 21 429 264 4432 456
free 32 -1 4584 456
free 47 -1 4928 456
alloc 18 488 2688 4424 456
alloc 25 541 7184 3864 456
free 20 -1 4312 456
free 35 -1 4424 456
free 22 -1 4832 456
alloc 13 148 712 4664 456
alloc 24 357 2128 4288 456
alloc 7 312 5480 3960 456
free 10 -1 4016 456
alloc 1 183 880 3816 456
free 44 -1 3840 456
alloc 27 459 5808 3360 456
alloc 14 204 3192 3120 456
free 21 -1 3568 456
free 0 -1 3792 456
free 31 -1 3960 456
alloc 2 362 72 3576 456
free 9 -1 3848 456
alloc 20 223 456 3592 456
alloc 19 310 6288 3264 456
alloc 6 97 1592 3144 456
free 45 -1 3560 456
free 24 -1 3936 456
free 7 -1 4264 456
alloc 10 372 2128 3872 456
free 1 -1 4072 456
free 28 -1 4264 456
free 11 -1 4728 456
free 14 -1 4968 456
alloc 21 315 3192 4632 456
alloc 0 312 3528 4304 456
alloc 31 40 880 4248 456
free 2 -1 4632 456
alloc 41 328 72 4288 456
alloc 4 561 8424 3704 456
alloc 3 228 4624 3456 456
alloc 22 237 4872 3192 456
alloc 29 7 416 3152 456
free 8 -1 3688 456
free 23 -1 3952 456
free 10 -1 4344 456
alloc 1 141 936 4184 456
alloc 44 81 1400 4080 456
alloc 43 502 1712 3560 456
alloc 46 220 2232 3320 456
free 21 -1 3656 456
alloc 32 321 9008 3312 456
alloc 47 16 1096 3272 456
free 34 -1 3328 456
free 41 -1 3672 456
free 4 -1 4256 456
free 19 -1 4584 456
free 6 -1 4704 456
alloc 45 263 16 4424 456
alloc 40 407 8424 4000 456
alloc 7 361 9352 3616 456
alloc 26 31 296 3568 456
free 17 -1 3912 456
free 44 -1 4016 456
alloc 11 79 1400 3920 456
free 30 -1 4168 456
alloc 37 366 5136 3784 456
free 0 -1 4112 456
free 31 -1 4168 456
free 18 -1 4672 456
alloc 41 398 2472 4256 456
free 20 -1 4512 456
alloc 19 87 456 4408 456
free 22 -1 4672 456
free 45 -1 4952 456
alloc 8 132 16 4800 456
free 7 -1 5184 456
alloc 10 401 2888 4760 456
alloc 17 552 3312 4192 456
alloc 28 26 168 4144 456
free 43 -1 4664 456
alloc 14 448 1496 4200 456
alloc 21 92 560 4088 456
alloc 0 517 9352 3552 456
free 47 -1 3592 456
alloc 2 398 9888 3176 456
free 25 -1 3736 456
alloc 20 315 6288 3368 456
free 3 -1 3616 456
alloc 6 205 1960 3392 456
free 13 -1 3560 456
free 8 -1 3712 456
alloc 23 236 672 3448 456
free 26 -1 3496 456
alloc 33 472 4624 2984 456
free 28 -1 3032 456
free 27 -1 3512 456
alloc 30 316 16 3176 456
alloc 5 482 5520 2672 456
free 32 -1 3016 456
alloc 15 263 7184 2736 456
alloc 18 394 8848 2320 456
alloc 9 314 7464 1984 456
free 20 -1 2352 456
free 19 -1 2456 456
free 6 -1 2680 456
free 29 -1 2720 456
free 40 -1 3144 456
free 23 -1 3408 456
alloc 42 241 672 3144 456
free 33 -1 3656 456
alloc 44 221 1960 3384 456
alloc 27 29 352 3336 456
free 14 -1 3800 456
free 5 -1 4304 456
free 0 -1 4840 456
free 15 -1 5120 456
free 2 -1 5536 456
free 9 -1 5872 456
free 36 -1 6192 456
alloc 3 235 1496 5936 456
alloc 6 363 4624 5552 456
alloc 45 307 5520 5224 456
alloc 8 81 400 5120 456
alloc 39 175 1752 4912 456
free 42 -1 5176 456
free 1 -1 5336 456
alloc 28 247 672 5072 456
free 11 -1 5168 456
free 30 -1 5504 456
free 21 -1 5616 456
alloc 16 407 5848 5192 456
alloc 47 439 7184 4736 456
alloc 34 13 16 4704 456
free 41 -1 5120 456
alloc 20 32 48 5072 456
free 3 -1 5328 456
free 38 -1 5592 456
alloc 13 132 96 5440 456
free 8 -1 5544 456
free 39 -1 5752 456
alloc 42 175 400 5560 456
alloc 1 495 936 5048 456
alloc 12 489 1448 4536 456
alloc 43 320 2472 4200 456
free 46 -1 4440 456
alloc 5 571 7640 3848 456
alloc 0 73 248 3744 456
alloc 15 88 2232 3640 456
alloc 2 490 8232 3128 456
alloc 9 355 6272 2744 456
alloc 4 338 9264 2384 456
alloc 3 129 3880 2232 456
alloc 22 190 9624 2024 456
free 13 -1 2176 456
alloc 24 52 96 2104 456
alloc 7 211 9832 1872 456
free 10 -1 2296 456
alloc 33 188 2808 2088 456
free 12 -1 2600 456
free 27 -1 2648 456
alloc 30 72 1448 2560 456
alloc 21 515 10064 2024 456
alloc 32 370 1536 1600 456
alloc 31 56 168 1520 456
free 34 -1 1552 456
alloc 41 520 10600 1016 456
free 4 -1 1376 456
free 3 -1 1528 456
free 6 -1 1912 456
alloc 29 79 2336 1816 456
free 24 -1 1888 456
alloc 39 360 4624 1512 456
alloc 26 448 -1 1512 456
free 17 -1 2080 456
alloc 12 543 3016 1520 456
free 43 -1 1856 456
alloc 14 298 2432 1536 456
free 37 -1 1920 456
free 0 -1 2024 456
free 15 -1 2128 456
free 2 -1 2640 456
free 9 -1 3024 456
alloc 4 240 3576 2768 456
alloc 3 223 3832 2504 456
free 22 -1 2712 456
free 45 -1 3040 456
alloc 24 578 5000 2440 456
free 39 -1 2816 456
alloc 26 167 4624 2632 456
free 33 -1 2840 456
free 28 -1 3104 456
alloc 43 489 8232 2592 456
alloc 46 131 248 2440 456
free 5 -1 3032 456
free 16 -1 3456 456
free 31 -1 3536 456
alloc 2 463 5600 3056 456
free 41 -1 3592 456
free 4 -1 3848 456
alloc 35 188 592 3640 456
alloc 6 574 7640 3048 456
alloc 13 456 6080 2576 456
alloc 8 92 96 2464 456
alloc 39 158 2752 2288 456
free 42 -1 2480 456
alloc 33 5 16 2448 456
alloc 28 18 208 2408 456
free 43 -1 2920 456
free 14 -1 3240 456
free 21 -1 3776 456
alloc 16 162 400 3584 456
free 47 -1 4040 456
free 18 -1 4456 456
alloc 9 199 2432 4240 456
alloc 36 432 7184 3784 456
free 35 -1 3992 456
alloc 38 183 592 3792 456
alloc 45 245 8232 3528 456
free 24 -1 4128 456
free 7 -1 4360 456
alloc 10 464 4808 3880 456
alloc 17 219 3576 3624 456
free 12 -1 4184 456
alloc 27 10 792 4152 456
free 30 -1 4240 456
alloc 37 188 2928 4032 456
free 16 -1 4224 456
alloc 15 567 8496 3640 456
alloc 34 111 400 3512 456
alloc 41 300 3136 3192 456
free 36 -1 3648 456
alloc 19 245 5288 3384 456
alloc 22 465 9080 2896 456
free 13 -1 3368 456
alloc 24 423 6080 2928 456
alloc 23 447 9568 2464 456
free 10 -1 2944 456
free 1 -1 3456 456
free 44 -1 3728 456
alloc 11 440 824 3272 456
alloc 14 430 4808 2792 456
alloc 5 541 10032 2232 456
free 32 -1 2656 456
alloc 31 343 1280 2296 456
free 2 -1 2776 456
alloc 25 490 1640 2264 456
alloc 4 236 5552 2008 456
free 19 -1 2272 456
free 38 -1 2472 456
free 45 -1 2736 456
free 24 -1 3176 456
alloc 7 477 5808 2680 456
free 26 -1 2864 456
free 17 -1 3120 456
free 28 -1 3160 456
alloc 43 365 7184 2776 456
alloc 30 162 528 2592 456
alloc 21 309 3456 2264 456
alloc 32 60 712 2184 456
free 15 -1 2768 456
alloc 18 320 6304 2416 456
free 25 -1 2928 456
free 4 -1 3184 456
free 3 -1 3448 456
free 22 -1 3936 456
alloc 45 518 1640 3400 456
free 8 -1 3512 456
free 7 -1 4008 456
alloc 42 111 96 3856 456
alloc 17 100 2176 3736 456
alloc 12 321 5288 3392 456
free 27 -1 3424 456
free 46 -1 3576 456
free 37 -1 3784 456
alloc 16 94 248 3672 456
free 31 -1 4032 456
free 18 -1 4384 456
free 41 -1 4704 456
free 20 -1 4752 456
alloc 35 595 5632 4136 456
alloc 38 507 2928 3608 456
free 45 -1 4144 456
alloc 24 492 1280 3632 456
alloc 7 323 1792 3288 456
free 42 -1 3440 456
free 33 -1 3472 456
alloc 28 597 8232 2856 456
free 43 -1 3240 456
free 30 -1 3424 456
free 21 -1 3752 456
free 16 -1 3864 456
alloc 47 389 3456 3456 456
free 34 -1 3584 456
alloc 41 256 16 3312 456
alloc 20 150 288 3144 456
free 35 -1 3760 456
free 38 -1 4288 456
alloc 13 386 2928 3880 456
alloc 40 376 5632 3488 456
free 39 -1 3664 456
alloc 42 133 456 3512 456
free 17 -1 3632 456
alloc 44 537 6024 3072 456
alloc 27 537 8848 2512 456
alloc 30 567 10592 1928 456
alloc 21 110 2136 1800 456
alloc 0 311 7184 1472 456
alloc 31 475 -1 1472 456
alloc 34 202 2648 1248 456
alloc 25 222 -1 1248 456
alloc 36 146 3864 1080 456
alloc 3 31 608 1032 456
alloc 22 460 -1 1032 456
free 29 -1 1128 456
alloc 8 573 -1 1128 456
free 7 -1 1472 456
alloc 10 162 1792 1288 456
alloc 1 256 -1 1288 456
free 44 -1 1848 456
free 27 -1 2408 456
free 30 -1 2992 456
alloc 37 230 6024 2744 456
alloc 16 155 4624 2560 456
alloc 15 161 6272 2376 456
free 34 -1 2600 456
free 9 -1 2816 456
free 20 -1 2984 456
free 3 -1 3032 456
alloc 38 192 2264 2824 456
free 13 -1 3232 456
free 24 -1 3744 456
free 23 -1 4208 456
free 42 -1 4360 456
alloc 33 301 288 4040 456
free 28 -1 4656 456
free 11 -1 5112 456
free 14 -1 5592 456
free 21 -1 5720 456
free 16 -1 5904 456
free 47 -1 6312 456
alloc 18 155 792 6136 456
alloc 9 103 968 6016 456
alloc 4 342 1088 5656 456
alloc 19 330 2472 5304 456
free 6 -1 5896 456
alloc 13 555 2824 5320 456
alloc 24 360 3400 4944 456
alloc 7 39 608 4888 456
free 10 -1 5072 456
alloc 1 502 1448 4552 456
free 12 -1 4896 456
alloc 11 285 4624 4592 456
alloc 14 47 1968 4528 456
free 5 -1 5088 456
free 0 -1 5416 456
alloc 31 84 2032 5312 456
free 18 -1 5488 456
alloc 25 327 4928 5144 456
free 4 -1 5504 456
alloc 3 392 7184 5096 456
free 38 -1 5304 456
alloc 45 368 7592 4920 456
alloc 8 522 7976 4376 456
alloc 23 311 1088 4016 456
alloc 26 332 5272 3656 456
free 33 -1 3976 456
alloc 12 11 288 3944 456
free 11 -1 4248 456
alloc 30 459 8520 3768 456
free 37 -1 4016 456
free 32 -1 4096 456
free 31 -1 4200 456
alloc 2 68 320 4112 456
free 25 -1 4456 456
alloc 20 553 4624 3880 456
free 3 -1 4288 456
alloc 38 205 664 4064 456
free 45 -1 4448 456
free 8 -1 4992 456
free 23 -1 5352 456
alloc 10 510 7184 4824 456
free 1 -1 5344 456
alloc 44 580 1088 4744 456
alloc 43 29 408 4696 456
alloc 46 271 2032 4408 456
alloc 21 581 7712 3808 456
alloc 0 162 1688 3624 456
alloc 47 415 9000 3192 456
alloc 18 496 9432 2680 456
alloc 25 429 9944 2232 456
free 36 -1 2400 456
alloc 35 464 10392 1920 456
alloc 22 367 10872 1528 456
alloc 45 366 -1 1528 456
free 24 -1 1904 456
alloc 39 2 456 1880 456
free 10 -1 2408 456
alloc 33 297 3400 2088 456
free 44 -1 2688 456
alloc 27 179 1088 2488 456
free 30 -1 2968 456
alloc 37 221 1288 2728 456
alloc 32 435 7184 2272 456
free 47 -1 2704 456
free 2 -1 2792 456
free 41 -1 3064 456
free 20 -1 3640 456
free 35 -1 4120 456
free 22 -1 4512 456
alloc 45 113 16 4376 456
alloc 24 180 3720 4176 456
alloc 23 264 4624 3896 456
free 26 -1 4256 456
alloc 1 290 4904 3944 456
alloc 28 285 5216 3640 456
alloc 11 169 6024 3448 456
free 14 -1 3512 456
free 21 -1 4112 456
alloc 16 37 152 4056 456
free 15 -1 4240 456
alloc 34 507 7640 3712 456
free 9 -1 3832 456
alloc 36 187 6216 3624 456
free 19 -1 3976 456
alloc 22 373 2320 3584 456
alloc 29 559 8168 3008 456
free 24 -1 3208 456
free 23 -1 3488 456
alloc 42 341 3720 3112 456
free 1 -1 3424 456
free 28 -1 3728 456
free 11 -1 3920 456
alloc 14 162 888 3720 456
alloc 5 441 4624 3256 456
free 0 -1 3440 456
alloc 47 176 1528 3248 456
free 34 -1 3776 456
free 25 -1 4224 456
alloc 4 544 8744 3664 456
alloc 35 513 5088 3120 456
alloc 6 151 1720 2952 456
free 13 -1 3528 456
free 40 -1 3920 456
free 39 -1 3944 456
free 42 -1 4320 456
free 33 -1 4640 456
free 12 -1 4672 456
free 27 -1 4872 456
alloc 30 494 2712 4360 456
free 37 -1 4600 456
alloc 0 542 3224 4040 456
alloc 31 94 208 3928 456
free 18 -1 4440 456
alloc 9 260 1088 4160 456
alloc 20 308 5632 3832 456
alloc 3 442 7640 3368 456
free 6 -1 3536 456
free 45 -1 3672 456
alloc 24 513 9304 3136 456
free 7 -1 3192 456
alloc 10 497 9840 2672 456
alloc 33 453 10360 2200 456
alloc 44 463 -1 2200 456
alloc 11 322 10832 1856 456
free 30 -1 2368 456
alloc 37 329 2712 2016 456
free 16 -1 2072 456
free 47 -1 2264 456
alloc 34 568 1368 1680 456
alloc 25 364 -1 1680 456
free 20 -1 2008 456
alloc 19 306 5632 1680 456
free 22 -1 2072 456
alloc 45 141 16 1880 456
free 24 -1 2416 456
alloc 7 399 9304 2000 456
alloc 42 274 2320 1704 456
alloc 1 206 3784 1480 456
alloc 28 33 320 1392 456
alloc 27 74 456 1296 456
free 46 -1 1584 456
alloc 21 167 1952 1400 456
free 0 -1 1960 456
alloc 15 295 3064 1648 456
free 34 -1 2232 456
alloc 25 415 1368 1800 456
free 36 -1 2008 456
free 35 -1 2552 456
free 38 -1 2776 456
free 45 -1 2968 456
alloc 8 354 3376 2560 456
alloc 39 468 5088 2072 456
free 10 -1 2592 456
free 33 -1 3064 456
alloc 12 499 5960 2544 456
free 11 -1 2888 456
alloc 30 267 552 2600 456
free 37 -1 2952 456
alloc 0 539 9720 2392 456
free 15 -1 2704 456
alloc 18 33 16 2648 456
free 9 -1 2928 456
alloc 36 342 2616 2568 456
free 3 -1 3032 456
alloc 38 165 1088 2848 456
alloc 45 547 10280 2280 456
free 8 -1 2688 456
free 7 -1 3104 456
free 42 -1 3400 456
alloc 17 409 2136 2968 456
free 28 -1 3056 456
alloc 11 579 2976 2456 456
alloc 46 303 7640 2136 456
free 21 -1 2320 456
free 0 -1 2880 456
alloc 47 95 72 2744 456
free 18 -1 2800 456
free 25 -1 3232 456
free 4 -1 3792 456
free 19 -1 4120 456
alloc 22 407 1272 3696 456
alloc 13 508 8744 3168 456
alloc 8 336 1696 2816 456
alloc 7 504 9272 2296 456
alloc 42 503 -1 2296 456
free 17 -1 2728 456
alloc 44 331 2048 2376 456
free 27 -1 2472 456
free 30 -1 2760 456
alloc 37 309 456 2432 456
alloc 16 150 2400 2264 456
alloc 15 536 -1 2264 456
alloc 18 79 784 2160 456
alloc 9 371 9792 1768 456
free 36 -1 2128 456
alloc 35 459 -1 2128 456
free 22 -1 2552 456
free 45 -1 3120 456
alloc 40 505 10184 2592 456
alloc 23 264 1272 2312 456
alloc 26 97 1552 2168 456
alloc 33 228 2568 1920 456
free 44 -1 2272 456
free 43 -1 2320 456
free 46 -1 2640 456
free 5 -1 3104 456
alloc 0 152 2048 2936 456
alloc 15 323 4624 2592 456
alloc 34 243 5576 2328 456
alloc 25 387 7640 1920 456
alloc 36 443 10712 1456 456
alloc 3 268 -1 1456 456
alloc 22 269 -1 1456 456
free 13 -1 1984 456
alloc 24 91 320 1848 456
free 23 -1 2128 456
free 26 -1 2272 456
alloc 17 530 -1 2272 456
alloc 28 356 1272 1896 456
free 11 -1 2496 456
alloc 46 244 2816 2232 456
free 37 -1 2560 456
free 0 -1 2728 456
free 47 -1 2864 456
free 18 -1 2968 456
free 9 -1 3360 456
alloc 4 224 456 3120 456
alloc 19 260 2048 2840 456
free 38 -1 3024 456
alloc 45 303 3080 2704 456
free 40 -1 3232 456
free 39 -1 3720 456
alloc 42 76 16 3624 456
free 1 -1 3848 456
free 28 -1 4224 456
alloc 43 377 1088 3824 456
alloc 30 582 3400 3224 456
alloc 5 364 4968 2840 456
free 16 -1 3008 456
free 15 -1 3352 456
alloc 2 375 8744 2960 456
alloc 9 460 9792 2480 456
free 4 -1 2720 456
alloc 35 516 -1 2720 456
alloc 38 400 456 2288 456
free 45 -1 2608 456
free 8 -1 2960 456
alloc 39 350 1488 2592 456
free 42 -1 2688 456
alloc 17 560 -1 2688 456
alloc 44 287 3080 2368 456
alloc 27 527 -1 2368 456
free 30 -1 2968 456
alloc 21 500 3400 2448 456
alloc 0 301 4624 2104 456
alloc 47 550 -1 2104 456
free 34 -1 2368 456
free 9 -1 2848 456
alloc 20 51 16 2776 456
alloc 3 205 2328 2536 456
alloc 22 234 5352 2280 456
alloc 45 221 5608 2040 456
alloc 8 251 9792 1768 456
free 39 -1 2136 456
alloc 26 109 1488 2008 456
free 33 -1 2256 456
free 12 -1 2776 456
alloc 27 418 5848 2336 456
alloc 30 476 10064 1840 456
alloc 37 572 -1 1840 456
free 32 -1 2296 456
free 31 -1 2408 456
free 2 -1 2800 456
alloc 41 12 88 2768 456
free 20 -1 2840 456
free 3 -1 3080 456
free 22 -1 3336 456
alloc 13 510 8744 2808 456
alloc 40 236 1616 2552 456
alloc 39 76 120 2456 456
free 26 -1 2584 456
alloc 1 593 -1 2584 456
alloc 12 563 -1 2584 456
free 27 -1 3024 456
free 14 -1 3224 456
free 21 -1 3744 456
alloc 16 64 216 3640 456
alloc 47 356 2328 3264 456
alloc 18 369 3400 2872 456
alloc 9 189 3792 2664 456
free 36 -1 3128 456
free 19 -1 3408 456
free 38 -1 3840 456
free 29 -1 4416 456
free 40 -1 4672 456
alloc 23 522 456 4128 456
alloc 26 131 1488 3976 456
alloc 33 230 1640 3728 456
free 44 -1 4048 456
free 43 -1 4448 456
alloc 14 349 1000 4080 456
free 5 -1 4464 456
free 16 -1 4568 456
free 47 -1 4944 456
alloc 2 3 16 4920 456
free 9 -1 5128 456
alloc 36 533 1888 4576 456
alloc 19 315 2440 4240 456
alloc 6 402 4968 3816 456
free 45 -1 4056 456
alloc 40 74 216 3952 456
free 23 -1 4496 456
free 26 -1 4648 456
alloc 1 207 456 4424 456
alloc 44 595 5392 3808 456
alloc 11 582 6008 3208 456
free 14 -1 3576 456
alloc 21 576 680 2984 456
alloc 16 206 1272 2760 456
alloc 47 114 1496 2616 456
free 18 -1 3008 456
free 25 -1 3416 456
alloc 4 26 40 3368 456
free 19 -1 3704 456
free 6 -1 4128 456
free 13 -1 4656 456
free 8 -1 4928 456
free 39 -1 5024 456
alloc 10 476 3080 4528 456
free 1 -1 4752 456
alloc 28 565 7184 4168 456
alloc 27 574 7768 3576 456
free 46 -1 3840 456
alloc 37 328 2440 3496 456
alloc 32 106 456 3368 456
free 47 -1 3512 456
alloc 34 491 3576 2992 456
alloc 9 22 120 2952 456
free 4 -1 3000 456
alloc 19 257 2784 2704 456
alloc 6 344 4968 2344 456
alloc 29 199 8360 2128 456
alloc 8 126 1496 1984 456
alloc 39 312 8576 1656 456
alloc 26 160 8904 1480 456
alloc 1 301 10560 1160 456
alloc 12 151 9080 968 456
free 27 -1 1560 456
alloc 46 548 7768 968 456
alloc 5 33 160 912 456
free 32 -1 1040 456
alloc 31 475 -1 1040 456
free 2 -1 1064 456
free 9 -1 1104 456
free 36 -1 1656 456
alloc 35 489 1888 1144 456
alloc 22 124 456 1000 456
alloc 45 199 9792 784 456
free 40 -1 888 456
alloc 23 110 10880 760 456
free 26 -1 936 456
alloc 17 477 -1 936 456
free 44 -1 1552 456
alloc 43 129 5328 1400 456
alloc 14 129 5480 1248 456
free 21 -1 1840 456
free 0 -1 2184 456
alloc 15 65 216 2080 456
alloc 18 108 600 1952 456
alloc 9 460 728 1472 456
alloc 20 572 -1 1472 456
alloc 3 58 4624 1392 456
free 22 -1 1536 456
free 29 -1 1752 456
free 8 -1 1896 456
free 39 -1 2224 456
alloc 26 142 4704 2064 456
alloc 17 120 456 1920 456
alloc 44 255 5632 1648 456
free 43 -1 1800 456
free 46 -1 2392 456
alloc 21 404 7768 1968 456
alloc 0 69 1496 1880 456
free 15 -1 1984 456
free 18 -1 2112 456
free 9 -1 2592 456
alloc 4 294 600 2280 456
free 19 -1 2576 456
free 6 -1 2936 456
alloc 29 440 4864 2480 456
alloc 40 197 912 2264 456
free 23 -1 2392 456
alloc 42 98 1128 2248 456
free 17 -1 2392 456
free 28 -1 2976 456
free 11 -1 3576 456
free 30 -1 4072 456
free 5 -1 4128 456
free 0 -1 4216 456
alloc 47 25 16 4144 456
alloc 2 389 5904 3736 456
alloc 25 111 120 3608 456
free 4 -1 3920 456
free 35 -1 4432 456
alloc 6 372 456 4040 456
free 45 -1 4256 456
free 40 -1 4472 456
alloc 39 436 1888 4016 456
free 10 -1 4512 456
free 33 -1 4760 456
alloc 28 488 2784 4256 456
alloc 27 141 848 4096 456
alloc 46 208 1496 3872 456
alloc 5 37 248 3800 456
alloc 0 67 1008 3680 456
free 47 -1 3752 456
free 2 -1 4160 456
free 25 -1 4288 456
alloc 36 166 3288 4104 456
alloc 35 509 5904 3576 456
alloc 22 80 120 3448 456
alloc 45 579 8192 2848 456
alloc 40 283 7184 2544 456
free 39 -1 3000 456
alloc 10 222 1720 2760 456
alloc 17 145 1960 2592 456
free 44 -1 2864 456
alloc 11 579 9792 2264 456
alloc 30 498 -1 2264 456
free 37 -1 2608 456
free 0 -1 2728 456
alloc 31 178 2128 2528 456
alloc 18 280 2328 2232 456
alloc 25 85 1008 2112 456
alloc 20 288 10880 1808 456
free 3 -1 1888 456
free 22 -1 2016 456
alloc 13 508 -1 2016 456
free 40 -1 2320 456
free 7 -1 2840 456
free 10 -1 3080 456
free 1 -1 3400 456
free 12 -1 3592 456
free 11 -1 4192 456
alloc 30 129 1720 4040 456
free 5 -1 4112 456
alloc 32 27 16 4040 456
alloc 47 130 120 3888 456
alloc 2 202 5632 3664 456
free 25 -1 3784 456
free 36 -1 3968 456
alloc 19 422 7184 3528 456
free 6 -1 3920 456
alloc 13 351 456 3528 456
alloc 8 367 8792 3144 456
alloc 39 413 9176 2712 456
alloc 10 100 1008 2592 456
alloc 1 106 2624 2432 456
alloc 12 528 9608 1888 456
alloc 43 435 10152 1432 456
free 46 -1 1656 456
alloc 37 240 3288 1368 456
free 32 -1 1440 456
alloc 15 475 -1 1440 456
free 2 -1 1664 456
alloc 9 54 16 1592 456
alloc 36 211 5632 1360 456
free 19 -1 1800 456
alloc 38 138 1496 1640 456
free 29 -1 2096 456
alloc 40 16 272 2048 456
alloc 23 75 4864 1952 456
free 42 -1 2096 456
alloc 33 495 4960 1576 456
alloc 44 249 7184 1304 456
free 27 -1 1464 456
alloc 46 436 -1 1464 456
alloc 5 513 -1 1464 456
free 16 -1 1688 456
free 47 -1 1840 456
alloc 2 72 120 1752 456
free 41 -1 1784 456
free 36 -1 2016 456
alloc 19 20 208 1952 456
alloc 6 231 1128 1704 456
alloc 29 386 -1 1704 456
free 8 -1 2088 456
free 39 -1 2520 456
free 26 -1 2680 456
free 1 -1 2840 456
free 12 -1 3384 456
free 43 -1 3840 456
alloc 46 539 8792 3280 456
alloc 5 100 848 3160 456
alloc 32 584 9352 2560 456
alloc 47 203 4624 2320 456
free 18 -1 2616 456
free 9 -1 2688 456
free 20 -1 2992 456
free 35 -1 3520 456
alloc 22 251 2328 3248 456
alloc 29 101 1376 3128 456
free 40 -1 3176 456
alloc 39 270 5632 2888 456
alloc 42 451 5920 2416 456
free 33 -1 2936 456
alloc 12 53 16 2832 456
alloc 43 300 4960 2512 456
free 14 -1 2664 456
free 37 -1 2952 456
alloc 16 386 9952 2544 456
alloc 15 356 10360 2168 456
free 34 -1 2688 456
alloc 9 295 3288 2376 456
alloc 36 384 3600 1976 456
alloc 3 101 2600 1856 456
free 38 -1 2016 456
free 29 -1 2136 456
alloc 40 253 1376 1864 456
alloc 7 463 10736 1384 456
free 42 -1 1856 456
free 17 -1 2024 456
free 12 -1 2128 456
free 43 -1 2448 456
free 46 -1 3008 456
free 5 -1 3128 456
alloc 0 524 4960 2584 456
free 47 -1 2824 456
alloc 18 146 1872 2656 456
alloc 25 503 5920 2136 456
alloc 20 466 8792 1648 456
free 19 -1 1712 456
alloc 38 486 -1 1712 456
free 45 -1 2312 456
free 24 -1 2448 456
free 23 -1 2544 456
free 10 -1 2664 456
alloc 1 257 848 2384 456
free 28 -1 2888 456
alloc 43 338 2720 2528 456
free 30 -1 2680 456
alloc 5 325 8192 2336 456
free 0 -1 2880 456
free 15 -1 3256 456
alloc 34 102 208 3136 456
free 9 -1 3448 456
free 20 -1 3936 456
alloc 35 133 1648 3784 456
free 22 -1 4056 456
alloc 29 550 4624 3488 456
alloc 24 70 16 3384 456
alloc 23 330 3080 3032 456
alloc 10 110 328 2904 456
alloc 17 9 1800 2872 456
free 44 -1 3144 456
alloc 27 424 5192 2704 456
alloc 14 357 7184 2328 456
free 5 -1 2672 456
free 32 -1 3272 456
alloc 15 197 2328 3056 456
free 18 -1 3224 456
alloc 41 394 8192 2808 456
alloc 20 120 1832 2672 456
alloc 19 11 1968 2640 456
free 6 -1 2888 456
free 29 -1 3456 456
free 24 -1 3560 456
free 39 -1 3848 456
alloc 42 79 16 3744 456
alloc 33 385 4624 3336 456
alloc 44 411 8608 2904 456
free 27 -1 3344 456
free 14 -1 3720 456
alloc 5 483 5032 3216 456
alloc 0 97 1128 3096 456
free 15 -1 3312 456
free 34 -1 3432 456
free 41 -1 3848 456
alloc 4 170 2328 3656 456
free 3 -1 3776 456
alloc 38 507 7184 3248 456
alloc 45 145 2520 3048 456
alloc 8 167 5536 2864 456
free 23 -1 3216 456
alloc 26 177 3080 3016 456
free 1 -1 3296 456
free 44 -1 3728 456
alloc 11 209 848 3496 456
alloc 46 381 8192 3096 456
free 21 -1 3520 456
free 16 -1 3928 456
free 31 -1 4128 456
alloc 34 499 8592 3608 456
free 25 -1 4128 456
free 4 -1 4320 456
free 35 -1 4472 456
alloc 22 165 2000 4288 456
free 45 -1 4488 456
free 40 -1 4760 456
alloc 23 283 1248 4456 456
free 26 -1 4656 456
free 33 -1 5064 456
alloc 12 567 5720 4480 456
free 43 -1 4840 456
alloc 14 242 2184 4576 456
free 5 -1 5080 456
free 0 -1 5200 456
alloc 15 174 1552 5008 456
alloc 18 397 2448 4592 456
alloc 9 425 2864 4144 456
free 20 -1 4280 456
free 19 -1 4312 456
alloc 6 415 4624 3880 456
alloc 45 23 208 3840 456
free 8 -1 4024 456
alloc 39 467 5056 3536 456
free 42 -1 3640 456
alloc 1 48 16 3576 456
alloc 28 523 9112 3032 456
alloc 27 444 7712 2552 456
free 14 -1 2816 456
alloc 37 414 9656 2384 456
alloc 32 32 248 2304 456
alloc 31 150 1080 2136 456
free 34 -1 2656 456
free 9 -1 3104 456
alloc 4 359 2864 2728 456
alloc 3 42 1832 2664 456
free 38 -1 3192 456
alloc 29 205 2184 2968 456
alloc 24 369 7184 2576 456
free 7 -1 3056 456
free 10 -1 3184 456
free 1 -1 3248 456
free 12 -1 3832 456
free 27 -1 4312 456
alloc 30 109 328 4184 456
alloc 5 279 3240 3888 456
alloc 0 421 5544 3448 456
free 31 -1 3616 456
free 18 -1 4032 456
alloc 9 303 2408 3712 456
free 4 -1 4088 456
alloc 19 506 5984 3560 456
free 22 -1 3744 456
free 45 -1 3784 456
alloc 40 237 1896 3496 456
free 23 -1 3800 456
alloc 42 34 16 3744 456
free 17 -1 3776 456
alloc 12 92 1080 3664 456
free 11 -1 3896 456
free 30 -1 4024 456
free 37 -1 4456 456
free 0 -1 4896 456
alloc 31 164 848 4712 456
alloc 18 562 7576 4096 456
alloc 25 151 1192 3928 456
free 36 -1 4328 456
free 19 -1 4856 456
alloc 22 489 2728 4344 456
free 29 -1 4568 456
free 24 -1 4960 456
alloc 7 42 328 4896 456
alloc 10 359 3536 4520 456
alloc 1 313 5544 4184 456
alloc 44 93 1360 4072 456
alloc 27 21 72 4024 456
alloc 30 467 5880 3536 456
alloc 21 346 7184 3144 456
free 32 -1 3224 456
free 15 -1 3416 456
free 2 -1 3504 456
alloc 41 279 1472 3208 456
alloc 20 49 120 3136 456
free 3 -1 3200 456
alloc 38 365 8592 2816 456
alloc 45 579 9656 2216 456
free 40 -1 2504 456
alloc 23 266 1768 2216 456
free 10 -1 2592 456
alloc 17 393 3536 2176 456
free 44 -1 2288 456
free 27 -1 2336 456
free 30 -1 2824 456
free 5 -1 3120 456
alloc 16 359 5880 2744 456
alloc 15 477 10256 2248 456
alloc 2 147 2056 2080 456
free 9 -1 2400 456
alloc 4 379 2224 2000 456
alloc 3 94 192 1864 456
free 6 -1 2296 456
free 45 -1 2896 456
alloc 8 400 4624 2464 456
free 23 -1 2752 456
alloc 10 69 1360 2640 456
alloc 33 169 1768 2448 456
free 28 -1 2992 456
alloc 27 211 3240 2760 456
alloc 30 65 1960 2664 456
alloc 5 371 6256 2264 456
alloc 32 67 2624 2160 456
free 15 -1 2656 456
free 18 -1 3272 456
alloc 9 235 7576 3016 456
free 20 -1 3088 456
alloc 35 59 72 3008 456
alloc 6 25 392 2944 456
free 13 -1 3336 456
alloc 40 417 8976 2896 456
free 39 -1 3384 456
free 10 -1 3496 456
free 1 -1 3832 456
free 12 -1 3944 456
alloc 11 105 456 3816 456
alloc 14 203 584 3592 456
alloc 37 272 5056 3304 456
alloc 0 256 5344 3032 456
free 31 -1 3216 456
alloc 34 491 9416 2704 456
free 9 -1 2960 456
alloc 36 51 808 2888 456
alloc 19 409 7576 2456 456
free 22 -1 2968 456
alloc 45 588 9928 2360 456
free 40 -1 2800 456
alloc 23 323 2728 2456 456
alloc 10 283 880 2144 456
alloc 1 125 3072 1976 456
alloc 44 73 1360 1864 456
alloc 43 262 8976 1584 456
free 30 -1 1680 456
free 21 -1 2072 456
free 0 -1 2344 456
alloc 47 424 5344 1904 456
alloc 18 277 7184 1608 456
alloc 9 297 10536 1288 456
free 4 -1 1688 456
free 3 -1 1824 456
alloc 22 460 -1 1824 456
alloc 29 442 -1 1824 456
alloc 24 10 152 1792 456
alloc 39 243 2224 1528 456
free 42 -1 1584 456
free 1 -1 1752 456
free 44 -1 1864 456
free 27 -1 2096 456
free 46 -1 2496 456
free 5 -1 2896 456
alloc 0 230 3072 2648 456
alloc 15 441 8008 2184 456
free 34 -1 2696 456
free 41 -1 2992 456
alloc 4 223 1360 2752 456
free 19 -1 3184 456
free 38 -1 3568 456
alloc 29 213 6256 3336 456
alloc 40 142 1600 3168 456
free 7 -1 3232 456
free 10 -1 3544 456
alloc 1 283 880 3232 456
alloc 12 277 7480 2936 456
free 43 -1 3216 456
alloc 46 466 8472 2728 456
alloc 5 383 8960 2328 456
free 16 -1 2704 456
alloc 31 529 9360 2136 456
free 2 -1 2304 456
free 9 -1 2624 456
free 4 -1 2864 456
alloc 19 194 1360 2624 456
alloc 38 215 1960 2360 456
free 29 -1 2592 456
free 8 -1 3024 456
alloc 7 95 184 2912 456
alloc 42 226 4624 2664 456
free 33 -1 2856 456
free 12 -1 3152 456
alloc 27 82 1768 3048 456
alloc 30 340 5784 2688 456
alloc 21 399 6144 2272 456
alloc 16 321 7480 1928 456
free 47 -1 2368 456
alloc 2 381 5344 1968 456
alloc 9 162 3320 1752 456
alloc 4 269 10536 1464 456
alloc 3 368 10824 1080 456
alloc 22 521 -1 1080 456
free 45 -1 1688 456
free 24 -1 1720 456
free 39 -1 1984 456
alloc 26 588 9928 1376 456
alloc 33 11 16 1320 456
alloc 44 573 -1 1320 456
free 27 -1 1424 456
free 46 -1 1912 456
free 5 -1 2312 456
free 32 -1 2416 456
free 31 -1 2984 456
free 18 -1 3280 456
free 9 -1 3496 456
alloc 20 33 296 3440 456
free 3 -1 3824 456
alloc 22 96 1768 3712 456
alloc 45 427 2224 3264 456
alloc 8 153 3320 3088 456
free 23 -1 3432 456
free 26 -1 4040 456
free 33 -1 4096 456
alloc 28 351 2672 3696 456
free 11 -1 3824 456
free 30 -1 4184 456
free 37 -1 4472 456
alloc 32 284 4872 4168 456
alloc 31 98 456 4040 456
alloc 18 568 8472 3456 456
alloc 9 600 9056 2840 456
free 20 -1 2896 456
free 19 -1 3136 456
free 22 -1 3248 456
alloc 13 124 1360 3104 456
alloc 24 165 1768 2912 456
alloc 39 106 3952 2768 456
alloc 10 181 5744 2568 456
free 17 -1 2984 456
alloc 12 57 296 2888 456
alloc 11 582 9672 2288 456
alloc 30 545 -1 2288 456
free 21 -1 2704 456
free 16 -1 3048 456
free 15 -1 3512 456
free 18 -1 4096 456
free 9 -1 4712 456
alloc 20 407 3496 4256 456
alloc 19 406 5944 3832 456
free 38 -1 4096 456
free 45 -1 4544 456
free 40 -1 4712 456
free 39 -1 4856 456
alloc 26 585 1960 4248 456
alloc 17 303 7184 3928 456
free 12 -1 4024 456
free 11 -1 4624 456
alloc 30 384 7504 4224 456
alloc 21 155 1504 4048 456
free 0 -1 4296 456
alloc 47 477 7904 3800 456
alloc 34 515 8400 3264 456
free 25 -1 3432 456
free 36 -1 3504 456
free 35 -1 3584 456
free 6 -1 3648 456
alloc 45 124 16 3480 456
free 8 -1 3656 456
alloc 23 67 296 3568 456
free 42 -1 3816 456
free 1 -1 4128 456
alloc 12 255 808 3856 456
alloc 11 140 1080 3696 456
free 14 -1 3920 456
alloc 5 521 8936 3376 456
alloc 0 471 9480 2888 456
free 31 -1 3016 456
free 34 -1 3552 456
alloc 9 129 384 3400 456
free 20 -1 3856 456
alloc 35 33 536 3800 456
alloc 38 521 3072 3256 456
free 45 -1 3424 456
free 24 -1 3616 456
free 23 -1 3704 456
free 26 -1 4312 456
alloc 33 466 1680 3824 456
free 28 -1 4224 456
free 11 -1 4384 456
alloc 46 291 2168 4072 456
free 21 -1 4248 456
alloc 16 243 1080 3968 456
alloc 15 41 16 3904 456
free 2 -1 4304 456
free 9 -1 4456 456
alloc 20 124 296 4312 456
free 35 -1 4368 456
alloc 6 422 2480 3928 456
alloc 29 13 80 3896 456
alloc 40 486 5176 3392 456
alloc 23 137 440 3232 456
alloc 42 571 -1 3232 456
free 33 -1 3720 456
free 12 -1 3992 456
alloc 11 154 600 3816 456
alloc 14 96 776 3704 456
alloc 37 1 112 3680 456
free 0 -1 4168 456
alloc 31 73 888 4072 456
alloc 2 390 1504 3664 456
alloc 25 516 8400 3128 456
free 20 -1 3272 456
free 19 -1 3696 456
free 38 -1 4240 456
free 13 -1 4384 456
free 40 -1 4888 456
free 23 -1 5048 456
alloc 26 437 2920 4592 456
alloc 33 176 296 4400 456
alloc 12 196 1912 4184 456
alloc 27 570 3376 3592 456
free 14 -1 3704 456
free 5 -1 4248 456
free 32 -1 4552 456
free 15 -1 4616 456
free 2 -1 5024 456
alloc 9 98 1360 4904 456
alloc 20 130 1480 4752 456
alloc 19 205 1632 4528 456
alloc 38 494 4624 4016 456
alloc 13 478 5136 3520 456
alloc 8 18 16 3456 456
alloc 23 519 5944 2920 456
free 26 -1 3376 456
free 17 -1 3696 456
alloc 44 485 8936 3192 456
alloc 43 546 9440 2624 456
alloc 14 198 2920 2408 456
alloc 5 85 488 2296 456
free 16 -1 2576 456
free 47 -1 3072 456
alloc 34 366 7904 2688 456
free 9 -1 2808 456
alloc 36 102 984 2688 456
alloc 3 483 10008 2160 456
alloc 22 520 -1 2160 456
free 29 -1 2192 456
alloc 40 227 1104 1944 456
free 23 -1 2480 456
alloc 42 392 5944 2072 456
alloc 17 1 80 2040 456
free 12 -1 2256 456
free 11 -1 2432 456
free 14 -1 2648 456
free 5 -1 2760 456
alloc 16 503 -1 2760 456
alloc 15 197 488 2544 456
alloc 2 555 -1 2544 456
free 25 -1 3080 456
free 36 -1 3200 456
free 3 -1 3728 456
free 38 -1 4240 456
free 13 -1 4736 456
free 40 -1 4984 456
alloc 23 253 984 4712 456
alloc 26 410 2920 4256 456
free 17 -1 4288 456
free 44 -1 4792 456
alloc 11 14 80 4760 456
alloc 14 164 704 4576 456
alloc 5 107 1256 4448 456
alloc 16 382 4624 4048 456
free 15 -1 4264 456
free 34 -1 4648 456
alloc 9 43 488 4584 456
free 20 -1 4736 456
alloc 35 491 5024 4224 456
alloc 38 371 7904 3832 456
alloc 29 452 8296 3360 456
alloc 24 284 1856 3048 456
free 7 -1 3160 456
free 42 -1 3568 456
alloc 17 55 136 3496 456
alloc 28 109 552 3344 456
free 43 -1 3912 456
free 46 -1 4224 456
alloc 21 523 5944 3680 456
alloc 32 298 7184 3360 456
free 31 -1 3456 456
alloc 2 145 1384 3288 456
free 9 -1 3352 456
alloc 36 419 8768 2912 456
alloc 3 92 2168 2800 456
free 6 -1 3240 456
alloc 13 58 208 3152 456
alloc 40 576 2280 2560 456
free 23 -1 2832 456
free 26 -1 3288 456
free 33 -1 3480 456
alloc 44 425 2872 3032 456
free 11 -1 3064 456
free 14 -1 3248 456
free 21 -1 3792 456
alloc 0 415 704 3360 456
alloc 31 283 5944 3056 456
free 2 -1 3224 456
alloc 41 555 9208 2648 456
free 36 -1 3088 456
free 35 -1 3600 456
alloc 6 383 5024 3200 456
free 13 -1 3288 456
free 40 -1 3880 456
alloc 39 507 2280 3352 456
alloc 26 279 208 3056 456
alloc 1 88 1136 2936 456
alloc 12 262 5424 2656 456
free 27 -1 3248 456
alloc 14 9 80 3216 456
free 37 -1 3240 456
free 0 -1 3672 456
alloc 15 201 704 3448 456
alloc 18 76 928 3352 456
alloc 9 284 3320 3048 456
free 4 -1 3336 456
free 19 -1 3560 456
free 6 -1 3960 456
alloc 45 322 1384 3616 456
free 8 -1 3680 456
alloc 7 292 3624 3368 456
alloc 42 171 5024 3176 456
free 1 -1 3296 456
free 28 -1 3448 456
alloc 11 362 6248 3040 456
alloc 46 530 9784 2488 456
alloc 21 44 16 2424 456
free 32 -1 2744 456
alloc 47 46 504 2680 456
free 18 -1 2776 456
free 41 -1 3352 456
alloc 20 115 568 3216 456
alloc 35 519 8768 2680 456
alloc 22 266 928 2392 456
free 45 -1 2736 456
free 24 -1 3048 456
alloc 23 4 112 3024 456
free 42 -1 3216 456
alloc 1 110 1384 3088 456
free 12 -1 3368 456
alloc 27 538 1512 2808 456
free 46 -1 3360 456
alloc 37 516 5024 2824 456
alloc 32 94 3936 2712 456
free 47 -1 2776 456
alloc 34 375 9304 2384 456
alloc 25 351 9696 2016 456
alloc 4 213 7184 1784 456
free 3 -1 1896 456
free 22 -1 2184 456
alloc 45 232 928 1936 456
alloc 24 391 10064 1528 456
free 39 -1 2056 456
alloc 42 185 2072 1848 456
free 17 -1 1920 456
alloc 12 115 2280 1784 456
free 27 -1 2344 456
alloc 46 24 136 2272 456
free 5 -1 2400 456
free 32 -1 2512 456
free 31 -1 2816 456
free 34 -1 3208 456
free 9 -1 3512 456
free 4 -1 3744 456
alloc 3 563 10472 3160 456
alloc 22 336 1512 2808 456
free 29 -1 3280 456
alloc 40 147 1176 3112 456
alloc 39 183 1864 2904 456
free 42 -1 3112 456
alloc 17 137 2072 2952 456
free 12 -1 3088 456
alloc 27 456 2232 2616 456
free 14 -1 2648 456
free 21 -1 2712 456
alloc 32 196 3320 2496 456
alloc 47 223 5944 2256 456
alloc 18 280 7184 1936 456
alloc 41 170 8296 1744 456
free 20 -1 1880 456
free 3 -1 2464 456
free 22 -1 2816 456
free 45 -1 3064 456
free 40 -1 3232 456
free 39 -1 3440 456
free 26 -1 3736 456
free 1 -1 3864 456
alloc 12 473 208 3368 456
alloc 43 504 928 2848 456
alloc 14 84 1448 2744 456
alloc 21 88 1552 2640 456
free 32 -1 2856 456
free 15 -1 3080 456
free 18 -1 3400 456
alloc 9 355 1656 3024 456
alloc 4 250 3320 2720 456
free 35 -1 3256 456
alloc 6 169 704 3032 456
alloc 45 41 16 2936 456
alloc 40 49 2704 2864 456
free 7 -1 3176 456
free 10 -1 3376 456
alloc 33 76 2776 3280 456
alloc 28 221 3624 3040 456
free 43 -1 3560 456
free 30 -1 3960 456
free 37 -1 4496 456
free 16 -1 4896 456
free 47 -1 5136 456
alloc 18 38 928 5080 456
free 25 -1 5448 456
free 4 -1 5752 456
alloc 19 369 984 5360 456
free 38 -1 5752 456
alloc 13 506 4624 5224 456
free 24 -1 5632 456
free 23 -1 5656 456
alloc 42 93 3320 5544 456
free 17 -1 5704 456
free 12 -1 6200 456
alloc 43 398 208 5784 456
free 14 -1 5888 456
free 21 -1 5992 456
alloc 32 129 1376 5840 456
alloc 15 478 5152 5344 456
alloc 2 320 5648 5008 456
alloc 25 182 2032 4808 456
alloc 36 90 1528 4680 456
alloc 3 527 7184 4136 456
alloc 22 428 7728 3688 456
free 45 -1 3784 456
free 40 -1 3856 456
alloc 39 139 3432 3664 456
alloc 26 223 5984 3400 456
alloc 1 96 16 3280 456
free 44 -1 3728 456
free 11 -1 4136 456
free 46 -1 4208 456
alloc 37 350 2872 3840 456
alloc 0 590 8488 3232 456
alloc 47 371 6248 2824 456
alloc 34 449 9096 2352 456
free 25 -1 2552 456
alloc 4 95 2032 2440 456
alloc 35 220 9568 2200 456
free 6 -1 2424 456
alloc 45 314 9808 2088 456
alloc 8 556 10144 1512 456
free 39 -1 1704 456
free 26 -1 1968 456
alloc 17 488 10720 1464 456
alloc 12 69 624 1376 456
alloc 11 170 712 1160 456
alloc 30 533 -1 1160 456
alloc 21 220 5984 896 456
free 0 -1 1504 456
free 15 -1 2000 456
free 18 -1 2056 456
free 41 -1 2248 456
free 4 -1 2360 456
free 35 -1 2600 456
alloc 38 95 2032 2488 456
free 13 -1 3016 456
free 8 -1 3592 456
alloc 39 425 4624 3144 456
alloc 26 205 3864 2912 456
free 1 -1 3032 456
alloc 44 366 5072 2648 456
free 27 -1 3120 456
alloc 14 343 2144 2760 456
free 37 -1 3128 456
free 32 -1 3280 456
alloc 31 516 8176 2744 456
free 2 -1 3080 456
alloc 25 599 -1 3080 456
alloc 20 266 2872 2792 456
alloc 35 410 5456 2360 456
free 22 -1 2808 456
free 45 -1 3144 456
alloc 8 10 16 3112 456
alloc 23 359 7728 2736 456
alloc 10 143 48 2576 456
free 33 -1 2672 456
free 44 -1 3056 456
alloc 27 437 9568 2600 456
alloc 46 584 10024 2000 456
free 21 -1 2264 456
alloc 0 99 1376 2112 456
free 47 -1 2520 456
alloc 2 36 928 2464 456
alloc 25 586 5888 1856 456
free 20 -1 2144 456
free 3 -1 2688 456
free 38 -1 2800 456
alloc 29 534 2504 2248 456
alloc 24 102 3056 2128 456
free 23 -1 2504 456
free 10 -1 2664 456
free 17 -1 3168 456
alloc 44 316 5072 2832 456
free 43 -1 3248 456
free 14 -1 3608 456
alloc 21 309 48 3280 456
free 0 -1 3432 456
alloc 47 343 2032 3072 456
alloc 18 288 7184 2768 456
free 9 -1 3144 456
free 36 -1 3272 456
free 19 -1 3664 456
alloc 6 578 984 3064 456
alloc 45 566 7488 2480 456
free 8 -1 2512 456
alloc 23 13 16 2480 456
free 26 -1 2712 456
alloc 33 377 1584 2312 456
free 28 -1 2552 456
free 11 -1 2768 456
free 46 -1 3368 456
free 21 -1 3696 456
alloc 0 113 48 3560 456
free 47 -1 3920 456
free 34 -1 4392 456
alloc 9 547 3432 3824 456
alloc 20 487 1984 3304 456
free 35 -1 3736 456
alloc 22 598 8712 3120 456
free 29 -1 3672 456
alloc 8 79 184 3576 456
alloc 7 595 10024 2960 456
alloc 10 132 280 2808 456
alloc 1 338 2504 2448 456
free 12 -1 2536 456
free 27 -1 2992 456
alloc 14 227 432 2744 456
alloc 37 440 5408 2264 456
free 0 -1 2400 456
alloc 15 323 9328 2056 456
alloc 34 139 680 1896 456
free 25 -1 2504 456
alloc 36 227 5888 2256 456
alloc 19 409 6136 1824 456
free 6 -1 2424 456
alloc 13 42 48 2360 456
free 8 -1 2456 456
free 7 -1 3072 456
alloc 26 240 984 2816 456
free 33 -1 3216 456
alloc 28 76 112 3120 456
alloc 11 460 1240 2640 456
alloc 30 111 1720 2512 456
alloc 5 81 1848 2376 456
alloc 0 583 9672 1776 456
free 31 -1 2312 456
free 2 -1 2368 456
free 9 -1 2936 456
free 36 -1 3184 456
alloc 35 25 208 3112 456
alloc 38 97 840 2968 456
free 45 -1 3552 456
free 24 -1 3672 456
free 39 -1 4120 456
free 42 -1 4232 456
alloc 33 90 2864 4120 456
free 44 -1 4456 456
alloc 27 420 2976 4016 456
alloc 46 203 3416 3792 456
alloc 21 209 3640 3560 456
free 0 -1 4160 456
free 15 -1 4504 456
alloc 2 407 4624 4080 456
alloc 9 164 3872 3896 456
alloc 36 377 7488 3496 456
alloc 3 2 4056 3456 456
free 22 -1 4072 456
free 13 -1 4136 456
alloc 24 545 7888 3568 456
alloc 39 118 5048 3432 456
free 10 -1 3584 456
free 1 -1 3944 456
free 28 -1 4040 456
alloc 43 260 2504 3760 456
free 14 -1 4008 456
free 5 -1 4144 456
alloc 16 306 280 3816 456
alloc 47 142 48 3656 456
free 2 -1 4080 456
alloc 41 561 8456 3496 456
free 36 -1 3896 456
free 35 -1 3968 456
alloc 22 506 9040 3440 456
alloc 29 184 4624 3240 456
alloc 40 429 9568 2792 456
alloc 7 111 1848 2656 456
free 26 -1 2912 456
free 33 -1 3024 456
alloc 44 390 10016 2616 456
free 43 -1 2896 456
free 30 -1 3024 456
free 37 -1 3504 456
alloc 32 70 984 3416 456
free 47 -1 3576 456
free 18 -1 3880 456
alloc 25 519 5184 3344 456
alloc 36 39 48 3288 456
free 19 -1 3720 456
alloc 6 100 104 3600 456
alloc 13 534 5720 3048 456
free 24 -1 3616 456
free 23 -1 3648 456
alloc 26 484 7184 3144 456
alloc 1 241 2504 2880 456
free 44 -1 3288 456
alloc 43 162 2768 3080 456
free 46 -1 3304 456
alloc 37 175 3416 3080 456
free 32 -1 3168 456
alloc 47 172 984 2976 456
alloc 2 252 6272 2704 456
free 9 -1 2888 456
alloc 4 292 7688 2576 456
free 3 -1 2616 456
free 38 -1 2760 456
free 13 -1 3312 456
alloc 24 166 3872 3128 456
free 7 -1 3264 456
alloc 42 512 5720 2712 456
alloc 17 97 840 2568 456
alloc 28 271 8000 2280 456
free 43 -1 2488 456
alloc 30 378 10016 2088 456
alloc 5 48 608 2016 456
alloc 32 564 10416 1432 456
alloc 15 493 -1 1432 456
alloc 18 152 1720 1264 456
free 41 -1 1848 456
free 4 -1 2160 456
alloc 19 195 4824 1936 456
free 22 -1 2464 456
alloc 13 284 7688 2152 456
free 40 -1 2600 456
alloc 7 456 8288 2128 456
alloc 10 373 8760 1736 456
free 17 -1 1880 456
alloc 12 201 9152 1656 456
free 11 -1 2136 456
alloc 14 476 1176 1640 456
free 37 -1 1864 456
free 16 -1 2192 456
alloc 31 173 224 2000 456
free 34 -1 2160 456
alloc 41 53 416 2088 456
free 20 -1 2608 456
alloc 3 593 1888 1992 456
free 6 -1 2112 456
free 29 -1 2312 456
alloc 40 561 9376 1728 456
free 39 -1 1864 456
free 26 -1 2368 456
alloc 17 95 104 2248 456
alloc 44 458 7184 1744 456
free 27 -1 2184 456
alloc 46 557 2768 1608 456
free 21 -1 1840 456
alloc 16 173 680 1648 456
free 47 -1 1840 456
alloc 34 507 3344 1312 456
free 25 -1 1848 456
alloc 20 478 5048 1352 456
free 19 -1 1576 456
alloc 38 2 16 1544 456
alloc 29 583 -1 1544 456
free 40 -1 2128 456
alloc 23 467 9376 1640 456
free 10 -1 2032 456
free 17 -1 2152 456
free 12 -1 2376 456
alloc 43 262 872 2072 456
free 14 -1 2568 456
alloc 37 555 8760 1992 456
free 16 -1 2184 456
alloc 47 208 1176 1960 456
free 18 -1 2128 456
free 41 -1 2200 456
free 36 -1 2256 456
free 3 -1 2872 456
alloc 22 4 48 2848 456
free 13 -1 3160 456
free 24 -1 3344 456
alloc 39 35 72 3288 456
alloc 10 586 1400 2680 456
alloc 33 298 2008 2360 456
alloc 12 142 416 2168 456
free 43 -1 2472 456
free 30 -1 2872 456
free 5 -1 2944 456
alloc 0 214 608 2712 456
free 31 -1 2904 456
alloc 18 492 9864 2392 456
alloc 9 580 -1 2392 456
alloc 4 383 4624 1968 456
alloc 35 140 128 1808 456
alloc 6 382 -1 1808 456
alloc 45 442 -1 1808 456
alloc 40 318 840 1472 456
free 39 -1 1528 456
free 42 -1 2080 456
free 33 -1 2400 456
free 44 -1 2904 456
alloc 43 116 2008 2768 456
alloc 14 320 2144 2408 456
alloc 21 12 72 2352 456
free 0 -1 2584 456
alloc 15 252 5544 2312 456
free 18 -1 2824 456
alloc 25 356 5816 2448 456
free 4 -1 2872 456
free 35 -1 3032 456
free 38 -1 3064 456
alloc 45 117 128 2928 456
alloc 24 120 264 2776 456
free 23 -1 3264 456
free 10 -1 3872 456
alloc 33 376 1400 3480 456
alloc 44 230 4624 3232 456
free 43 -1 3368 456
alloc 30 484 7184 2864 456
free 37 -1 3440 456
alloc 0 404 8760 3016 456
free 47 -1 3240 456
alloc 18 570 9184 2648 456
free 25 -1 3024 456
free 20 -1 3520 456
alloc 3 304 1792 3168 456
free 22 -1 3192 456
alloc 13 486 4872 2688 456
free 40 -1 3024 456
free 7 -1 3496 456
alloc 42 489 608 2984 456
alloc 17 294 5816 2672 456
free 44 -1 2920 456
alloc 43 98 1120 2800 456
free 14 -1 3160 456
alloc 37 327 2144 2800 456
alloc 16 24 16 2744 456
free 15 -1 3016 456
free 18 -1 3608 456
alloc 25 458 9184 3128 456
alloc 20 57 1240 3048 456
alloc 35 381 5376 2648 456
alloc 38 29 1320 2568 456
free 13 -1 3072 456
alloc 8 529 4624 2520 456
alloc 7 493 9664 2008 456
free 42 -1 2520 456
free 17 -1 2832 456
free 28 -1 3120 456
alloc 11 243 608 2856 456
free 46 -1 3432 456
free 21 -1 3488 456
free 32 -1 4072 456
alloc 47 7 72 4016 456
alloc 18 416 2768 3584 456
alloc 41 402 5776 3160 456
free 20 -1 3240 456
alloc 19 371 7688 2848 456
free 38 -1 2928 456
free 45 -1 3064 456
free 24 -1 3216 456
free 7 -1 3728 456
alloc 26 586 8080 3120 456
free 1 -1 3384 456
alloc 28 6 128 3360 456
free 43 -1 3480 456
alloc 14 44 152 3416 456
alloc 5 59 216 3336 456
free 0 -1 3760 456
alloc 15 112 872 3632 456
free 34 -1 4160 456
alloc 9 595 3200 3544 456
alloc 4 442 8688 3048 456
free 3 -1 3400 456
alloc 38 459 9664 2920 456
alloc 45 449 10144 2448 456
alloc 24 372 1000 2048 456
alloc 7 203 1792 1824 456
free 26 -1 2432 456
free 33 -1 2824 456
free 28 -1 2848 456
free 11 -1 3112 456
free 14 -1 3176 456
alloc 21 187 608 2968 456
alloc 32 42 128 2880 456
free 15 -1 3008 456
free 18 -1 3440 456
free 41 -1 3864 456
free 4 -1 4360 456
free 19 -1 4752 456
free 38 -1 5232 456
alloc 29 103 296 5112 456
free 24 -1 5512 456
alloc 23 155 816 5336 456
alloc 42 13 992 5304 456
alloc 33 591 1024 4696 456
alloc 44 337 2504 4336 456
alloc 43 374 5776 3944 456
alloc 14 58 1632 3864 456
free 5 -1 3944 456
free 16 -1 4000 456
alloc 31 331 7688 3648 456
alloc 34 98 2016 3520 456
free 25 -1 4000 456
alloc 36 370 8040 3608 456
alloc 3 135 2864 3456 456
alloc 22 188 3816 3248 456
free 45 -1 3720 456
alloc 40 135 3016 3536 456
free 23 -1 3712 456
free 42 -1 3744 456
alloc 1 576 8432 3152 456
alloc 28 443 9024 2688 456
alloc 27 388 9488 2280 456
free 14 -1 2360 456
free 37 -1 2720 456
free 32 -1 2808 456
free 31 -1 3160 456
alloc 18 164 816 2952 456
free 9 -1 3568 456
free 36 -1 3960 456
free 35 -1 4360 456
alloc 38 472 3200 3872 456
free 29 -1 3992 456
alloc 24 193 128 3776 456
alloc 39 286 2144 3472 456
alloc 42 459 5176 2992 456
free 33 -1 3600 456
free 12 -1 3792 456
free 27 -1 4200 456
alloc 14 400 1024 3784 456
alloc 37 361 7688 3400 456
alloc 16 114 344 3264 456
alloc 31 393 9488 2848 456
free 34 -1 2976 456
alloc 25 60 480 2896 456
alloc 36 376 9904 2504 456
alloc 35 143 1440 2344 456
alloc 6 549 10296 1776 456
alloc 45 597 -1 1776 456
free 24 -1 1992 456
free 39 -1 2296 456
alloc 26 469 2016 1808 456
alloc 17 579 -1 1808 456
free 28 -1 2272 456
alloc 11 181 128 2056 456
alloc 46 577 -1 2056 456
free 37 -1 2440 456
free 16 -1 2576 456
free 31 -1 2992 456
alloc 34 295 7688 2680 456
alloc 41 228 8000 2432 456
alloc 20 90 344 2296 456
free 35 -1 2456 456
free 22 -1 2664 456
alloc 29 203 1440 2440 456
alloc 24 175 3688 2248 456
alloc 23 479 9024 1752 456
alloc 10 39 16 1696 456
free 1 -1 2288 456
free 44 -1 2648 456
free 11 -1 2864 456
alloc 46 88 128 2760 456
alloc 5 437 8248 2304 456
alloc 0 211 2504 2072 456
alloc 15 242 8704 1808 456
free 2 -1 2080 456
free 41 -1 2328 456
free 36 -1 2720 456
alloc 19 528 9520 2176 456
free 6 -1 2744 456
free 29 -1 2968 456
free 8 -1 3520 456
free 7 -1 3744 456
free 42 -1 4224 456
alloc 33 366 1440 3840 456
alloc 12 42 232 3776 456
alloc 27 368 4624 3392 456
free 30 -1 3896 456
free 21 -1 4104 456
alloc 32 44 560 4040 456
free 47 -1 4096 456
free 18 -1 4304 456
alloc 41 114 624 4168 456
alloc 4 523 5008 3624 456
free 19 -1 4168 456
alloc 6 346 6168 3800 456
alloc 13 188 760 3592 456
alloc 8 160 1824 3400 456
free 23 -1 3896 456
alloc 42 431 7184 3448 456
alloc 1 359 8968 3072 456
alloc 44 67 2736 2984 456
free 27 -1 3368 456
free 46 -1 3472 456
alloc 21 480 9344 2976 456
free 32 -1 3040 456
alloc 47 586 9840 2432 456
free 34 -1 2744 456
free 25 -1 2824 456
free 4 -1 3368 456
alloc 35 131 72 3208 456
alloc 22 430 4624 2760 456
alloc 45 273 5072 2464 456
free 8 -1 2656 456
alloc 39 5 296 2608 456
free 26 -1 3096 456
free 33 -1 3480 456
alloc 28 45 480 3416 456
alloc 27 294 1440 3104 456
free 14 -1 3520 456
free 21 -1 4016 456
alloc 16 485 1752 3512 456
free 15 -1 3776 456
alloc 34 451 968 3304 456
alloc 25 371 5368 2896 456
alloc 36 507 7632 2368 456
free 35 -1 2528 456
free 38 -1 3016 456
free 45 -1 3312 456
free 40 -1 3496 456
free 39 -1 3544 456
free 10 -1 3600 456
free 1 -1 3976 456
free 28 -1 4040 456
alloc 11 508 3016 3512 456
alloc 14 74 16 3416 456
alloc 37 123 480 3272 456
free 0 -1 3504 456
alloc 15 246 2256 3240 456
free 34 -1 3712 456
free 25 -1 4120 456
alloc 4 592 5072 3512 456
alloc 35 553 8704 2936 456
alloc 38 433 968 2464 456
free 13 -1 2672 456
alloc 8 365 9280 2288 456
alloc 7 265 10448 2000 456
free 42 -1 2448 456
alloc 1 408 7184 2000 456
alloc 28 67 112 1880 456
free 11 -1 2408 456
alloc 30 14 296 2360 456
alloc 21 145 760 2192 456
alloc 0 542 3016 1632 456
free 15 -1 1896 456
alloc 18 196 2256 1680 456
alloc 25 9 928 1640 456
free 36 -1 2168 456
free 3 -1 2320 456
free 6 -1 2688 456
alloc 45 74 2472 2592 456
free 24 -1 2784 456
alloc 39 446 3576 2320 456
alloc 26 390 6168 1912 456
alloc 33 597 7632 1296 456
free 28 -1 1416 456
free 27 -1 1728 456
free 30 -1 1776 456
free 37 -1 1920 456
free 16 -1 2424 456
alloc 31 489 1440 1912 456
alloc 2 542 -1 1912 456
free 25 -1 1952 456
free 20 -1 2088 456
alloc 3 469 10736 1600 456
free 38 -1 2072 456
free 45 -1 2168 456
free 8 -1 2552 456
free 39 -1 3016 456
alloc 10 544 9280 2456 456
free 1 -1 2904 456
alloc 28 129 296 2752 456
alloc 27 434 928 2296 456
alloc 46 521 -1 2296 456
alloc 37 428 3576 1848 456
alloc 32 270 1952 1544 456
alloc 15 279 7184 1248 456
free 18 -1 1464 456
alloc 25 87 112 1344 456
free 4 -1 1952 456
free 3 -1 2440 456
free 22 -1 2888 456
alloc 29 403 2256 2464 456
alloc 8 354 4624 2088 456
alloc 23 463 5000 1608 456
free 10 -1 2168 456
free 33 -1 2784 456
free 44 -1 2872 456
alloc 11 536 7480 2320 456
alloc 30 491 9280 1808 456
free 21 -1 1976 456
free 0 -1 2536 456
free 15 -1 2832 456
alloc 18 473 2680 2336 456
free 41 -1 2472 456
alloc 20 41 448 2408 456
free 35 -1 2984 456
alloc 38 437 8704 2528 456
alloc 13 425 10736 2080 456
alloc 24 534 -1 2080 456
free 23 -1 2560 456
alloc 10 534 5000 2008 456
alloc 1 468 -1 2008 456
free 28 -1 2160 456
free 27 -1 2616 456
alloc 46 423 512 2176 456
alloc 21 397 952 1760 456
alloc 0 42 296 1696 456
free 47 -1 2304 456
alloc 34 437 9792 1848 456
free 25 -1 1968 456
alloc 4 331 3176 1616 456
alloc 3 462 -1 1616 456
free 38 -1 2072 456
free 29 -1 2496 456
alloc 24 157 2256 2320 456
free 7 -1 2608 456
free 10 -1 3160 456
alloc 17 252 5000 2888 456
alloc 28 70 112 2768 456
free 43 -1 3160 456
free 14 -1 3256 456
free 37 -1 3704 456
alloc 16 158 2432 3528 456
alloc 15 320 3528 3192 456
free 34 -1 3648 456
alloc 41 349 5272 3280 456
alloc 36 140 3864 3120 456
alloc 3 409 5640 2688 456
alloc 38 539 8704 2112 456
alloc 45 169 7184 1920 456
alloc 40 561 9792 1336 456
alloc 23 360 -1 1336 456
alloc 10 556 -1 1336 456
alloc 1 418 -1 1336 456
free 12 -1 1400 456
alloc 27 70 16 1304 456
free 30 -1 1816 456
free 21 -1 2232 456
free 0 -1 2296 456
alloc 47 525 -1 2296 456
alloc 34 515 -1 2296 456
free 41 -1 2664 456
free 20 -1 2728 456
free 3 -1 3160 456
alloc 22 149 232 2992 456
alloc 29 175 952 2800 456
free 24 -1 2976 456
alloc 39 384 5272 2576 456
free 26 -1 2984 456
alloc 1 301 5672 2664 456
free 28 -1 2784 456
free 27 -1 2880 456
alloc 30 439 5992 2424 456
alloc 21 550 -1 2424 456
free 16 -1 2600 456
free 15 -1 2936 456
free 18 -1 3432 456
alloc 25 278 1144 3136 456
free 4 -1 3488 456
alloc 19 116 16 3352 456
free 38 -1 3928 456
free 29 -1 4120 456
alloc 24 122 952 3976 456
alloc 7 585 2256 3368 456
alloc 26 247 2864 3104 456
free 17 -1 3376 456
alloc 28 371 3128 2984 456
alloc 27 164 3520 2800 456
alloc 14 489 8704 2288 456
alloc 21 57 152 2208 456
free 32 -1 2512 456
free 31 -1 3024 456
alloc 18 532 1440 2472 456
free 25 -1 2768 456
alloc 20 428 9216 2320 456
alloc 3 258 1096 2040 456
alloc 6 238 1992 1776 456
free 13 -1 2224 456
free 40 -1 2808 456
alloc 23 1 400 2784 456
alloc 42 187 5000 2576 456
alloc 33 45 424 2488 456
free 28 -1 2880 456
free 27 -1 3064 456
free 30 -1 3520 456
free 21 -1 3600 456
alloc 0 413 3128 3168 456
alloc 31 233 3560 2912 456
alloc 34 128 5992 2768 456
alloc 9 535 9664 2216 456
free 20 -1 2664 456
alloc 35 367 6136 2280 456
alloc 38 263 9216 2000 456
alloc 13 579 10216 1400 456
alloc 40 597 -1 1400 456
free 7 -1 2008 456
free 26 -1 2272 456
alloc 17 35 152 2192 456
alloc 44 158 2256 2016 456
free 11 -1 2568 456
free 46 -1 3008 456
free 5 -1 3464 456
alloc 32 310 512 3136 456
alloc 15 279 2432 2840 456
free 18 -1 3392 456
free 9 -1 3944 456
alloc 4 477 1376 3448 456
free 19 -1 3584 456
free 38 -1 3864 456
free 13 -1 4464 456
free 8 -1 4840 456
free 39 -1 5240 456
free 42 -1 5448 456
free 33 -1 5536 456
alloc 12 547 4624 4968 456
alloc 43 2 16 4944 456
alloc 30 267 2728 4656 456
alloc 37 167 5192 4472 456
free 0 -1 4904 456
alloc 47 436 3016 4448 456
alloc 2 524 7376 3904 456
alloc 25 186 5376 3696 456
alloc 20 473 7920 3200 456
free 35 -1 3584 456
free 6 -1 3848 456
alloc 29 22 40 3808 456
alloc 8 441 6136 3344 456
free 23 -1 3368 456
alloc 42 480 9216 2872 456
free 17 -1 2952 456
free 44 -1 3128 456
alloc 27 496 1872 2616 456
alloc 46 543 9712 2056 456
alloc 21 437 10272 1600 456
free 32 -1 1928 456
free 15 -1 2224 456
free 34 -1 2368 456
free 25 -1 2576 456
free 36 -1 2736 456
alloc 19 299 400 2416 456
free 22 -1 2584 456
free 29 -1 2624 456
free 8 -1 3088 456
alloc 7 520 5992 2552 456
free 42 -1 3048 456
alloc 17 36 40 2992 456
alloc 44 299 2384 2648 456
alloc 11 398 9216 2232 456
free 46 -1 2792 456
alloc 5 499 9632 2272 456
alloc 16 582 -1 2272 456
free 47 -1 2728 456
free 2 -1 3272 456
alloc 25 232 96 3024 456
alloc 36 364 3016 2640 456
free 19 -1 2960 456
alloc 6 457 344 2480 456
alloc 29 268 5376 2184 456
free 24 -1 2328 456
alloc 39 525 7376 1784 456
alloc 26 449 10728 1312 456
free 1 -1 1632 456
alloc 28 293 5672 1312 456
free 11 -1 1728 456
alloc 46 189 824 1520 456
free 21 -1 1976 456
alloc 16 389 9216 1560 456
alloc 15 35 1032 1496 456
alloc 18 110 3400 1336 456
alloc 41 264 3816 1056 456
free 36 -1 1440 456
free 3 -1 1720 456
alloc 22 301 3016 1400 456
alloc 13 18 1096 1360 456
alloc 8 550 10152 784 456
free 7 -1 1320 456
alloc 42 5 1136 1296 456
alloc 1 517 5992 760 456
free 44 -1 1104 456
free 27 -1 1616 456
free 14 -1 2128 456
alloc 21 494 1872 1616 456
free 16 -1 2032 456
alloc 47 24 1160 1992 456
free 18 -1 2152 456
free 41 -1 2432 456
free 4 -1 2928 456
alloc 19 412 1200 2496 456
free 22 -1 2816 456
free 29 -1 3112 456
alloc 24 82 1632 3008 456
alloc 7 33 1736 2952 456
free 42 -1 2976 456
alloc 33 586 8416 2368 456
alloc 44 568 9024 1760 456
alloc 27 148 2384 1592 456
free 30 -1 1880 456
free 21 -1 2392 456
alloc 32 600 2552 1776 456
free 47 -1 1816 456
alloc 2 31 1136 1752 456
alloc 9 332 1792 1400 456
free 20 -1 1896 456
alloc 35 468 7920 1400 456
free 6 -1 1880 456
free 13 -1 1920 456
free 24 -1 2024 456
free 39 -1 2568 456
alloc 42 331 344 2216 456
free 33 -1 2824 456
free 44 -1 3432 456
free 27 -1 3600 456
alloc 14 48 696 3536 456
alloc 21 308 2144 3208 456
alloc 0 269 3168 2920 456
alloc 47 518 7376 2376 456
alloc 18 99 3816 2256 456
free 25 -1 2504 456
alloc 36 112 96 2376 456
free 19 -1 2808 456
alloc 38 535 8416 2256 456
free 45 -1 2448 456
alloc 24 112 1200 2320 456
alloc 23 68 224 2200 456
free 42 -1 2552 456
free 17 -1 2608 456
alloc 44 174 344 2416 456
free 43 -1 2440 456
alloc 30 68 536 2352 456
free 37 -1 2536 456
alloc 16 121 1328 2392 456
free 15 -1 2456 456
alloc 34 359 5192 2080 456
alloc 41 484 8968 1576 456
free 36 -1 1704 456
free 35 -1 2200 456
free 38 -1 2752 456
alloc 13 118 16 2616 456
free 24 -1 2744 456
free 7 -1 2800 456
alloc 42 353 7920 2424 456
alloc 17 486 8296 1920 456
free 12 -1 2488 456
alloc 43 354 4624 2112 456
free 46 -1 2320 456
free 21 -1 2648 456
free 32 -1 3264 456
free 47 -1 3808 456
free 34 -1 4184 456
alloc 25 338 760 3808 456
alloc 4 132 1472 3656 456
alloc 19 192 2144 3448 456
alloc 22 536 2352 2896 456
alloc 45 331 5000 2544 456
alloc 40 459 7184 2064 456
alloc 7 317 -1 2064 456
free 26 -1 2536 456
free 1 -1 3072 456
free 44 -1 3264 456
alloc 11 179 2904 3064 456
alloc 46 143 344 2872 456
alloc 21 141 1624 2704 456
free 16 -1 2848 456
alloc 47 567 5992 2264 456
alloc 34 221 1200 1992 456
free 9 -1 2344 456
alloc 20 136 1792 2192 456
alloc 3 470 10728 1704 456
alloc 38 476 -1 1704 456
free 13 -1 1840 456
free 8 -1 2416 456
free 23 -1 2536 456
alloc 26 18 16 2496 456
free 17 -1 3000 456
alloc 44 555 8296 2424 456
free 11 -1 2624 456
free 30 -1 2712 456
free 21 -1 2880 456
free 0 -1 3168 456
free 31 -1 3424 456
free 2 -1 3488 456
free 41 -1 3992 456
free 20 -1 4144 456
free 3 -1 4632 456
alloc 6 337 1624 4272 456
free 45 -1 4624 456
alloc 24 388 2904 4216 456
alloc 7 387 3312 3808 456
alloc 10 292 5000 3496 456
alloc 1 426 8872 3048 456
free 44 -1 3624 456
alloc 27 310 5312 3264 456
alloc 30 472 8296 2776 456
alloc 37 560 10152 2200 456
alloc 16 357 10728 1824 456
alloc 15 443 -1 1824 456
free 18 -1 1944 456
alloc 9 534 -1 1944 456
free 4 -1 2096 456
free 19 -1 2304 456
alloc 38 34 56 2248 456
alloc 29 535 -1 2248 456
free 40 -1 2728 456
alloc 39 336 1984 2360 456
free 10 -1 2672 456
alloc 17 258 3720 2392 456
alloc 12 599 7184 1776 456
free 43 -1 2152 456
free 46 -1 2344 456
free 37 -1 2920 456
alloc 0 143 112 2760 456
alloc 15 590 4624 2152 456
alloc 18 141 272 1992 456
free 25 -1 2368 456
alloc 36 194 432 2152 456
alloc 3 375 760 1760 456
free 6 -1 2120 456
alloc 13 61 1472 2040 456
alloc 40 63 1552 1960 456
alloc 23 38 1632 1904 456
free 42 -1 2280 456
free 1 -1 2728 456
free 28 -1 3048 456
free 27 -1 3408 456
alloc 46 547 5232 2840 456
free 5 -1 3360 456
free 16 -1 3736 456
free 47 -1 4320 456
free 18 -1 4480 456
alloc 41 150 1688 4312 456
alloc 4 367 5800 3928 456
free 3 -1 4320 456
free 22 -1 4872 456
alloc 29 413 760 4432 456
free 40 -1 4512 456
free 39 -1 4880 456
free 26 -1 4920 456
alloc 1 475 1856 4424 456
free 12 -1 5040 456
alloc 43 348 2352 4672 456
free 30 -1 5160 456
alloc 21 460 7184 4680 456
alloc 32 343 6184 4320 456
alloc 31 553 7664 3744 456
alloc 2 526 8240 3200 456
free 41 -1 3368 456
free 36 -1 3584 456
alloc 19 530 8784 3032 456
free 38 -1 3088 456
alloc 45 405 272 2664 456
free 24 -1 3072 456
free 7 -1 3480 456
alloc 26 221 2720 3240 456
free 17 -1 3520 456
alloc 12 220 2960 3280 456
free 43 -1 3648 456
alloc 30 452 3200 3176 456
alloc 37 12 16 3144 456
alloc 16 313 2352 2776 456
alloc 47 593 9336 2160 456
free 34 -1 2432 456
alloc 25 7 48 2408 456
alloc 20 226 1200 2136 456
free 19 -1 2688 456
alloc 38 542 9952 2128 456
free 29 -1 2568 456
alloc 24 135 760 2416 456
alloc 7 458 8784 1936 456
free 26 -1 2176 456
alloc 17 166 912 1992 456
alloc 44 325 3672 1648 456
alloc 43 474 10512 1152 456
free 30 -1 1624 456
free 37 -1 1656 456
free 32 -1 2016 456
free 15 -1 2624 456
alloc 34 86 1096 2520 456
free 25 -1 2544 456
free 20 -1 2816 456
alloc 19 16 16 2784 456
alloc 6 243 1200 2512 456
free 45 -1 2936 456
free 24 -1 3088 456
alloc 39 479 4624 2592 456
alloc 42 520 -1 2592 456
free 17 -1 2776 456
alloc 28 567 -1 2776 456
free 43 -1 3272 456
free 14 -1 3336 456
alloc 37 546 272 2768 456
free 0 -1 2928 456
free 47 -1 3544 456
free 2 -1 4088 456
alloc 9 584 9264 3488 456
free 4 -1 3872 456
alloc 35 264 3200 3592 456
alloc 22 423 5800 3152 456
free 13 -1 3232 456
alloc 40 450 8240 2760 456
free 39 -1 3256 456
alloc 26 50 48 3184 456
alloc 33 129 120 3032 456
free 44 -1 3376 456
alloc 11 270 3480 3088 456
alloc 30 153 840 2912 456
free 21 -1 3392 456
alloc 0 473 4624 2896 456
alloc 15 176 2720 2704 456
alloc 18 143 1472 2544 456
free 9 -1 3144 456
alloc 36 268 3768 2856 456
alloc 3 497 9264 2336 456
free 38 -1 2896 456
alloc 29 484 9784 2392 456
alloc 24 588 10288 1784 456
free 7 -1 2264 456
free 26 -1 2336 456
free 33 -1 2488 456
alloc 44 458 7184 2008 456
alloc 27 454 8712 1536 456
alloc 14 195 48 1312 456
alloc 5 46 1016 1232 456
free 0 -1 1728 456
free 15 -1 1920 456
alloc 2 297 4624 1600 456
alloc 41 464 -1 1600 456
alloc 4 129 1688 1432 456
free 19 -1 1464 456
free 6 -1 1736 456
alloc 45 300 6240 1416 456
free 24 -1 2024 456
free 23 -1 2080 456
alloc 10 195 1200 1864 456
free 1 -1 2360 456
alloc 28 4 16 2328 456
alloc 43 22 1416 2272 456
free 14 -1 2496 456
free 37 -1 3064 456
alloc 32 145 48 2896 456
free 31 -1 3472 456
free 2 -1 3792 456
alloc 41 595 216 3168 456
free 36 -1 3456 456
alloc 19 508 4624 2928 456
free 22 -1 3368 456
free 45 -1 3688 456
alloc 8 397 1856 3272 456
alloc 23 230 3768 3024 456
alloc 42 412 5800 2592 456
alloc 1 512 7664 2064 456
free 44 -1 2544 456
free 27 -1 3016 456
free 46 -1 3584 456
free 5 -1 3664 456
alloc 0 246 5152 3400 456
alloc 31 110 2720 3272 456
free 34 -1 3376 456
free 41 -1 4000 456
alloc 36 449 216 3528 456
free 19 -1 4056 456
alloc 22 587 10288 3448 456
free 29 -1 3952 456
alloc 24 377 4624 3552 456
alloc 7 468 8712 3064 456
alloc 26 94 688 2952 456
free 1 -1 3480 456
free 28 -1 3512 456
free 11 -1 3800 456
free 30 -1 3976 456
alloc 21 308 800 3648 456
free 0 -1 3912 456
alloc 47 30 1128 3840 456
alloc 2 254 3480 3552 456
alloc 25 260 5024 3272 456
free 4 -1 3440 456
free 35 -1 3720 456
alloc 6 485 7184 3216 456
alloc 45 213 3200 2984 456
free 8 -1 3400 456
free 23 -1 3648 456
free 10 -1 3864 456
alloc 1 598 1632 3248 456
alloc 44 222 3768 3008 456
alloc 11 445 5304 2512 456
alloc 14 79 1200 2416 456
free 21 -1 2744 456
free 16 -1 3112 456
free 47 -1 3184 456
free 18 -1 3344 456
alloc 41 172 800 3152 456
alloc 20 522 7688 2600 456
alloc 35 82 992 2496 456
free 22 -1 3104 456
free 45 -1 3336 456
free 40 -1 3808 456
alloc 39 596 9784 3192 456
alloc 10 439 2248 2720 456
free 1 -1 3336 456
alloc 28 288 1472 3032 456
free 11 -1 3528 456
alloc 30 315 1776 3192 456
alloc 21 386 5304 2784 456
free 32 -1 2952 456
alloc 47 332 6232 2600 456
alloc 18 201 3200 2376 456
free 25 -1 2656 456
free 20 -1 3208 456
free 3 -1 3728 456
free 6 -1 4232 456
alloc 29 238 5024 3952 456
alloc 8 417 7184 3512 456
free 7 -1 4000 456
free 42 -1 4432 456
alloc 33 558 7624 3856 456
free 28 -1 4160 456
alloc 27 152 16 3960 456
free 30 -1 4296 456
free 21 -1 4704 456
alloc 16 87 1096 4600 456
free 31 -1 4728 456
alloc 34 237 1472 4472 456
alloc 9 208 1728 4248 456
alloc 20 296 5304 3936 456
alloc 19 315 5616 3600 456
alloc 6 266 1952 3304 456
free 29 -1 3584 456
free 8 -1 4024 456
free 39 -1 4640 456
free 26 -1 4752 456
alloc 17 36 688 4696 456
free 44 -1 4936 456
free 43 -1 4992 456
alloc 30 313 7184 4656 456
alloc 37 53 1296 4584 456
free 16 -1 4688 456
alloc 15 592 8200 4080 456
free 2 -1 4368 456
alloc 25 600 3424 3752 456
free 36 -1 4224 456
alloc 3 73 216 4128 456
alloc 22 206 312 3904 456
alloc 45 377 8808 3504 456
alloc 40 193 2720 3264 456
alloc 39 573 9208 2672 456
alloc 42 174 5024 2480 456
free 17 -1 2536 456
alloc 28 245 536 2272 456
free 27 -1 2472 456
free 30 -1 2808 456
free 37 -1 2880 456
alloc 16 149 16 2680 456
free 47 -1 3032 456
free 18 -1 3256 456
free 41 -1 3448 456
alloc 4 369 5952 3056 456
free 3 -1 3152 456
free 6 -1 3448 456
alloc 29 31 216 3400 456
free 40 -1 3640 456
alloc 7 46 800 3576 456
free 10 -1 4048 456
alloc 1 397 1952 3632 456
alloc 44 81 864 3504 456
alloc 43 46 1096 3440 456
alloc 30 183 2368 3240 456
alloc 5 241 2568 2976 456
alloc 0 399 7184 2536 456
alloc 47 568 9800 1952 456
alloc 2 232 6344 1704 456
free 9 -1 1928 456
alloc 36 442 10384 1464 456
alloc 3 231 10848 1216 456
alloc 6 439 -1 1216 456
alloc 13 453 -1 1216 456
alloc 8 301 -1 1216 456
alloc 23 238 -1 1216 456
alloc 26 39 1296 1160 456
alloc 17 69 1352 1040 456
free 12 -1 1280 456
alloc 27 276 2832 984 456
free 14 -1 1080 456
free 5 -1 1344 456
free 16 -1 1544 456
free 15 -1 2152 456
alloc 18 292 8200 1840 456
free 25 -1 2456 456
free 20 -1 2768 456
free 3 -1 3016 456
alloc 6 334 3128 2664 456
free 29 -1 2712 456
alloc 8 588 3480 2096 456
free 7 -1 2160 456
free 42 -1 2352 456
free 17 -1 2472 456
alloc 12 581 -1 2472 456
free 43 -1 2536 456
alloc 14 288 5024 2232 456
alloc 5 391 10848 1816 456
alloc 32 503 -1 1816 456
alloc 15 444 -1 1816 456
free 34 -1 2072 456
alloc 25 404 1352 1648 456
free 4 -1 2040 456
free 35 -1 2144 456
free 6 -1 2496 456
free 45 -1 2896 456
free 24 -1 3296 456
free 39 -1 3888 456
alloc 42 194 16 3672 456
free 33 -1 4248 456
free 28 -1 4512 456
alloc 43 239 536 4256 456
alloc 46 353 4624 3856 456
alloc 37 412 7624 3424 456
alloc 16 569 8512 2832 456
free 47 -1 3416 456
free 18 -1 3728 456
free 25 -1 4152 456
alloc 20 394 1352 3736 456
free 19 -1 4072 456
alloc 6 244 992 3808 456
alloc 29 99 1768 3688 456
alloc 24 23 232 3648 456
alloc 39 396 5328 3232 456
alloc 10 79 2568 3136 456
free 1 -1 3552 456
alloc 12 395 1888 3136 456
free 27 -1 3432 456
free 46 -1 3832 456
free 37 -1 4264 456
free 16 -1 4856 456
alloc 31 423 2664 4416 456
alloc 34 54 792 4344 456
alloc 41 463 5744 3864 456
free 20 -1 4280 456
alloc 35 37 1352 4224 456
alloc 38 61 1408 4144 456
free 29 -1 4264 456
alloc 40 19 272 4224 456
free 39 -1 4640 456
free 42 -1 4856 456
alloc 1 140 16 4696 456
alloc 28 575 7624 4104 456
free 43 -1 4360 456
free 14 -1 4664 456
alloc 21 101 536 4544 456
alloc 16 479 4624 4048 456
alloc 15 397 5120 3632 456
alloc 18 576 8216 3040 456
alloc 25 189 1488 2832 456
free 36 -1 3296 456
free 35 -1 3352 456
free 38 -1 3432 456
alloc 45 574 8808 2840 456
free 8 -1 3456 456
alloc 7 312 3104 3128 456
free 10 -1 3224 456
free 1 -1 3384 456
free 12 -1 3800 456
alloc 11 214 1696 3568 456
alloc 46 454 3432 3096 456
free 21 -1 3216 456
free 16 -1 3712 456
alloc 47 162 16 3496 456
free 2 -1 3744 456
alloc 9 355 1928 3368 456
alloc 36 540 9400 2808 456
alloc 19 334 4624 2456 456
free 6 -1 2720 456
alloc 29 484 9960 2216 456
free 24 -1 2256 456
free 7 -1 2584 456
alloc 10 204 536 2328 456
alloc 1 362 6224 1944 456
free 28 -1 2536 456
alloc 27 246 992 2272 456
free 30 -1 2472 456
alloc 37 456 7624 2000 456
free 0 -1 2440 456
free 47 -1 2656 456
alloc 2 281 2304 2352 456
free 41 -1 2832 456
alloc 20 174 16 2640 456
alloc 3 252 3104 2368 456
alloc 38 474 5536 1872 456
free 45 -1 2464 456
alloc 24 539 8808 1872 456
alloc 7 318 7184 1536 456
free 26 -1 1592 456
free 1 -1 1976 456
alloc 28 260 6032 1696 456
alloc 43 102 1256 1576 456
alloc 14 130 3904 1424 456
free 5 -1 1840 456
alloc 32 185 6312 1632 456
free 31 -1 2072 456
free 18 -1 2664 456
free 9 -1 3040 456
alloc 4 264 1928 2760 456
free 3 -1 3032 456
free 38 -1 3528 456
alloc 13 125 2608 3384 456
free 40 -1 3424 456
free 7 -1 3760 456
alloc 42 204 2752 3536 456
alloc 17 117 2976 3400 456
alloc 12 6 208 3376 456
free 27 -1 3640 456
alloc 30 342 5536 3280 456
alloc 21 105 992 3152 456
alloc 16 75 1120 3056 456
free 15 -1 3472 456
alloc 18 372 4976 3080 456
alloc 41 478 8096 2584 456
free 36 -1 3144 456
free 19 -1 3496 456
alloc 38 16 232 3464 456
free 13 -1 3608 456
free 24 -1 4200 456
alloc 23 273 3112 3880 456
free 10 -1 4136 456
free 17 -1 4272 456
free 12 -1 4296 456
free 43 -1 4416 456
free 30 -1 4776 456
free 37 -1 5248 456
free 16 -1 5344 456
alloc 47 30 264 5296 456
free 18 -1 5688 456
alloc 9 471 4624 5200 456
free 20 -1 5392 456
alloc 35 423 5112 4952 456
free 38 -1 4984 456
alloc 45 501 7184 4464 456
alloc 8 163 16 4280 456
alloc 39 481 8592 3776 456
alloc 10 304 1120 3456 456
alloc 33 32 200 3392 456
free 28 -1 3672 456
alloc 43 39 536 3616 456
alloc 30 52 592 3544 456
free 21 -1 3672 456
alloc 0 540 5552 3112 456
alloc 31 212 7704 2880 456
free 2 -1 3184 456
free 25 -1 3392 456
alloc 36 191 1440 3184 456
alloc 3 240 2208 2928 456
alloc 38 14 664 2896 456
free 45 -1 3416 456
alloc 40 484 7184 2896 456
free 39 -1 3400 456
free 42 -1 3624 456
free 33 -1 3688 456
alloc 12 331 2464 3336 456
alloc 27 357 8592 2960 456
free 30 -1 3032 456
alloc 37 311 8968 2704 456
free 32 -1 2912 456
free 47 -1 2960 456
alloc 2 548 9296 2392 456
free 9 -1 2880 456
alloc 20 225 2816 2632 456
free 3 -1 2888 456
free 38 -1 2920 456
alloc 45 307 4624 2592 456
free 40 -1 3112 456
alloc 7 93 200 3000 456
alloc 26 307 6112 2672 456
alloc 1 140 592 2512 456
free 12 -1 2864 456
free 27 -1 3240 456
free 46 -1 3712 456
free 37 -1 4040 456
alloc 32 4 752 4000 456
alloc 47 319 2208 3664 456
free 2 -1 4232 456
free 41 -1 4728 456
free 36 -1 4936 456
alloc 19 403 3432 4512 456
free 22 -1 4736 456
alloc 13 324 7184 4392 456
alloc 40 522 7936 3848 456
free 7 -1 3960 456
alloc 42 263 200 3680 456
free 1 -1 3840 456
alloc 12 441 8480 3376 456
free 43 -1 3432 456
free 14 -1 3584 456
alloc 37 5 480 3560 456
alloc 16 30 504 3512 456
free 47 -1 3848 456
free 34 -1 3920 456
alloc 9 107 552 3792 456
free 4 -1 4072 456
free 35 -1 4512 456
alloc 6 361 1928 4128 456
free 45 -1 4456 456
alloc 24 204 1440 4200 456
alloc 39 125 2312 4056 456
free 42 -1 4336 456
alloc 1 362 4624 3952 456
free 12 -1 4416 456
free 11 -1 4648 456
alloc 14 483 5008 4144 456
alloc 21 315 2456 3784 456
free 0 -1 4344 456
alloc 47 21 200 4304 456
alloc 2 465 5512 3816 456
alloc 41 256 8480 3544 456
free 20 -1 3792 456
free 19 -1 4216 456
alloc 22 485 3432 3712 456
free 13 -1 4056 456
free 8 -1 4240 456
free 39 -1 4384 456
free 10 -1 4704 456
alloc 17 394 992 4256 456
alloc 28 596 8752 3640 456
alloc 43 502 7184 3120 456
alloc 30 599 10464 2504 456
free 37 -1 2528 456
free 16 -1 2576 456
free 31 -1 2808 456
alloc 34 594 -1 2808 456
free 9 -1 2936 456
alloc 20 493 240 2424 456
alloc 3 575 9368 1832 456
free 22 -1 2336 456
free 29 -1 2840 456
free 40 -1 3384 456
alloc 39 275 2816 3088 456
alloc 10 546 3432 2520 456
free 17 -1 2968 456
free 44 -1 3096 456
alloc 11 223 792 2856 456
free 30 -1 3472 456
alloc 37 142 16 3288 456
alloc 16 371 1032 2880 456
alloc 15 521 7704 2336 456
alloc 34 137 1696 2176 456
free 41 -1 2448 456
alloc 36 233 8248 2192 456
alloc 35 428 9960 1744 456
alloc 38 32 1856 1672 456
alloc 13 168 6440 1456 456
free 24 -1 1712 456
alloc 7 452 10408 1240 456
alloc 42 427 -1 1240 456
alloc 17 152 1440 1072 456
free 28 -1 1688 456
free 43 -1 2208 456
alloc 30 597 8504 1592 456
free 37 -1 1776 456
alloc 0 149 16 1592 456
free 47 -1 1632 456
free 34 -1 1792 456
alloc 41 9 200 1752 456
free 20 -1 2264 456
free 3 -1 2856 456
alloc 22 306 240 2528 456
free 13 -1 2744 456
alloc 40 261 7184 2464 456
free 23 -1 2784 456
free 26 -1 3112 456
free 1 -1 3496 456
alloc 12 516 6000 2960 456
free 11 -1 3200 456
free 14 -1 3704 456
free 21 -1 4064 456
free 32 -1 4104 456
alloc 47 185 568 3896 456
free 2 -1 4384 456
alloc 25 415 2312 3952 456
alloc 4 493 4624 3440 456
alloc 19 213 776 3184 456
free 38 -1 3256 456
alloc 45 464 5136 2776 456
free 40 -1 3056 456
alloc 23 127 1608 2912 456
alloc 42 97 1752 2792 456
free 17 -1 2960 456
alloc 44 381 7184 2560 456
alloc 27 349 5616 2176 456
alloc 14 166 3112 1992 456
alloc 21 114 1440 1824 456
free 16 -1 2232 456
free 47 -1 2440 456
alloc 34 526 9120 1896 456
free 41 -1 1936 456
free 4 -1 2448 456
free 35 -1 2896 456
alloc 38 501 9664 2376 456
free 45 -1 2856 456
alloc 40 275 1032 2560 456
free 39 -1 2856 456
free 10 -1 3424 456
alloc 1 300 2744 3104 456
free 44 -1 3504 456
alloc 11 547 3296 2936 456
free 14 -1 3120 456
alloc 37 578 4624 2520 456
alloc 16 359 5224 2128 456
free 15 -1 2672 456
alloc 18 64 568 2592 456
alloc 41 506 7184 2064 456
alloc 20 472 7712 1576 456
alloc 35 248 10880 1312 456
free 6 -1 1696 456
alloc 13 356 1872 1320 456
alloc 24 373 -1 1320 456
alloc 39 394 -1 1320 456
alloc 26 450 -1 1320 456
alloc 17 556 -1 1320 456
alloc 28 398 -1 1320 456
free 11 -1 1888 456
alloc 46 214 3064 1656 456
alloc 5 139 3296 1496 456
alloc 32 147 3456 1328 456
alloc 47 226 3624 1080 456
free 18 -1 1160 456
alloc 9 491 -1 1160 456
free 20 -1 1648 456
alloc 3 473 7712 1152 456
alloc 6 97 568 1032 456
alloc 29 316 -1 1032 456
alloc 8 159 3872 856 456
alloc 39 565 -1 856 456
alloc 10 452 -1 856 456
free 1 -1 1176 456
alloc 28 133 2744 1024 456
alloc 43 339 -1 1024 456
free 46 -1 1256 456
free 37 -1 1856 456
free 0 -1 2040 456
alloc 31 256 2896 1768 456
free 34 -1 2312 456
alloc 9 150 16 2144 456
alloc 4 593 -1 2144 456
free 35 -1 2408 456
free 22 -1 2736 456
alloc 45 180 184 2536 456
free 8 -1 2712 456
free 7 -1 3184 456
alloc 26 576 4624 2584 456
alloc 33 415 9120 2152 456
free 28 -1 2304 456
alloc 43 14 384 2272 456
alloc 46 468 10184 1784 456
free 21 -1 1952 456
free 16 -1 2344 456
free 47 -1 2592 456
alloc 34 242 1328 2312 456
free 9 -1 2480 456
alloc 4 408 3624 2056 456
free 3 -1 2552 456
alloc 22 164 5224 2368 456
free 13 -1 2744 456
alloc 24 10 16 2712 456
alloc 39 163 1872 2528 456
free 26 -1 3128 456
alloc 17 165 2056 2944 456
alloc 28 595 -1 2944 456
alloc 11 423 4624 2504 456
free 30 -1 3120 456
alloc 37 510 7712 2584 456
free 32 -1 2752 456
alloc 47 227 8504 2504 456
alloc 2 247 8752 2240 456
alloc 9 28 48 2192 456
free 4 -1 2616 456
alloc 3 346 3456 2248 456
free 38 -1 2768 456
free 45 -1 2968 456
alloc 8 12 96 2936 456
free 39 -1 3120 456
alloc 26 334 9552 2768 456
free 17 -1 2952 456
alloc 44 167 128 2768 456
free 27 -1 3152 456
alloc 14 272 1872 2864 456
free 5 -1 3024 456
alloc 16 458 5408 2544 456
alloc 15 324 10672 2200 456
alloc 18 579 -1 2200 456
free 9 -1 2248 456
alloc 20 139 3168 2088 456
free 19 -1 2344 456
free 22 -1 2528 456
alloc 13 27 48 2480 456
free 8 -1 2512 456
alloc 39 225 688 2264 456
alloc 10 40 312 2192 456
free 33 -1 2624 456
alloc 28 289 5064 2280 456
free 11 -1 2720 456
free 46 -1 3208 456
alloc 5 450 9016 2736 456
alloc 32 246 3824 2464 456
free 47 -1 2712 456
free 2 -1 2976 456
free 25 -1 3408 456
free 20 -1 3568 456
alloc 35 426 2160 3120 456
alloc 38 270 2608 2832 456
alloc 29 299 4624 2512 456
free 40 -1 2808 456
alloc 7 402 8504 2384 456
free 10 -1 2456 456
alloc 1 417 9904 2016 456
free 12 -1 2552 456
alloc 11 152 936 2384 456
alloc 30 299 5888 2064 456
alloc 21 346 6208 1696 456
alloc 0 387 -1 1696 456
free 15 -1 2040 456
alloc 2 548 10344 1472 456
free 41 -1 2000 456
free 36 -1 2256 456
free 35 -1 2704 456
alloc 22 528 -1 2704 456
free 29 -1 3024 456
free 24 -1 3056 456
free 39 -1 3304 456
alloc 10 246 2160 3040 456
free 1 -1 3480 456
free 44 -1 3664 456
free 43 -1 3696 456
free 14 -1 3984 456
free 37 -1 4520 456
alloc 0 354 96 4144 456
free 31 -1 4416 456
alloc 18 160 688 4240 456
alloc 25 197 1104 4016 456
alloc 36 301 2896 3696 456
alloc 35 424 4624 3256 456
alloc 22 39 472 3200 456
alloc 45 558 7184 2624 456
alloc 40 114 1872 2488 456
free 7 -1 2912 456
free 10 -1 3176 456
alloc 17 316 2008 2840 456
alloc 44 523 7760 2296 456
free 11 -1 2464 456
free 30 -1 2784 456
alloc 37 133 864 2632 456
free 32 -1 2904 456
alloc 47 450 8304 2432 456
free 18 -1 2608 456
alloc 41 341 9904 2248 456
alloc 4 538 -1 2248 456
alloc 19 158 688 2072 456
free 38 -1 2360 456
alloc 29 532 2344 1808 456
alloc 24 532 -1 1808 456
alloc 7 163 3216 1624 456
alloc 10 60 1016 1536 456
alloc 1 386 -1 1536 456
free 28 -1 1880 456
alloc 27 238 3824 1608 456
alloc 46 445 -1 1608 456
free 37 -1 1760 456
alloc 32 250 5064 1488 456
alloc 31 8 16 1456 456
free 34 -1 1736 456
free 41 -1 2096 456
alloc 4 449 -1 2096 456
free 35 -1 2536 456
free 6 -1 2656 456
free 29 -1 3208 456
alloc 24 491 2344 2696 456
free 23 -1 2840 456
free 42 -1 2960 456
free 17 -1 3296 456
alloc 28 84 528 3192 456
alloc 11 36 632 3136 456
alloc 30 71 864 3048 456
free 5 -1 3520 456
free 32 -1 3792 456
alloc 15 566 4624 3208 456
alloc 18 13 952 3144 456
alloc 9 233 1328 2888 456
free 36 -1 3208 456
free 19 -1 3384 456
free 22 -1 3440 456
free 45 -1 4016 456
free 24 -1 4528 456
alloc 23 70 688 4440 456
alloc 42 332 2008 4088 456
alloc 1 592 2360 3480 456
alloc 12 14 472 3424 456
free 27 -1 3696 456
alloc 46 451 7184 3224 456
alloc 5 76 1584 3128 456
alloc 32 120 1680 2992 456
free 15 -1 3576 456
alloc 34 529 4624 3024 456
free 9 -1 3280 456
alloc 20 244 3824 3008 456
alloc 35 124 1328 2864 456
alloc 6 86 1472 2752 456
alloc 45 66 776 2664 456
alloc 8 228 2968 2416 456
free 23 -1 2504 456
free 42 -1 2856 456
alloc 17 96 2008 2744 456
free 12 -1 2800 456
alloc 27 567 8776 2216 456
free 46 -1 2688 456
alloc 37 113 2120 2552 456
free 16 -1 3032 456
free 47 -1 3504 456
free 18 -1 3568 456
alloc 9 527 5176 3024 456
alloc 36 216 5720 2792 456
free 3 -1 3160 456
free 6 -1 3272 456
free 13 -1 3320 456
alloc 24 248 3400 3056 456
alloc 23 20 48 3008 456
free 26 -1 3360 456
alloc 33 64 688 3272 456
free 28 -1 3376 456
free 27 -1 3960 456
free 30 -1 4048 456
free 37 -1 4184 456
free 32 -1 4320 456
alloc 47 273 7184 4024 456
free 34 -1 4576 456
free 25 -1 4800 456
free 36 -1 5032 456
alloc 3 56 472 4960 456
alloc 6 324 4624 4616 456
free 45 -1 4704 456
free 24 -1 4968 456
free 23 -1 5016 456
alloc 26 492 8304 4504 456
free 17 -1 4616 456
alloc 28 512 8816 4088 456
free 11 -1 4144 456
alloc 46 504 9344 3624 456
free 5 -1 3720 456
free 0 -1 4096 456
free 47 -1 4392 456
free 2 -1 4960 456
free 9 -1 5504 456
alloc 4 348 48 5136 456
alloc 19 32 416 5080 456
alloc 38 461 4968 4600 456
alloc 29 406 3400 4176 456
free 8 -1 4424 456
free 7 -1 4608 456
free 26 -1 5120 456
free 1 -1 5728 456
alloc 12 474 2008 5232 456
alloc 27 280 1472 4936 456
free 46 -1 5456 456
free 21 -1 5824 456
alloc 16 599 2504 5208 456
alloc 47 135 776 5056 456
alloc 18 216 3120 4824 456
alloc 25 269 5448 4536 456
free 20 -1 4808 456
free 35 -1 4952 456
alloc 22 159 1104 4776 456
alloc 13 220 3824 4504 456
alloc 24 549 5736 3936 456
alloc 39 418 7184 3496 456
alloc 26 506 9344 2968 456
alloc 1 15 544 2936 456
free 28 -1 3464 456
alloc 43 368 8304 3080 456
alloc 46 502 8688 2560 456
alloc 37 69 576 2448 456
alloc 32 499 9872 1928 456
free 47 -1 2080 456
alloc 34 460 10392 1600 456
alloc 41 293 6304 1288 456
free 4 -1 1656 456
free 3 -1 1728 456
free 38 -1 2208 456
free 29 -1 2632 456
alloc 8 199 48 2416 456
free 39 -1 2856 456
free 10 -1 2944 456
alloc 17 351 3352 2576 456
free 12 -1 3072 456
alloc 11 425 2008 2624 456
free 46 -1 3144 456
free 37 -1 3256 456
free 16 -1 3872 456
free 31 -1 3904 456
free 34 -1 4384 456
alloc 9 446 2456 3920 456
alloc 36 411 4968 3488 456
alloc 3 188 776 3280 456
free 6 -1 3624 456
free 13 -1 3896 456
free 8 -1 4112 456
alloc 23 483 7184 3608 456
free 26 -1 4136 456
free 1 -1 4168 456
alloc 12 407 8688 3744 456
free 27 -1 4040 456
alloc 30 455 1280 3568 456
alloc 37 339 16 3208 456
alloc 16 500 9112 2688 456
alloc 15 142 472 2528 456
alloc 34 322 3720 2152 456
free 9 -1 2616 456
alloc 4 152 2456 2448 456
free 3 -1 2656 456
alloc 6 191 776 2448 456
alloc 45 23 376 2408 456
free 24 -1 2976 456
alloc 7 225 2624 2728 456
alloc 10 482 5736 2224 456
free 33 -1 2312 456
alloc 28 267 4624 2024 456
alloc 27 476 10392 1528 456
alloc 46 451 -1 1528 456
alloc 5 220 2872 1280 456
free 32 -1 1800 456
alloc 31 270 9632 1512 456
free 34 -1 1888 456
free 25 -1 2176 456
free 4 -1 2344 456
free 19 -1 2400 456
alloc 38 176 3720 2208 456
alloc 29 133 2456 2040 456
free 40 -1 2176 456
free 23 -1 2680 456
alloc 42 179 1752 2480 456
alloc 33 437 7184 2024 456
free 44 -1 2568 456
free 11 -1 3016 456
free 30 -1 3488 456
free 37 -1 3848 456
free 16 -1 4368 456
alloc 47 230 16 4120 456
alloc 2 374 1280 3728 456
alloc 25 260 1952 3448 456
alloc 4 174 2232 3224 456
alloc 19 226 5400 2976 456
free 22 -1 3152 456
free 45 -1 3192 456
alloc 8 515 7640 2656 456
alloc 23 516 -1 2656 456
free 42 -1 2856 456
free 33 -1 3312 456
alloc 44 390 7184 2904 456
free 27 -1 3400 456
alloc 46 193 984 3184 456
alloc 21 383 9112 2784 456
alloc 0 588 9920 2176 456
free 15 -1 2336 456
free 2 -1 2728 456
alloc 9 490 264 2216 456
free 36 -1 2648 456
alloc 35 562 1200 2064 456
free 6 -1 2272 456
alloc 13 142 776 2112 456
free 8 -1 2648 456
alloc 23 159 3912 2464 456
alloc 26 516 7592 1928 456
alloc 33 91 1784 1816 456
free 28 -1 2104 456
alloc 27 349 4624 1736 456
free 46 -1 1952 456
alloc 37 167 936 1768 456
alloc 32 525 10528 1224 456
alloc 15 386 4992 816 456
alloc 34 70 5648 728 456
free 41 -1 1040 456
free 4 -1 1264 456
alloc 3 291 6240 952 456
alloc 6 571 -1 952 456
free 13 -1 1112 456
alloc 24 550 -1 1112 456
free 23 -1 1296 456
free 10 -1 1800 456
free 33 -1 1912 456
free 12 -1 2336 456
free 27 -1 2704 456
alloc 30 386 5736 2296 456
free 5 -1 2544 456
free 32 -1 3088 456
free 15 -1 3496 456
free 34 -1 3584 456
free 25 -1 3864 456
alloc 4 115 776 3704 456
free 19 -1 3952 456
alloc 6 106 1784 3824 456
alloc 45 542 4624 3264 456
alloc 40 538 10528 2704 456
free 7 -1 2952 456
free 26 -1 3488 456
free 17 -1 3856 456
alloc 12 249 1912 3584 456
alloc 11 302 2624 3264 456
alloc 46 582 7592 2664 456
free 21 -1 3064 456
alloc 32 155 2184 2888 456
alloc 15 120 2944 2752 456
free 18 -1 2984 456
free 9 -1 3496 456
alloc 36 300 264 3176 456
free 3 -1 3488 456
free 6 -1 3616 456
free 45 -1 4176 456
free 40 -1 4736 456
alloc 7 491 3080 4224 456
alloc 26 401 4624 3800 456
alloc 33 340 5048 3440 456
alloc 28 165 584 3248 456
free 43 -1 3632 456
alloc 14 35 1120 3552 456
alloc 21 179 5408 3352 456
alloc 16 413 6144 2920 456
free 15 -1 3056 456
alloc 18 14 1784 3024 456
alloc 25 203 8192 2800 456
free 36 -1 3120 456
alloc 3 124 264 2976 456
alloc 22 421 8416 2536 456
free 29 -1 2704 456
alloc 8 166 2360 2520 456
free 7 -1 3032 456
alloc 10 339 2944 2672 456
alloc 1 157 408 2496 456
free 44 -1 2904 456
alloc 27 137 3304 2744 456
free 46 -1 3344 456
free 21 -1 3544 456
free 0 -1 4152 456
free 31 -1 4440 456
alloc 2 272 5408 4152 456
free 25 -1 4376 456
alloc 20 309 7184 4048 456
free 3 -1 4192 456
free 38 -1 4384 456
alloc 13 85 264 4280 456
alloc 40 343 3464 3920 456
alloc 39 27 1816 3872 456
free 26 -1 4296 456
free 1 -1 4472 456
alloc 44 312 4624 4144 456
alloc 43 9 368 4112 456
alloc 46 75 400 4016 456
free 37 -1 4200 456
free 16 -1 4632 456
alloc 15 337 6144 4272 456
free 2 -1 4560 456
alloc 41 38 496 4472 456
free 20 -1 4800 456
alloc 3 82 936 4696 456
free 22 -1 5136 456
alloc 29 205 3824 4912 456
free 40 -1 5272 456
alloc 23 137 3464 5112 456
alloc 26 478 7184 4616 456
alloc 17 80 3624 4520 456
free 28 -1 4712 456
free 43 -1 4744 456
free 46 -1 4840 456
alloc 21 116 584 4704 456
alloc 0 117 5408 4568 456
free 47 -1 4816 456
alloc 34 224 16 4568 456
alloc 9 575 7680 3976 456
alloc 36 232 8272 3728 456
free 3 -1 3832 456
alloc 6 381 8520 3432 456
free 29 -1 3656 456
alloc 24 72 368 3568 456
alloc 7 143 936 3384 456
alloc 42 82 3720 3280 456
alloc 1 422 8920 2840 456
alloc 28 89 3824 2728 456
alloc 43 31 720 2672 456
free 30 -1 3080 456
alloc 37 596 9360 2464 456
alloc 16 465 5544 1976 456
free 15 -1 2336 456
alloc 2 573 6032 1712 456
free 41 -1 1800 456
free 4 -1 1960 456
alloc 19 293 9976 1648 456
free 6 -1 2048 456
alloc 45 40 456 1992 456
free 24 -1 2080 456
free 39 -1 2128 456
free 26 -1 2624 456
free 1 -1 3064 456
free 12 -1 3336 456
free 11 -1 3656 456
alloc 46 64 368 3568 456
alloc 5 261 1816 3288 456
free 16 -1 3776 456
alloc 47 420 5544 3336 456
free 18 -1 3368 456
alloc 25 370 2544 2968 456
free 36 -1 3216 456
alloc 3 331 7184 2864 456
alloc 38 525 8272 2320 456
alloc 29 54 512 2248 456
free 8 -1 2432 456
alloc 39 455 8816 1960 456
alloc 26 107 776 1800 456
alloc 1 4 1784 1768 456
free 28 -1 1880 456
free 27 -1 2040 456
alloc 30 338 10288 1680 456
free 21 -1 1816 456
free 0 -1 1952 456
free 47 -1 2392 456
free 2 -1 3016 456
alloc 41 354 5408 2640 456
alloc 36 541 5784 2080 456
free 19 -1 2392 456
alloc 22 391 10648 1984 456
free 45 -1 2040 456
alloc 24 285 6344 1728 456
free 7 -1 1912 456
free 42 -1 2016 456
free 17 -1 2112 456
alloc 28 534 -1 2112 456
alloc 11 190 3624 1904 456
free 30 -1 2264 456
alloc 21 120 584 2128 456
free 32 -1 2304 456
alloc 15 496 9976 1792 456
free 34 -1 2040 456
free 25 -1 2440 456
free 36 -1 3000 456
free 3 -1 3352 456
free 22 -1 3760 456
free 29 -1 3832 456
alloc 40 225 16 3584 456
alloc 7 251 2096 3312 456
free 26 -1 3472 456
alloc 17 439 2368 3016 456
alloc 28 397 5784 2600 456
alloc 27 422 7184 2160 456
free 46 -1 2248 456
free 21 -1 2384 456
alloc 32 266 368 2096 456
free 15 -1 2608 456
alloc 2 313 776 2264 456
free 41 -1 2640 456
alloc 36 571 9976 2048 456
alloc 3 372 10568 1656 456
free 38 -1 2200 456
free 13 -1 2304 456
free 24 -1 2616 456
free 7 -1 2888 456
alloc 26 416 6200 2432 456
free 1 -1 2464 456
alloc 12 151 2096 2296 456
free 11 -1 2504 456
alloc 30 559 -1 2504 456
free 37 -1 3120 456
alloc 16 28 264 3072 456
alloc 47 48 656 3008 456
free 2 -1 3352 456
alloc 41 139 776 3192 456
free 36 -1 3784 456
free 35 -1 4368 456
alloc 6 375 1200 3976 456
alloc 45 559 9288 3400 456
alloc 24 418 3624 2928 456
alloc 7 537 9864 2368 456
free 10 -1 2728 456
free 17 -1 3184 456
free 12 -1 3352 456
free 27 -1 3792 456
alloc 46 499 2096 3272 456
alloc 21 481 2616 2768 456
alloc 0 110 936 2640 456
free 47 -1 2704 456
alloc 2 551 -1 2704 456
free 9 -1 3296 456
alloc 20 172 1592 3072 456
alloc 35 412 7184 2640 456
free 6 -1 3032 456
alloc 29 285 1200 2728 456
free 40 -1 2976 456
free 7 -1 3536 456
free 26 -1 3992 456
free 33 -1 4352 456
free 44 -1 4680 456
alloc 11 394 4624 4264 456
free 14 -1 4344 456
alloc 37 593 5040 3728 456
free 32 -1 4016 456
alloc 31 41 16 3952 456
alloc 18 331 312 3600 456
alloc 9 535 7616 3048 456
free 20 -1 3272 456
alloc 19 162 80 3088 456
alloc 38 439 6200 2632 456
free 45 -1 3208 456
free 24 -1 3680 456
free 39 -1 4152 456
alloc 42 282 1504 3840 456
alloc 17 435 3624 3368 456
free 28 -1 3784 456
free 43 -1 3840 456
alloc 14 215 3120 3608 456
free 5 -1 3888 456
free 0 -1 4016 456
alloc 15 575 8168 3424 456
alloc 34 55 664 3352 456
free 41 -1 3512 456
alloc 36 343 736 3152 456
free 35 -1 3584 456
alloc 6 188 1816 3376 456
alloc 13 366 5656 2992 456
alloc 8 362 7184 2608 456
alloc 39 236 8760 2352 456
alloc 10 191 9016 2144 456
alloc 1 57 1096 2040 456
alloc 28 464 9224 1560 456
alloc 43 154 9704 1384 456
alloc 30 315 9880 1048 456
free 21 -1 1552 456
alloc 0 427 2616 1104 456
free 31 -1 1168 456
alloc 2 300 10216 816 456
alloc 25 450 -1 816 456
free 36 -1 1176 456
alloc 35 541 -1 1176 456
free 38 -1 1632 456
free 13 -1 2016 456
alloc 24 590 5656 1408 456
free 23 -1 1568 456
alloc 26 163 736 1384 456
free 17 -1 1856 456
alloc 12 402 3352 1432 456
free 43 -1 1608 456
free 46 -1 2128 456
alloc 5 560 2024 1536 456
free 0 -1 1984 456
alloc 47 487 2616 1480 456
free 2 -1 1832 456
free 9 -1 2384 456
alloc 4 219 3776 2144 456
alloc 35 432 7568 1696 456
alloc 38 556 -1 1696 456
alloc 45 438 -1 1696 456
free 8 -1 2080 456
alloc 7 16 16 2016 456
free 42 -1 2328 456
alloc 33 505 -1 2328 456
free 28 -1 2808 456
free 11 -1 3224 456
alloc 46 454 9224 2752 456
free 37 -1 3368 456
free 16 -1 3416 456
alloc 31 509 4624 2888 456
free 34 -1 2960 456
alloc 25 416 5152 2528 456
alloc 36 196 1504 2312 456
free 3 -1 2704 456
alloc 38 515 10216 2168 456
free 29 -1 2472 456
alloc 8 135 920 2296 456
alloc 23 200 1200 2080 456
free 26 -1 2264 456
alloc 33 388 10752 1856 456
alloc 28 349 6264 1464 456
alloc 27 398 -1 1464 456
free 46 -1 1936 456
alloc 21 251 7184 1664 456
alloc 0 144 664 1504 456
free 31 -1 2032 456
alloc 2 73 824 1936 456
alloc 41 552 9224 1368 456
alloc 20 382 4624 968 456
alloc 3 108 5024 840 456
free 6 -1 1048 456
alloc 29 111 1720 920 456
alloc 40 488 -1 920 456
free 39 -1 1176 456
alloc 42 133 1848 1000 456
free 1 -1 1104 456
free 28 -1 1496 456
alloc 27 241 6264 1232 456
free 30 -1 1568 456
free 5 -1 2160 456
alloc 32 553 2024 1568 456
alloc 31 595 -1 1568 456
free 18 -1 1920 456
free 25 -1 2352 456
free 36 -1 2568 456
free 19 -1 2752 456
alloc 6 135 80 2600 456
free 29 -1 2728 456
free 24 -1 3336 456
free 7 -1 3400 456
free 10 -1 3608 456
alloc 17 517 5152 3072 456
alloc 28 91 232 2960 456
free 27 -1 3224 456
free 14 -1 3456 456
alloc 37 246 344 3192 456
alloc 16 571 5688 2600 456
free 15 -1 3192 456
alloc 18 516 8016 2656 456
free 41 -1 3224 456
free 20 -1 3624 456
alloc 19 335 1416 3272 456
alloc 22 451 8552 2800 456
alloc 29 261 4624 2520 456
free 8 -1 2696 456
free 23 -1 2912 456
free 42 -1 3088 456
alloc 1 523 9024 2544 456
free 12 -1 2968 456
alloc 11 498 3120 2448 456
alloc 30 197 920 2232 456
alloc 5 39 16 2168 456
free 0 -1 2328 456
alloc 31 369 9568 1936 456
alloc 34 24 608 1896 456
alloc 41 545 -1 1896 456
alloc 20 595 -1 1896 456
free 35 -1 2344 456
free 22 -1 2816 456
alloc 13 531 7456 2256 456
alloc 40 445 8552 1784 456
alloc 39 105 648 1656 456
alloc 42 466 -1 1656 456
free 1 -1 2200 456
alloc 12 540 -1 2200 456
alloc 27 58 1136 2120 456
alloc 46 113 1216 1984 456
free 5 -1 2048 456
free 32 -1 2640 456
free 31 -1 3032 456
free 34 -1 3072 456
alloc 25 287 1768 2768 456
alloc 20 442 2072 2304 456
alloc 35 130 6280 2152 456
free 38 -1 2688 456
free 29 -1 2968 456
free 40 -1 3440 456
free 39 -1 3568 456
alloc 42 201 4624 3344 456
free 33 -1 3752 456
alloc 12 171 608 3536 456
free 27 -1 3616 456
alloc 14 30 16 3552 456
alloc 5 277 8552 3256 456
free 16 -1 3848 456
free 47 -1 4352 456
free 18 -1 4888 456
alloc 41 407 2536 4464 456
alloc 36 526 5688 3920 456
free 3 -1 4048 456
alloc 38 77 2960 3952 456
free 13 -1 4512 456
alloc 8 89 3640 4376 456
alloc 23 2 1136 4352 456
alloc 26 323 7456 4008 456
free 17 -1 4544 456
free 28 -1 4656 456
alloc 27 496 4848 4144 456
free 30 -1 4360 456
free 5 -1 4656 456
alloc 0 66 232 4544 456
alloc 47 55 920 4472 456
free 2 -1 4568 456
alloc 9 96 992 4424 456
free 36 -1 4968 456
alloc 3 182 5360 4768 456
alloc 22 399 5560 4352 456
alloc 29 17 824 4312 456
free 8 -1 4448 456
free 23 -1 4472 456
alloc 10 365 7800 4088 456
alloc 33 177 5976 3888 456
free 12 -1 4104 456
alloc 43 504 8184 3584 456
free 14 -1 3648 456
free 21 -1 3920 456
alloc 32 595 8704 3304 456
alloc 31 197 608 3088 456
alloc 34 484 9320 2584 456
free 25 -1 2888 456
free 20 -1 3352 456
free 3 -1 3552 456
free 6 -1 3704 456
alloc 13 87 16 3600 456
alloc 8 351 1768 3232 456
alloc 7 339 2136 2872 456
free 42 -1 3096 456
alloc 1 530 9824 2544 456
alloc 12 64 120 2432 456
free 27 -1 2944 456
free 46 -1 3080 456
free 37 -1 3344 456
alloc 16 541 4624 2784 456
alloc 15 387 10376 2376 456
alloc 18 182 344 2176 456
free 9 -1 2320 456
free 4 -1 2560 456
free 35 -1 2712 456
free 38 -1 2808 456
alloc 45 180 992 2608 456
alloc 24 219 3640 2368 456
alloc 23 579 -1 2368 456
free 26 -1 2712 456
free 33 -1 2912 456
free 12 -1 3024 456
free 43 -1 3544 456
alloc 14 50 120 3472 456
alloc 5 361 5976 3088 456
free 0 -1 3200 456
free 47 -1 3272 456
alloc 2 320 5184 2936 456
alloc 25 334 7184 2584 456
alloc 20 61 192 2504 456
free 19 -1 2856 456
alloc 6 471 1192 2368 456
free 45 -1 2568 456
free 24 -1 2808 456
alloc 39 419 3640 2352 456
free 10 -1 2736 456
free 1 -1 3288 456
alloc 44 24 272 3216 456
alloc 43 257 864 2936 456
alloc 46 483 7536 2432 456
alloc 21 257 6360 2136 456
free 16 -1 2696 456
free 15 -1 3104 456
free 34 -1 3608 456
free 41 -1 4032 456
alloc 36 137 2496 3872 456
alloc 35 340 2656 3512 456
free 6 -1 4000 456
free 29 -1 4040 456
alloc 24 593 1144 3416 456
alloc 23 433 4624 2960 456
alloc 26 326 8040 2616 456
alloc 33 549 9320 2048 456
alloc 28 242 8384 1784 456
free 43 -1 2064 456
alloc 30 85 824 1960 456
alloc 37 305 9888 1632 456
alloc 0 205 10216 1408 456
free 31 -1 1624 456
free 2 -1 1960 456
alloc 41 41 544 1896 456
alloc 4 142 608 1736 456
free 35 -1 2096 456
alloc 38 215 2656 1864 456
alloc 45 21 768 1808 456
free 8 -1 2176 456
free 39 -1 2632 456
free 26 -1 2976 456
free 33 -1 3544 456
alloc 12 548 9320 2976 456
free 11 -1 3496 456
free 14 -1 3568 456
free 21 -1 3864 456
alloc 16 137 928 3704 456
alloc 31 356 2888 3328 456
free 18 -1 3528 456
free 25 -1 3880 456
free 36 -1 4040 456
alloc 3 160 344 3840 456
free 38 -1 4072 456
alloc 29 419 3264 3632 456
alloc 40 116 1768 3496 456
free 23 -1 3952 456
alloc 42 329 2496 3600 456
alloc 17 590 4624 2992 456
free 44 -1 3064 456
alloc 11 88 1904 2960 456
free 30 -1 3064 456
free 37 -1 3392 456
free 16 -1 3552 456
free 31 -1 3928 456
alloc 18 505 10440 3400 456
alloc 9 277 824 3080 456
alloc 36 70 2008 2992 456
alloc 35 93 2848 2880 456
alloc 38 213 2960 2648 456
free 13 -1 2752 456
alloc 8 225 3704 2504 456
alloc 39 215 5232 2272 456
alloc 10 110 16 2144 456
alloc 1 580 -1 2144 456
free 12 -1 2712 456
alloc 27 32 144 2664 456
alloc 14 317 7184 2312 456
alloc 21 269 6360 2016 456
free 0 -1 2240 456
alloc 31 514 9320 1704 456
alloc 2 299 8040 1360 456
alloc 25 181 9856 1160 456
free 36 -1 1248 456
free 3 -1 1448 456
free 22 -1 1864 456
alloc 13 524 -1 1864 456
free 24 -1 2488 456
free 39 -1 2720 456
alloc 26 450 1144 2248 456
free 17 -1 2856 456
alloc 12 593 4624 2240 456
free 27 -1 2288 456
free 46 -1 2792 456
free 5 -1 3176 456
alloc 16 230 272 2904 456
alloc 15 224 5240 2664 456
alloc 34 76 1616 2568 456
free 41 -1 2632 456
alloc 36 452 5480 2160 456
alloc 3 353 5952 1752 456
alloc 6 249 7536 1480 456
free 45 -1 1536 456
free 8 -1 1784 456
alloc 23 296 3704 1472 456
free 10 -1 1600 456
alloc 33 348 10056 1216 456
free 28 -1 1480 456
alloc 43 219 8384 1240 456
alloc 30 456 -1 1240 456
alloc 5 510 -1 1240 456
free 32 -1 1856 456
free 31 -1 2392 456
free 34 -1 2488 456
free 25 -1 2688 456
free 4 -1 2848 456
free 3 -1 3256 456
free 38 -1 3488 456
free 29 -1 3928 456
alloc 8 486 2960 3424 456
free 23 -1 3736 456
free 42 -1 4088 456
alloc 1 389 3464 3680 456
alloc 28 540 8624 3120 456
free 43 -1 3360 456
alloc 46 260 544 3080 456
alloc 37 347 5952 2712 456
alloc 0 423 9184 2272 456
alloc 47 256 2496 2000 456
free 2 -1 2344 456
alloc 41 515 7808 1808 456
alloc 4 600 -1 1808 456
free 35 -1 1920 456
free 6 -1 2192 456
alloc 13 149 16 2016 456
alloc 24 210 7536 1784 456
alloc 39 251 8344 1504 456
alloc 10 74 1616 1408 456
alloc 17 573 -1 1408 456
free 12 -1 2024 456
free 11 -1 2128 456
free 14 -1 2480 456
free 37 -1 2848 456
free 16 -1 3120 456
free 47 -1 3392 456
alloc 2 79 272 3296 456
free 41 -1 3832 456
free 20 -1 3912 456
alloc 19 575 4624 3296 456
alloc 38 16 192 3264 456
free 13 -1 3440 456
free 24 -1 3672 456
free 7 -1 4032 456
free 26 -1 4504 456
alloc 17 16 16 4472 456
free 28 -1 5032 456
alloc 43 460 1904 4552 456
alloc 30 253 1144 4280 456
alloc 37 273 2384 3984 456
free 0 -1 4424 456
alloc 47 310 5952 4096 456
free 18 -1 4624 456
alloc 25 372 7184 4232 456
free 36 -1 4704 456
alloc 3 37 48 4648 456
alloc 22 586 7576 4040 456
alloc 13 155 368 3864 456
free 8 -1 4368 456
free 39 -1 4648 456
free 10 -1 4744 456
free 17 -1 4776 456
alloc 44 382 2680 4376 456
alloc 11 413 5480 3944 456
alloc 14 255 1416 3672 456
free 37 -1 3968 456
alloc 16 409 8184 3536 456
alloc 31 84 2384 3432 456
alloc 18 314 3080 3096 456
free 25 -1 3488 456
alloc 36 103 2488 3368 456
alloc 35 458 8616 2888 456
alloc 6 124 3872 2744 456
free 13 -1 2920 456
free 40 -1 3056 456
alloc 7 250 7184 2784 456
alloc 42 569 9096 2192 456
free 33 -1 2576 456
alloc 28 152 368 2400 456
free 11 -1 2832 456
free 14 -1 3104 456
alloc 37 327 1416 2760 456
alloc 0 139 5480 2600 456
free 31 -1 2704 456
free 18 -1 3040 456
free 9 -1 3360 456
alloc 20 545 9688 2792 456
free 3 -1 2848 456
free 22 -1 3456 456
alloc 45 235 824 3200 456
alloc 24 102 16 3080 456
alloc 23 266 3080 2792 456
alloc 10 246 5640 2528 456
alloc 17 409 7456 2096 456
free 44 -1 2496 456
free 43 -1 2976 456
alloc 14 197 1760 2760 456
free 37 -1 3104 456
free 0 -1 3264 456
free 15 -1 3504 456
alloc 34 349 1976 3136 456
alloc 9 256 1416 2864 456
alloc 4 83 2344 2760 456
alloc 3 238 2608 2504 456
free 6 -1 2648 456
alloc 29 161 2864 2432 456
alloc 8 544 10256 1872 456
free 7 -1 2144 456
free 42 -1 2736 456
free 1 -1 3144 456
alloc 12 89 3368 3032 456
alloc 27 147 3480 2864 456
free 30 -1 3136 456
alloc 37 173 1080 2944 456
alloc 0 193 3648 2728 456
alloc 15 512 9096 2200 456
free 34 -1 2568 456
alloc 41 581 -1 2568 456
free 36 -1 2688 456
free 35 -1 3168 456
free 38 -1 3200 456
free 45 -1 3456 456
free 8 -1 4016 456
free 23 -1 4304 456
alloc 26 65 136 4216 456
alloc 1 186 824 4008 456
alloc 44 522 10256 3464 456
alloc 11 345 1976 3096 456
free 14 -1 3312 456
alloc 5 94 1272 3168 456
free 16 -1 3600 456
alloc 31 184 1688 3400 456
free 2 -1 3496 456
alloc 25 211 3080 3264 456
free 4 -1 3368 456
free 3 -1 3624 456
alloc 6 24 224 3584 456
alloc 45 404 2344 3160 456
alloc 8 150 3864 2992 456
alloc 23 347 5240 2592 456
free 26 -1 2680 456
alloc 33 183 7184 2480 456
free 12 -1 2592 456
free 11 -1 2960 456
alloc 14 226 1888 2712 456
free 37 -1 2904 456
free 0 -1 3120 456
free 47 -1 3448 456
alloc 34 90 1032 3336 456
free 25 -1 3568 456
alloc 4 80 264 3464 456
free 19 -1 4080 456
alloc 22 92 1144 3952 456
alloc 13 389 4624 3544 456
alloc 40 407 5904 3088 456
free 23 -1 3488 456
free 10 -1 3752 456
free 33 -1 3952 456
free 28 -1 4128 456
alloc 11 311 3080 3800 456
free 14 -1 4048 456
alloc 37 310 1888 3720 456
alloc 0 270 5032 3432 456
free 15 -1 3960 456
free 34 -1 4072 456
alloc 25 425 5320 3624 456
free 20 -1 4192 456
alloc 19 215 7184 3960 456
free 22 -1 4088 456
free 13 -1 4496 456
free 40 -1 4952 456
alloc 23 577 7888 4352 456
alloc 10 481 5768 3848 456
alloc 33 221 1032 3608 456
alloc 12 413 8488 3176 456
alloc 43 484 8920 2672 456
alloc 30 549 9424 2104 456
free 37 -1 2432 456
alloc 32 343 1888 2072 456
alloc 47 510 -1 2072 456
alloc 2 582 -1 2072 456
free 9 -1 2344 456
alloc 20 43 136 2256 456
free 19 -1 2488 456
free 6 -1 2528 456
free 45 -1 2952 456
free 8 -1 3120 456
free 23 -1 3720 456
free 10 -1 4224 456
free 1 -1 4432 456
free 44 -1 4976 456
free 11 -1 5304 456
free 30 -1 5872 456
free 21 -1 6168 456
alloc 16 513 2248 5632 456
alloc 47 9 224 5592 456
alloc 34 599 5768 4976 456
alloc 41 156 368 4800 456
free 20 -1 4888 456
alloc 3 432 3648 4440 456
alloc 6 500 7888 3920 456
alloc 13 350 3080 3520 456
free 24 -1 3640 456
alloc 7 458 9424 3160 456
alloc 26 316 4624 2824 456
free 33 -1 3064 456
alloc 28 512 9904 2536 456
alloc 11 440 10432 2080 456
alloc 14 6 16 2056 456
alloc 21 58 40 1976 456
free 32 -1 2336 456
free 47 -1 2376 456
alloc 18 185 824 2168 456
free 41 -1 2344 456
alloc 20 257 1888 2064 456
alloc 35 437 -1 2064 456
free 6 -1 2584 456
alloc 45 211 1032 2344 456
alloc 40 395 7888 1928 456
alloc 39 383 -1 1928 456
alloc 10 598 -1 1928 456
free 17 -1 2360 456
alloc 44 4 120 2336 456
free 43 -1 2840 456
alloc 30 314 7184 2504 456
free 5 -1 2648 456
free 16 -1 3184 456
free 31 -1 3384 456
free 18 -1 3592 456
free 25 -1 4040 456
free 20 -1 4320 456
alloc 35 96 144 4200 456
alloc 6 146 368 4024 456
free 13 -1 4424 456
alloc 24 157 824 4216 456
alloc 23 261 1272 3936 456
alloc 10 501 1552 3416 456
alloc 33 361 2072 3032 456
free 28 -1 3560 456
free 11 -1 4016 456
free 46 -1 4296 456
alloc 37 285 2456 3992 456
alloc 32 251 544 3712 456
alloc 47 154 3080 3536 456
alloc 2 498 9904 3016 456
alloc 25 96 3256 2904 456
alloc 36 580 10424 2304 456
alloc 19 22 2760 2264 456
alloc 22 558 -1 2264 456
free 29 -1 2480 456
free 24 -1 2688 456
alloc 39 213 2800 2456 456
alloc 42 542 -1 2456 456
free 33 -1 2840 456
free 12 -1 3272 456
alloc 43 123 824 3128 456
free 14 -1 3152 456
free 37 -1 3456 456
free 32 -1 3736 456
alloc 15 299 2072 3416 456
free 34 -1 4032 456
alloc 9 302 2392 3712 456
free 4 -1 3816 456
free 35 -1 3936 456
free 6 -1 4112 456
alloc 13 450 144 3640 456
alloc 24 499 5320 3120 456
free 39 -1 3352 456
alloc 42 237 2800 3072 456
alloc 33 487 5840 2568 456
alloc 12 103 616 2448 456
free 43 -1 2592 456
free 30 -1 2928 456
alloc 37 243 736 2632 456
free 0 -1 2920 456
free 47 -1 3096 456
free 2 -1 3616 456
free 9 -1 3936 456
free 36 -1 4536 456
alloc 35 233 2392 4280 456
alloc 38 401 7184 3856 456
alloc 29 98 3080 3736 456
alloc 8 101 4960 3616 456
free 23 -1 3896 456
free 10 -1 4416 456
alloc 17 317 1272 4080 456
free 44 -1 4104 456
free 27 -1 4272 456
alloc 30 118 1608 4136 456
free 37 -1 4432 456
alloc 16 499 8304 3912 456
alloc 31 126 736 3768 456
alloc 2 495 8824 3256 456
alloc 41 14 880 3224 456
alloc 36 385 9904 2816 456
free 19 -1 2856 456
free 38 -1 3280 456
free 45 -1 3520 456
free 24 -1 4040 456
free 7 -1 4520 456
free 42 -1 4800 456
alloc 1 179 912 4600 456
alloc 28 290 1744 4272 456
alloc 11 362 2648 3888 456
alloc 14 592 5080 3280 456
alloc 5 39 1112 3224 456
alloc 32 591 7184 2616 456
free 15 -1 2936 456
alloc 34 408 9336 2512 456
alloc 9 103 2072 2392 456
free 36 -1 2800 456
free 35 -1 3056 456
alloc 38 383 2192 2656 456
free 29 -1 2776 456
free 40 -1 3192 456
alloc 7 87 1168 3088 456
alloc 10 328 7792 2744 456
free 1 -1 2944 456
free 12 -1 3064 456
alloc 43 415 9760 2632 456
free 30 -1 2768 456
free 5 -1 2824 456
free 16 -1 3344 456
alloc 15 183 912 3144 456
free 2 -1 3656 456
free 25 -1 3768 456
alloc 20 458 3032 3288 456
free 3 -1 3736 456
alloc 6 28 616 3688 456
free 13 -1 4160 456
free 8 -1 4280 456
alloc 39 564 3512 3696 456
alloc 42 49 120 3624 456
free 17 -1 3960 456
alloc 12 99 192 3840 456
alloc 27 237 312 3584 456
alloc 30 283 1272 3280 456
alloc 37 319 8136 2944 456
free 32 -1 3552 456
alloc 47 492 7184 3040 456
free 34 -1 3464 456
alloc 25 74 1576 3368 456
alloc 36 142 6344 3208 456
alloc 35 581 8472 2608 456
free 6 -1 2656 456
alloc 45 379 9072 2256 456
alloc 8 465 10192 1768 456
free 39 -1 2352 456
free 10 -1 2696 456
alloc 17 345 3512 2328 456
free 12 -1 2448 456
free 43 -1 2880 456
free 14 -1 3488 456
free 37 -1 3824 456
alloc 0 322 4960 3480 456
free 47 -1 3992 456
alloc 34 509 5304 3456 456
free 25 -1 3552 456
alloc 4 155 3880 3376 456
alloc 19 123 568 3208 456
alloc 6 394 7184 2792 456
alloc 13 324 7600 2448 456
free 8 -1 2936 456
alloc 39 402 7944 2512 456
free 26 -1 2848 456
free 17 -1 3216 456
alloc 44 179 3512 3016 456
free 11 -1 3400 456
alloc 14 588 9472 2792 456
alloc 37 501 10080 2272 456
free 0 -1 2616 456
free 15 -1 2816 456
free 34 -1 3352 456
alloc 25 360 2592 2976 456
free 36 -1 3136 456
free 35 -1 3736 456
alloc 22 70 192 3616 456
free 13 -1 3960 456
alloc 40 577 4624 3360 456
free 7 -1 3464 456
free 42 -1 3536 456
alloc 1 170 912 3344 456
alloc 12 200 5224 3128 456
alloc 11 481 8368 2624 456
free 30 -1 2928 456
alloc 5 190 1104 2720 456
alloc 0 512 10600 2192 456
free 31 -1 2336 456
alloc 34 27 120 2264 456
free 9 -1 2384 456
free 4 -1 2560 456
alloc 3 396 1312 2128 456
free 38 -1 2528 456
alloc 13 178 2072 2328 456
alloc 24 395 -1 2328 456
alloc 7 478 -1 2328 456
alloc 42 501 -1 2328 456
free 33 -1 2832 456
free 44 -1 3032 456
alloc 43 494 3512 2520 456
alloc 30 471 5440 2032 456
free 37 -1 2552 456
alloc 32 129 2272 2400 456
alloc 47 400 5928 1984 456
alloc 2 288 6344 1672 456
alloc 9 409 10080 1240 456
alloc 4 120 736 1096 456
alloc 35 473 -1 1096 456
free 6 -1 1512 456
free 45 -1 1912 456
free 40 -1 2512 456
alloc 23 518 4624 1976 456
alloc 26 71 2424 1888 456
free 1 -1 2080 456
free 28 -1 2408 456
free 11 -1 2912 456
alloc 46 451 7184 2440 456
free 21 -1 2520 456
free 0 -1 3048 456
alloc 15 177 1744 2848 456
alloc 18 212 7656 2616 456
free 9 -1 3048 456
alloc 36 113 912 2912 456
free 19 -1 3080 456
free 22 -1 3200 456
alloc 29 581 8368 2600 456
alloc 8 484 8968 2096 456
free 39 -1 2520 456
free 26 -1 2608 456
alloc 33 101 192 2488 456
alloc 28 562 10080 1904 456
free 27 -1 2160 456
free 46 -1 2632 456
alloc 21 84 16 2528 456
free 32 -1 2680 456
free 47 -1 3096 456
free 2 -1 3408 456
alloc 9 287 312 3104 456
free 36 -1 3240 456
free 3 -1 3672 456
alloc 22 234 1312 3416 456
free 29 -1 4016 456
alloc 24 208 2272 3792 456
free 23 -1 4328 456
alloc 10 304 4624 4008 456
free 33 -1 4128 456
free 28 -1 4712 456
alloc 11 453 5928 4240 456
free 14 -1 4848 456
alloc 37 500 7888 4328 456
alloc 32 30 192 4280 456
alloc 47 169 912 4088 456
free 18 -1 4320 456
free 41 -1 4352 456
free 4 -1 4496 456
alloc 3 360 7184 4120 456
free 22 -1 4376 456
alloc 29 435 8408 3920 456
free 24 -1 4144 456
alloc 39 212 616 3912 456
alloc 42 249 1312 3640 456
alloc 33 67 1584 3552 456
free 12 -1 3768 456
free 43 -1 4280 456
alloc 14 350 3512 3912 456
free 21 -1 4016 456
alloc 16 232 2272 3768 456
free 47 -1 3960 456
alloc 18 409 4944 3528 456
free 9 -1 3832 456
alloc 4 308 240 3504 456
alloc 35 293 7560 3176 456
alloc 38 253 9472 2904 456
alloc 45 155 848 2728 456
alloc 24 14 16 2696 456
alloc 7 77 1944 2568 456
free 10 -1 2888 456
free 33 -1 2976 456
alloc 28 391 9744 2568 456
alloc 27 560 10152 1992 456
free 14 -1 2360 456
alloc 21 597 -1 2360 456
alloc 0 322 3512 2016 456
free 15 -1 2216 456
free 34 -1 2288 456
free 25 -1 2664 456
alloc 36 597 -1 2664 456
alloc 19 323 1584 2304 456
alloc 6 338 2520 1944 456
free 29 -1 2400 456
free 24 -1 2432 456
free 39 -1 2664 456
alloc 26 506 8408 2104 456
alloc 33 17 16 2064 456
alloc 44 259 568 1784 456
alloc 43 384 10728 1384 456
alloc 14 420 -1 1384 456
alloc 21 160 3856 1208 456
free 16 -1 1456 456
alloc 31 221 2272 1208 456
alloc 2 322 -1 1208 456
alloc 9 323 -1 1208 456
free 20 -1 1688 456
free 35 -1 2016 456
free 38 -1 2288 456
alloc 29 212 2880 2056 456
alloc 40 305 3112 1728 456
alloc 23 128 4624 1584 456
alloc 10 404 -1 1584 456
alloc 1 514 -1 1584 456
free 28 -1 1992 456
free 27 -1 2568 456
alloc 14 419 9472 2128 456
free 37 -1 2648 456
free 32 -1 2696 456
free 31 -1 2944 456
alloc 2 249 7560 2672 456
alloc 9 398 7832 2256 456
alloc 20 230 2272 2008 456
free 3 -1 2384 456
alloc 22 293 7184 2072 456
free 45 -1 2248 456
alloc 24 155 56 2064 456
free 7 -1 2192 456
alloc 10 515 9912 1656 456
alloc 17 362 -1 1656 456
free 44 -1 1936 456
free 43 -1 2336 456
alloc 46 332 568 1984 456
alloc 37 251 10448 1712 456
free 0 -1 2056 456
alloc 31 299 3440 1736 456
free 2 -1 2008 456
alloc 25 310 7496 1672 456
alloc 36 522 10720 1128 456
free 19 -1 1488 456
free 22 -1 1800 456
alloc 45 247 1584 1536 456
free 24 -1 1720 456
alloc 39 475 -1 1720 456
free 42 -1 1992 456
alloc 1 512 -1 1992 456
alloc 12 206 1312 1768 456
alloc 27 164 56 1584 456
free 14 -1 2024 456
free 21 -1 2200 456
alloc 32 144 920 2016 456
alloc 47 203 1848 1792 456
alloc 34 433 -1 1792 456
free 25 -1 2128 456
free 4 -1 2456 456
alloc 19 351 7184 2088 456
free 6 -1 2448 456
free 29 -1 2680 456
free 8 -1 3184 456
alloc 7 156 240 3008 456
free 26 -1 3568 456
alloc 1 203 2520 3344 456
alloc 28 314 2744 2976 456
free 27 -1 3160 456
alloc 14 368 8248 2776 456
alloc 21 212 3760 2544 456
free 32 -1 2728 456
alloc 15 580 8632 2128 456
alloc 2 246 7552 1848 456
alloc 41 129 56 1664 456
free 36 -1 2208 456
alloc 35 359 9232 1832 456
alloc 38 79 416 1736 456
free 45 -1 2000 456
alloc 8 387 10720 1592 456
alloc 39 201 1536 1368 456
alloc 42 258 9608 1064 456
free 33 -1 1104 456
free 28 -1 1472 456
alloc 27 586 -1 1472 456
free 14 -1 1856 456
free 21 -1 2088 456
alloc 32 550 -1 2088 456
free 15 -1 2688 456
alloc 34 103 920 2568 456
free 41 -1 2752 456
alloc 4 533 8248 2200 456
free 35 -1 2576 456
alloc 6 476 8800 2080 456
alloc 45 584 -1 2080 456
free 8 -1 2488 456
free 7 -1 2664 456
alloc 26 196 16 2448 456
alloc 33 331 2744 2080 456
free 12 -1 2304 456
alloc 43 202 1312 2080 456
free 30 -1 2568 456
free 37 -1 2840 456
alloc 32 517 5376 2288 456
free 31 -1 2608 456
free 34 -1 2728 456
alloc 25 514 3440 2192 456
free 4 -1 2744 456
alloc 35 77 232 2648 456
free 6 -1 3144 456
alloc 45 499 8248 2624 456
alloc 24 318 8768 2288 456
free 39 -1 2512 456
free 26 -1 2728 456
free 33 -1 3096 456
alloc 28 87 16 2992 456
free 43 -1 3216 456
alloc 30 58 120 3104 456
alloc 21 165 920 2920 456
alloc 0 106 1312 2792 456
alloc 15 373 1440 2384 456
alloc 34 309 2744 2056 456
alloc 41 82 3976 1936 456
free 20 -1 2184 456
free 19 -1 2552 456
alloc 22 119 2272 2416 456
free 45 -1 2936 456
free 24 -1 3272 456
alloc 39 354 8248 2896 456
free 10 -1 3432 456
alloc 17 116 4768 3296 456
alloc 44 19 328 3256 456
free 11 -1 3728 456
free 46 -1 4080 456
alloc 37 285 512 3776 456
free 32 -1 4328 456
free 15 -1 4736 456
free 2 -1 5016 456
free 41 -1 5136 456
alloc 20 455 5376 4664 456
alloc 19 94 1440 4552 456
alloc 6 585 5848 3944 456
alloc 29 540 7184 3384 456
alloc 24 532 8624 2832 456
free 23 -1 2976 456
alloc 10 148 1552 2808 456
free 17 -1 2944 456
free 28 -1 3048 456
alloc 27 350 9176 2680 456
alloc 46 509 9912 2152 456
free 37 -1 2456 456
free 0 -1 2584 456
alloc 31 456 10440 2112 456
alloc 2 457 -1 2112 456
alloc 41 472 -1 2112 456
alloc 4 529 -1 2112 456
free 19 -1 2224 456
free 22 -1 2360 456
free 29 -1 2920 456
free 24 -1 3472 456
alloc 7 406 7184 3048 456
alloc 26 272 512 2760 456
free 1 -1 2984 456
alloc 28 340 2272 2624 456
alloc 43 366 8624 2240 456
free 46 -1 2768 456
free 21 -1 2952 456
alloc 16 492 9912 2424 456
free 31 -1 2896 456
alloc 2 296 4624 2576 456
alloc 41 499 10440 2056 456
alloc 36 522 -1 2056 456
alloc 3 375 -1 2056 456
free 6 -1 2664 456
alloc 29 578 5848 2064 456
free 40 -1 2392 456
free 7 -1 2816 456
free 10 -1 2984 456
alloc 33 250 800 2680 456
alloc 12 238 1312 2424 456
free 27 -1 2792 456
free 30 -1 2904 456
free 5 -1 3112 456
alloc 0 182 16 2896 456
alloc 15 257 1568 2616 456
free 34 -1 2944 456
free 25 -1 3480 456
free 20 -1 3952 456
alloc 19 111 1104 3824 456
free 38 -1 3920 456
free 13 -1 4120 456
alloc 40 326 2632 3776 456
alloc 23 505 2976 3248 456
alloc 10 273 3504 2952 456
alloc 1 467 7184 2464 456
free 28 -1 2824 456
alloc 27 55 368 2752 456
alloc 30 397 2072 2336 456
alloc 37 361 5376 1952 456
alloc 32 431 9008 1504 456
free 47 -1 1728 456
alloc 34 488 -1 1728 456
alloc 25 36 440 1656 456
alloc 20 443 -1 1656 456
free 35 -1 1752 456
alloc 38 559 -1 1752 456
free 29 -1 2352 456
alloc 8 387 5760 1944 456
alloc 7 207 1848 1720 456
free 10 -1 2016 456
free 33 -1 2320 456
free 44 -1 2360 456
free 43 -1 2744 456
alloc 46 265 800 2440 456
alloc 21 367 3504 2056 456
free 0 -1 2272 456
alloc 31 412 6168 1840 456
free 2 -1 2160 456
free 9 -1 2576 456
alloc 20 586 -1 2576 456
alloc 35 578 -1 2576 456
alloc 38 134 16 2424 456
alloc 45 8 168 2400 456
free 40 -1 2744 456
free 39 -1 3120 456
alloc 10 599 7672 2504 456
alloc 17 422 2488 2064 456
alloc 28 504 8288 1544 456
alloc 43 50 192 1472 456
alloc 14 214 4624 1240 456
free 21 -1 1624 456
alloc 0 595 -1 1624 456
free 15 -1 1904 456
alloc 34 446 3504 1440 456
alloc 9 125 1568 1296 456
alloc 36 334 -1 1296 456
free 19 -1 1424 456
alloc 6 43 264 1360 456
alloc 13 457 -1 1360 456
free 8 -1 1768 456
free 7 -1 1992 456
free 42 -1 2296 456
free 17 -1 2736 456
free 28 -1 3256 456
free 27 -1 3328 456
free 14 -1 3560 456
alloc 5 112 1104 3432 456
alloc 0 170 1712 3240 456
alloc 47 383 2488 2840 456
free 18 -1 3272 456
free 41 -1 3792 456
alloc 4 531 4624 3240 456
alloc 35 144 1904 3072 456
free 6 -1 3136 456
free 45 -1 3160 456
alloc 8 536 8288 2608 456
alloc 7 24 264 2568 456
free 10 -1 3184 456
alloc 17 356 5760 2776 456
free 12 -1 3032 456
alloc 27 587 7672 2416 456
alloc 14 348 9456 2048 456
alloc 21 472 10440 1560 456
free 32 -1 2008 456
free 47 -1 2408 456
free 34 -1 2872 456
alloc 41 109 304 2736 456
free 4 -1 3288 456
alloc 3 401 2488 2864 456
alloc 22 326 3504 2520 456
alloc 45 217 1232 2280 456
free 8 -1 2832 456
free 23 -1 3360 456
free 26 -1 3648 456
free 1 -1 4136 456
alloc 12 512 2912 3608 456
free 43 -1 3680 456
free 14 -1 4048 456
free 21 -1 4536 456
free 0 -1 4728 456
free 31 -1 5160 456
alloc 34 339 4624 4800 456
free 41 -1 4936 456
alloc 4 153 512 4760 456
alloc 19 265 4984 4472 456
free 22 -1 4816 456
alloc 29 511 3440 4288 456
alloc 40 280 6168 3992 456
alloc 23 267 7184 3704 456
alloc 26 368 8288 3320 456
alloc 33 175 1712 3128 456
alloc 28 348 8672 2760 456
alloc 11 444 9040 2296 456
free 46 -1 2600 456
free 37 -1 2984 456
free 16 -1 3512 456
alloc 15 406 5272 3088 456
alloc 2 176 688 2896 456
alloc 41 411 9504 2464 456
alloc 20 341 9936 2104 456
free 3 -1 2528 456
free 38 -1 2680 456
alloc 13 45 16 2616 456
alloc 24 74 80 2520 456
free 23 -1 2808 456
alloc 10 162 880 2624 456
alloc 1 120 304 2488 456
free 28 -1 2856 456
alloc 43 257 2488 2576 456
alloc 46 547 10296 2008 456
alloc 21 553 -1 2008 456
alloc 32 32 176 1960 456
alloc 47 387 7184 1552 456
alloc 18 108 2768 1408 456
free 41 -1 1840 456
alloc 36 185 8672 1632 456
free 19 -1 1920 456
alloc 22 507 -1 1920 456
free 45 -1 2160 456
alloc 8 252 1232 1888 456
alloc 39 62 3968 1808 456
free 26 -1 2192 456
free 33 -1 2384 456
alloc 44 343 8288 2000 456
free 43 -1 2280 456
alloc 14 280 9504 1984 456
alloc 37 241 2488 1704 456
free 32 -1 1752 456
free 15 -1 2176 456
free 18 -1 2320 456
free 9 -1 2464 456
free 20 -1 2824 456
alloc 3 413 4984 2392 456
alloc 38 143 1504 2232 456
free 13 -1 2296 456
free 8 -1 2568 456
alloc 23 92 1232 2456 456
free 10 -1 2640 456
free 17 -1 3048 456
free 12 -1 3576 456
free 11 -1 4040 456
free 46 -1 4608 456
alloc 21 263 2768 4328 456
alloc 16 537 5416 3768 456
alloc 31 284 3048 3464 456
alloc 18 490 8880 2952 456
alloc 41 148 880 2784 456
free 4 -1 2960 456
free 35 -1 3128 456
alloc 6 252 1664 2856 456
free 29 -1 3384 456
free 40 -1 3680 456
free 39 -1 3760 456
alloc 26 508 3352 3232 456
alloc 33 67 176 3144 456
free 44 -1 3528 456
free 27 -1 4144 456
free 14 -1 4440 456
free 21 -1 4720 456
free 16 -1 5280 456
alloc 15 314 5416 4944 456
free 18 -1 5456 456
alloc 9 261 2768 5176 456
alloc 4 524 5752 4632 456
alloc 19 536 7592 4080 456
free 38 -1 4240 456
alloc 13 273 1344 3920 456
alloc 40 259 6296 3640 456
free 7 -1 3680 456
alloc 42 352 8144 3312 456
alloc 17 497 8880 2792 456
alloc 12 498 9400 2272 456
alloc 43 389 9920 1864 456
alloc 14 389 10328 1456 456
free 5 -1 1584 456
alloc 32 524 -1 1584 456
free 47 -1 1992 456
alloc 18 448 10736 1528 456
free 25 -1 1600 456
alloc 20 464 -1 1600 456
alloc 35 288 7184 1296 456
alloc 38 156 440 1120 456
alloc 45 182 3880 904 456
free 40 -1 1184 456
alloc 7 280 6296 888 456
free 26 -1 1416 456
free 33 -1 1504 456
alloc 44 435 3352 1048 456
alloc 11 350 -1 1048 456
free 30 -1 1464 456
alloc 21 544 -1 1464 456
alloc 16 590 -1 1464 456
alloc 47 162 1048 1280 456
free 18 -1 1744 456
free 41 -1 1912 456
free 36 -1 2120 456
free 3 -1 2552 456
free 6 -1 2824 456
alloc 29 204 1664 2600 456
alloc 40 521 1888 2056 456
free 7 -1 2352 456
alloc 10 220 4984 2112 456
free 17 -1 2632 456
alloc 28 261 6296 2352 456
alloc 27 358 8512 1976 456
alloc 46 477 8888 1464 456
alloc 21 251 10736 1192 456
alloc 32 242 -1 1192 456
free 31 -1 1496 456
alloc 18 326 -1 1496 456
free 9 -1 1776 456
alloc 20 510 2768 1248 456
alloc 3 68 176 1160 456
alloc 6 488 -1 1160 456
free 45 -1 1376 456
alloc 8 310 -1 1376 456
alloc 39 536 -1 1376 456
alloc 26 568 -1 1376 456
free 1 -1 1512 456
free 44 -1 1968 456
free 27 -1 2344 456
alloc 30 47 16 2280 456
alloc 5 129 264 2104 456
alloc 0 159 3296 1928 456
alloc 31 115 880 1760 456
free 34 -1 2120 456
alloc 9 81 3472 2016 456
free 4 -1 2560 456
free 35 -1 2864 456
alloc 22 572 -1 2864 456
free 29 -1 3088 456
free 24 -1 3184 456
alloc 39 163 1664 3000 456
free 10 -1 3240 456
alloc 33 90 3576 3128 456
alloc 44 312 3688 2800 456
free 43 -1 3208 456
free 30 -1 3272 456
free 5 -1 3448 456
alloc 32 536 4624 2896 456
free 47 -1 3080 456
alloc 18 164 1048 2896 456
alloc 25 441 5752 2432 456
alloc 36 81 16 2328 456
free 19 -1 2880 456
alloc 6 430 7184 2432 456
free 13 -1 2752 456
alloc 24 41 264 2688 456
alloc 7 500 -1 2688 456
free 42 -1 3056 456
alloc 1 51 328 2984 456
free 28 -1 3264 456
alloc 43 44 616 3192 456
free 14 -1 3600 456
free 21 -1 3872 456
free 32 -1 4424 456
free 31 -1 4592 456
alloc 34 472 4624 4104 456
alloc 41 153 1344 3928 456
alloc 4 310 6216 3600 456
free 3 -1 3688 456
alloc 22 530 7632 3136 456
alloc 29 248 5112 2872 456
free 40 -1 3416 456
free 23 -1 3528 456
alloc 26 197 1848 3312 456
free 1 -1 3384 456
free 12 -1 3904 456
alloc 27 562 8184 3320 456
free 46 -1 3832 456
free 37 -1 4112 456
alloc 32 510 2064 3584 456
alloc 31 172 8768 3392 456
free 34 -1 3880 456
free 41 -1 4056 456
free 36 -1 4160 456
alloc 19 549 8960 3592 456
free 6 -1 4040 456
free 29 -1 4304 456
free 24 -1 4368 456
alloc 23 551 4624 3800 456
alloc 42 33 16 3744 456
alloc 17 566 9528 3160 456
alloc 28 600 10112 2544 456
alloc 11 120 72 2408 456
alloc 30 411 1232 1976 456
alloc 37 303 7184 1656 456
free 0 -1 1832 456
alloc 47 532 -1 1832 456
alloc 34 510 10728 1296 456
alloc 41 471 -1 1296 456
alloc 36 78 208 1200 456
alloc 35 533 -1 1200 456
free 22 -1 1752 456
alloc 29 78 304 1656 456
alloc 40 275 7504 1360 456
free 39 -1 1544 456
alloc 10 438 -1 1544 456
free 17 -1 2128 456
alloc 12 98 880 2008 456
free 43 -1 2080 456
alloc 14 269 7800 1792 456
free 37 -1 2112 456
free 32 -1 2640 456
free 31 -1 2832 456
free 2 -1 3024 456
alloc 41 242 616 2760 456
free 4 -1 3088 456
free 19 -1 3656 456
alloc 6 466 2064 3168 456
alloc 13 4 400 3128 456
alloc 8 344 6216 2768 456
free 23 -1 3336 456
alloc 10 61 1664 3256 456
free 33 -1 3368 456
free 12 -1 3488 456
alloc 43 464 4624 3008 456
alloc 46 470 8768 2520 456
alloc 21 440 9256 2064 456
alloc 0 201 5104 1840 456
alloc 31 469 -1 1840 456
alloc 2 514 -1 1840 456
free 9 -1 1944 456
alloc 4 354 3296 1552 456
alloc 35 491 -1 1552 456
alloc 22 238 7184 1296 456
free 13 -1 1336 456
alloc 24 548 -1 1336 456
alloc 7 115 880 1168 456
free 42 -1 1224 456
alloc 1 594 -1 1224 456
free 44 -1 1552 456
free 43 -1 2032 456
free 46 -1 2520 456
alloc 5 286 3688 2216 456
alloc 32 506 -1 2216 456
free 15 -1 2552 456
free 34 -1 3088 456
alloc 9 46 1744 3024 456
free 36 -1 3120 456
alloc 19 401 4624 2696 456
free 38 -1 2872 456
alloc 45 372 5328 2448 456
free 8 -1 2808 456
alloc 39 600 -1 2808 456
alloc 42 381 6216 2408 456
alloc 17 90 400 2296 456
alloc 44 169 2552 2080 456
alloc 43 182 8768 1880 456
free 30 -1 2312 456
alloc 37 27 16 2256 456
free 0 -1 2480 456
alloc 15 310 1232 2152 456
alloc 34 594 -1 2152 456
free 9 -1 2216 456
free 4 -1 2608 456
alloc 3 287 3296 2304 456
free 22 -1 2560 456
free 29 -1 2656 456
alloc 8 125 208 2512 456
alloc 39 571 -1 2512 456
free 26 -1 2728 456
alloc 1 504 10728 2192 456
free 28 -1 2808 456
free 27 -1 3392 456
free 14 -1 3680 456
free 5 -1 3984 456
alloc 0 390 3600 3576 456
free 15 -1 3904 456
alloc 2 359 1232 3528 456
free 25 -1 3992 456
alloc 36 129 1744 3840 456
free 3 -1 4144 456
free 6 -1 4632 456
alloc 13 584 1896 4032 456
free 40 -1 4328 456
alloc 23 489 7184 3816 456
alloc 26 270 3296 3512 456
free 1 -1 4048 456
alloc 12 5 352 4000 456
free 11 -1 4136 456
alloc 30 197 5048 3920 456
free 37 -1 3976 456
alloc 32 79 16 3880 456
alloc 47 190 5752 3672 456
free 18 -1 3856 456
alloc 25 204 5960 3600 456
free 20 -1 4128 456
alloc 3 373 2768 3736 456
alloc 6 189 7696 3528 456
free 13 -1 4128 456
free 8 -1 4272 456
free 23 -1 4784 456
free 10 -1 4864 456
alloc 33 272 1896 4576 456
alloc 28 129 112 4424 456
free 43 -1 4624 456
alloc 14 87 512 4520 456
alloc 37 84 1048 4416 456
free 0 -1 4824 456
free 47 -1 5032 456
alloc 18 298 2184 4712 456
free 25 -1 4968 456
alloc 4 493 7184 4456 456
free 19 -1 4880 456
free 6 -1 5088 456
free 45 -1 5512 456
alloc 8 74 1608 5416 456
alloc 23 247 3600 5152 456
alloc 10 255 4624 4880 456
alloc 1 217 5264 4640 456
free 44 -1 4856 456
alloc 43 506 5504 4328 456
free 30 -1 4544 456
free 21 -1 5000 456
free 32 -1 5096 456
alloc 47 412 7696 4664 456
free 18 -1 4984 456
free 41 -1 5248 456
free 36 -1 5400 456
free 3 -1 5792 456
alloc 38 133 616 5640 456
alloc 29 118 1704 5504 456
alloc 40 259 2184 5224 456
free 7 -1 5392 456
free 26 -1 5696 456
free 17 -1 5808 456
alloc 44 36 16 5752 456
alloc 11 267 2464 5464 456
alloc 46 279 2752 5168 456
alloc 5 296 3048 4856 456
alloc 0 234 768 4576 456
free 47 -1 5008 456
alloc 34 309 4896 4680 456
alloc 41 562 7696 4096 456
free 4 -1 4608 456
alloc 19 179 3360 4408 456
alloc 6 490 7184 3896 456
alloc 13 204 3864 3664 456
alloc 24 557 8280 3088 456
alloc 7 584 8856 2488 456
free 42 -1 2888 456
alloc 17 396 6032 2472 456
free 28 -1 2624 456
free 43 -1 3152 456
free 46 -1 3448 456
free 37 -1 3552 456
alloc 16 366 5504 3168 456
alloc 15 128 72 3024 456
free 34 -1 3352 456
free 41 -1 3936 456
alloc 4 282 4896 3632 456
alloc 35 427 7696 3184 456
alloc 22 462 9456 2704 456
alloc 45 57 216 2624 456
free 24 -1 3200 456
alloc 39 157 1048 3016 456
alloc 42 414 8144 2584 456
free 1 -1 2824 456
free 44 -1 2880 456
alloc 43 195 2752 2664 456
alloc 46 453 9936 2192 456
alloc 21 427 10408 1744 456
alloc 32 338 10856 1384 456
alloc 31 448 -1 1384 456
alloc 18 334 -1 1384 456
alloc 9 326 -1 1384 456
alloc 36 507 -1 1384 456
free 19 -1 1584 456
free 38 -1 1736 456
free 45 -1 1816 456
free 8 -1 1912 456
free 39 -1 2096 456
alloc 26 288 5200 1792 456
alloc 1 501 -1 1792 456
free 12 -1 1840 456
alloc 27 9 16 1784 456
free 14 -1 1888 456
free 5 -1 2200 456
free 0 -1 2480 456
alloc 47 312 216 2152 456
alloc 18 165 544 1968 456
alloc 41 171 728 1776 456
alloc 20 93 920 1664 456
free 35 -1 2112 456
alloc 38 217 2968 1872 456
free 29 -1 2008 456
alloc 24 242 1608 1720 456
alloc 39 379 7696 1320 456
free 26 -1 1624 456
alloc 1 16 1032 1592 456
alloc 28 315 3208 1256 456
free 43 -1 1472 456
free 46 -1 1944 456
free 21 -1 2392 456
free 32 -1 2752 456
free 47 -1 3080 456
free 2 -1 3456 456
alloc 25 1 216 3432 456
free 20 -1 3544 456
alloc 19 343 1064 3184 456
free 22 -1 3664 456
free 13 -1 3896 456
alloc 8 340 9456 3536 456
free 23 -1 3800 456
free 42 -1 4232 456
free 1 -1 4264 456
alloc 44 439 3544 3808 456
alloc 43 548 8096 3240 456
alloc 46 42 240 3176 456
alloc 5 591 9816 2568 456
alloc 32 63 304 2488 456
alloc 47 78 384 2392 456
free 18 -1 2576 456
free 25 -1 2600 456
alloc 36 256 5200 2296 456
alloc 3 229 480 2048 456
alloc 22 474 10424 1552 456
alloc 45 5 216 1528 456
free 24 -1 1816 456
free 7 -1 2416 456
free 10 -1 2688 456
alloc 1 214 1424 2456 456
free 44 -1 2912 456
free 11 -1 3200 456
alloc 14 559 8664 2624 456
free 5 -1 3232 456
free 16 -1 3616 456
alloc 31 340 2464 3256 456
alloc 18 178 1656 3056 456
alloc 9 290 3544 2744 456
alloc 20 562 9816 2136 456
alloc 35 306 5504 1808 456
free 6 -1 2320 456
alloc 29 299 7184 2000 456
free 40 -1 2280 456
alloc 7 146 2184 2112 456
alloc 26 452 -1 2112 456
free 33 -1 2400 456
alloc 12 427 -1 2400 456
free 27 -1 2456 456
free 46 -1 2520 456
alloc 21 178 1856 2320 456
alloc 0 123 920 2176 456
free 47 -1 2272 456
alloc 2 356 -1 2272 456
alloc 25 426 -1 2272 456
free 36 -1 2576 456
free 3 -1 2824 456
free 38 -1 3064 456
alloc 13 153 384 2888 456
alloc 40 171 2824 2696 456
alloc 23 106 560 2568 456
alloc 10 390 -1 2568 456
free 17 -1 2984 456
free 28 -1 3320 456
alloc 27 328 3016 2976 456
alloc 46 511 5832 2448 456
free 21 -1 2648 456
free 32 -1 2728 456
free 31 -1 3088 456
free 18 -1 3288 456
free 41 -1 3480 456
free 4 -1 3784 456
free 35 -1 4112 456
alloc 38 140 688 3952 456
free 29 -1 4272 456
free 40 -1 4464 456
free 7 -1 4632 456
alloc 26 178 1656 4432 456
free 1 -1 4664 456
alloc 28 582 1856 4064 456
alloc 11 422 2456 3624 456
alloc 30 401 4624 3200 456
alloc 21 456 5048 2728 456
alloc 32 139 1424 2568 456
alloc 31 261 5520 2256 456
alloc 2 250 6360 1960 456
alloc 41 213 3856 1720 456
alloc 36 268 7184 1432 456
free 19 -1 1792 456
free 22 -1 2288 456
free 13 -1 2464 456
free 8 -1 2824 456
alloc 7 283 240 2504 456
alloc 10 548 9240 1928 456
alloc 33 268 1064 1640 456
alloc 12 472 10424 1152 456
free 11 -1 1592 456
free 46 -1 2120 456
alloc 5 142 2456 1960 456
free 0 -1 2104 456
free 31 -1 2416 456
alloc 18 358 2616 2016 456
free 41 -1 2256 456
free 20 -1 2864 456
alloc 3 132 848 2712 456
free 38 -1 2872 456
alloc 13 538 5520 2312 456
alloc 24 75 688 2216 456
free 23 -1 2344 456
alloc 42 53 560 2272 456
alloc 1 269 9816 1984 456
alloc 44 521 -1 1984 456
free 27 -1 2328 456
alloc 46 180 3016 2128 456
free 5 -1 2288 456
alloc 0 63 2456 2208 456
free 15 -1 2352 456
alloc 34 426 -1 2352 456
free 9 -1 2664 456
free 36 -1 2952 456
alloc 35 65 16 2864 456
alloc 38 329 3216 2512 456
free 13 -1 3072 456
free 24 -1 3168 456
free 7 -1 3488 456
free 42 -1 3560 456
alloc 17 397 240 3144 456
free 28 -1 3744 456
free 43 -1 4312 456
free 30 -1 4736 456
alloc 37 574 1856 4136 456
alloc 16 243 3568 3872 456
alloc 47 67 104 3760 456
free 2 -1 4056 456
alloc 25 137 656 3864 456
alloc 4 367 4624 3480 456
free 35 -1 3568 456
alloc 6 198 3832 3352 456
alloc 29 269 5520 3064 456
alloc 24 513 5808 2528 456
alloc 23 41 16 2440 456
free 26 -1 2640 456
free 1 -1 2928 456
alloc 28 10 1000 2864 456
alloc 11 490 7184 2352 456
free 46 -1 2552 456
free 21 -1 3024 456
free 16 -1 3288 456
alloc 15 116 1584 3152 456
alloc 34 432 5008 2704 456
alloc 41 577 9816 2096 456
alloc 36 216 3568 1832 456
alloc 35 159 3016 1632 456
alloc 22 570 -1 1632 456
free 29 -1 1920 456
alloc 40 37 1352 1848 456
free 23 -1 1936 456
free 10 -1 2512 456
free 17 -1 2928 456
free 12 -1 3416 456
alloc 43 327 240 3072 456
alloc 46 209 5456 2840 456
alloc 21 95 1720 2704 456
free 32 -1 2864 456
free 47 -1 2976 456
free 18 -1 3376 456
alloc 9 506 8096 2848 456
free 36 -1 3112 456
free 35 -1 3312 456
free 6 -1 3528 456
alloc 29 275 2536 3232 456
alloc 8 482 3568 2704 456
alloc 7 234 2832 2448 456
alloc 26 20 16 2408 456
alloc 17 342 9240 2048 456
free 28 -1 2112 456
free 11 -1 2624 456
alloc 30 203 6344 2400 456
free 21 -1 2536 456
free 0 -1 2616 456
alloc 47 100 56 2496 456
alloc 2 340 7184 2136 456
free 9 -1 2664 456
alloc 20 457 8096 2184 456
alloc 35 77 1424 2088 456
alloc 22 160 9600 1912 456
free 45 -1 1936 456
free 40 -1 2008 456
alloc 23 194 10424 1792 456
alloc 42 16 176 1728 456
free 17 -1 2088 456
alloc 12 130 7544 1936 456
free 43 -1 2280 456
free 14 -1 2856 456
alloc 21 357 240 2480 456
alloc 16 431 8576 2032 456
free 47 -1 2152 456
free 34 -1 2600 456
free 41 -1 3208 456
alloc 36 181 5008 3008 456
free 35 -1 3104 456
alloc 6 274 9024 2808 456
free 29 -1 3104 456
free 24 -1 3640 456
free 7 -1 3896 456
alloc 10 213 1352 3664 456
alloc 17 388 2456 3256 456
alloc 44 531 5688 2704 456
alloc 27 59 56 2624 456
alloc 14 68 1720 2536 456
free 37 -1 3136 456
alloc 32 3 136 3096 456
free 15 -1 3232 456
alloc 34 172 1808 3040 456
alloc 41 61 1584 2960 456
free 20 -1 3440 456
free 3 -1 3592 456
free 6 -1 3888 456
alloc 29 148 848 3720 456
alloc 40 425 2000 3264 456
alloc 7 235 2864 3008 456
free 42 -1 3072 456
free 17 -1 3480 456
alloc 28 5 176 3456 456
alloc 11 497 9024 2936 456
free 30 -1 3160 456
alloc 5 326 2456 2816 456
alloc 0 576 9776 2224 456
alloc 15 467 10640 1736 456
alloc 18 350 6240 1368 456
alloc 9 342 8096 1008 456
alloc 20 262 -1 1008 456
alloc 35 166 5208 824 456
free 22 -1 1000 456
alloc 13 330 -1 1000 456
alloc 24 91 8456 880 456
free 23 -1 1096 456
free 10 -1 1328 456
alloc 17 322 -1 1328 456
free 12 -1 1480 456
alloc 43 590 -1 1480 456
alloc 30 335 -1 1480 456
alloc 37 475 -1 1480 456
free 16 -1 1928 456
alloc 31 315 8576 1592 456
free 2 -1 1952 456
free 41 -1 2032 456
free 4 -1 2416 456
free 35 -1 2600 456
alloc 6 279 1352 2304 456
alloc 45 487 7184 1792 456
free 24 -1 1912 456
free 7 -1 2168 456
free 26 -1 2208 456
alloc 17 189 2800 2000 456
free 28 -1 2024 456
alloc 43 329 4624 1640 456
alloc 30 398 -1 1640 456
free 21 -1 2016 456
free 0 -1 2608 456
free 31 -1 2944 456
free 34 -1 3136 456
free 25 -1 3328 456
alloc 4 399 176 2912 456
alloc 35 516 8456 2344 456
free 6 -1 2640 456
alloc 13 488 9544 2136 456
free 40 -1 2592 456
free 39 -1 2992 456
alloc 10 369 1808 2600 456
free 17 -1 2808 456
alloc 12 317 1352 2440 456
free 43 -1 2824 456
free 14 -1 2912 456
alloc 37 153 592 2736 456
alloc 16 490 10048 2224 456
free 15 -1 2712 456
free 18 -1 3080 456
alloc 41 369 2800 2664 456
free 4 -1 3080 456
alloc 19 298 176 2760 456
alloc 22 146 2200 2592 456
free 13 -1 3096 456
free 8 -1 3624 456
alloc 23 548 10560 3056 456
free 10 -1 3448 456
free 33 -1 3736 456
free 44 -1 4288 456
free 27 -1 4368 456
alloc 14 559 5688 3792 456
free 5 -1 4136 456
free 32 -1 4176 456
alloc 47 121 16 4016 456
alloc 34 183 1016 3816 456
alloc 25 583 -1 3816 456
alloc 4 565 -1 3816 456
alloc 3 256 1720 3544 456
free 22 -1 3712 456
alloc 13 398 1992 3296 456
alloc 40 460 3568 2816 456
alloc 7 498 -1 2816 456
alloc 10 39 496 2760 456
alloc 1 529 -1 2760 456
free 12 -1 3128 456
alloc 43 298 1216 2808 456
free 46 -1 3040 456
free 37 -1 3216 456
alloc 32 341 2408 2824 456
alloc 31 239 552 2568 456
alloc 18 81 1536 2464 456
alloc 25 522 -1 2464 456
alloc 4 340 4624 2080 456
free 3 -1 2352 456
alloc 6 555 -1 2352 456
free 13 -1 2768 456
free 40 -1 3248 456
free 23 -1 3816 456
alloc 42 88 1640 3712 456
alloc 1 76 1744 3616 456
alloc 12 370 1840 3224 456
alloc 27 496 3568 2696 456
alloc 46 175 5208 2504 456
alloc 37 66 2232 2416 456
free 32 -1 2808 456
free 47 -1 2968 456
free 34 -1 3168 456
alloc 25 37 16 3112 456
alloc 20 384 2320 2712 456
alloc 3 542 10560 2152 456
alloc 22 87 72 2048 456
free 45 -1 2560 456
alloc 8 560 7184 1984 456
alloc 23 29 1016 1936 456
free 42 -1 2040 456
alloc 17 36 1064 1984 456
alloc 44 587 -1 1984 456
free 27 -1 2512 456
alloc 30 9 808 2472 456
free 37 -1 2560 456
free 16 -1 3072 456
alloc 47 10 1120 3040 456
alloc 2 410 3568 2608 456
free 41 -1 3024 456
free 4 -1 3408 456
free 35 -1 3976 456
alloc 6 153 2720 3800 456
alloc 45 217 2896 3560 456
free 8 -1 4136 456
alloc 7 499 7184 3616 456
alloc 42 414 8456 3184 456
free 17 -1 3240 456
free 12 -1 3632 456
free 43 -1 3952 456
free 46 -1 4144 456
alloc 37 216 1152 3912 456
alloc 16 517 9544 3376 456
alloc 15 195 1840 3160 456
free 18 -1 3264 456
free 9 -1 3624 456
alloc 4 473 7704 3128 456
free 19 -1 3448 456
free 6 -1 3624 456
free 29 -1 3792 456
alloc 8 198 176 3576 456
free 23 -1 3624 456
free 42 -1 4056 456
alloc 33 159 848 3880 456
alloc 28 316 1384 3520 456
free 11 -1 4040 456
free 14 -1 4616 456
alloc 5 289 4624 4304 456
alloc 32 185 2056 4096 456
free 47 -1 4128 456
free 2 -1 4560 456
free 25 -1 4616 456
free 36 -1 4816 456
alloc 19 300 3568 4496 456
free 22 -1 4600 456
alloc 29 178 3888 4392 456
alloc 40 287 4936 4088 456
alloc 23 182 5240 3888 456
free 10 -1 3944 456
alloc 17 77 16 3848 456
free 28 -1 4208 456
alloc 27 132 392 4048 456
free 30 -1 4088 456
free 5 -1 4400 456
free 16 -1 4936 456
free 15 -1 5152 456
alloc 34 97 1024 5024 456
alloc 9 452 5440 4552 456
free 4 -1 5048 456
free 3 -1 5608 456
alloc 22 67 1384 5520 456
free 29 -1 5728 456
alloc 24 553 5912 5152 456
alloc 39 438 7704 4696 456
alloc 10 281 4624 4384 456
free 17 -1 4480 456
alloc 44 215 1472 4248 456
free 27 -1 4408 456
alloc 46 98 16 4288 456
alloc 21 148 1840 4120 456
alloc 0 125 392 3960 456
alloc 47 214 8160 3728 456
free 34 -1 3856 456
alloc 25 468 8392 3368 456
alloc 36 272 8880 3080 456
alloc 35 63 1024 3000 456
free 38 -1 3352 456
alloc 13 163 3136 3168 456
free 40 -1 3472 456
free 23 -1 3672 456
alloc 42 378 4936 3272 456
free 33 -1 3448 456
free 44 -1 3680 456
alloc 27 450 9168 3208 456
free 46 -1 3328 456
alloc 5 458 9640 2848 456
free 0 -1 3008 456
free 47 -1 3240 456
alloc 2 541 10120 2680 456
free 25 -1 3168 456
free 20 -1 3568 456
free 35 -1 3648 456
alloc 6 188 808 3440 456
alloc 29 555 2264 2864 456
free 8 -1 3080 456
alloc 23 95 16 2968 456
alloc 26 388 128 2544 456
alloc 33 491 8160 2032 456
alloc 12 283 10680 1728 456
free 27 -1 2200 456
alloc 30 555 -1 2200 456
free 21 -1 2368 456
free 32 -1 2576 456
alloc 47 12 1016 2544 456
alloc 18 481 -1 2544 456
free 9 -1 3016 456
alloc 20 465 5336 2528 456
alloc 3 571 -1 2528 456
free 22 -1 2616 456
free 29 -1 3192 456
alloc 8 169 1384 3000 456
free 7 -1 3520 456
free 10 -1 3832 456
free 1 -1 3928 456
alloc 28 519 1576 3392 456
alloc 11 283 2112 3088 456
alloc 46 503 7184 2568 456
free 5 -1 3048 456
alloc 32 372 2416 2656 456
free 47 -1 2688 456
free 2 -1 3248 456
alloc 9 368 9168 2864 456
alloc 4 171 3320 2672 456
free 19 -1 2992 456
alloc 22 207 3512 2768 456
free 13 -1 2952 456
free 8 -1 3144 456
free 39 -1 3600 456
free 42 -1 4000 456
alloc 1 375 4624 3608 456
free 12 -1 3912 456
alloc 27 379 7704 3512 456
free 46 -1 4032 456
alloc 21 112 1016 3896 456
alloc 0 329 3736 3536 456
alloc 15 328 7184 3192 456
alloc 34 292 5016 2872 456
free 9 -1 3256 456
free 20 -1 3744 456
alloc 3 129 1384 3592 456
free 6 -1 3800 456
free 45 -1 4040 456
alloc 8 423 2808 3600 456
alloc 39 333 5336 3248 456
free 26 -1 3672 456
free 33 -1 4184 456
alloc 44 578 8104 3584 456
free 27 -1 3984 456
alloc 30 392 128 3560 456
alloc 5 110 808 3432 456
alloc 16 325 7528 3088 456
free 15 -1 3432 456
free 34 -1 3752 456
alloc 25 243 5016 3488 456
free 4 -1 3680 456
alloc 35 310 7184 3336 456
free 22 -1 3560 456
alloc 45 316 3248 3224 456
free 8 -1 3664 456
free 39 -1 4016 456
alloc 10 363 2808 3632 456
alloc 17 594 5280 3000 456
free 44 -1 3600 456
free 11 -1 3904 456
free 30 -1 4328 456
free 21 -1 4464 456
free 32 -1 4856 456
alloc 47 528 2112 4312 456
alloc 18 541 7872 3752 456
alloc 9 105 128 3624 456
alloc 4 464 9168 3144 456
free 35 -1 3488 456
alloc 22 140 256 3328 456
free 45 -1 3664 456
alloc 40 87 416 3528 456
free 23 -1 3640 456
alloc 42 148 936 3472 456
free 1 -1 3864 456
alloc 44 552 9648 3296 456
alloc 43 41 16 3232 456
alloc 30 598 10216 2616 456
free 37 -1 2848 456
free 0 -1 3208 456
alloc 15 65 1104 3120 456
alloc 34 65 1192 3032 456
free 25 -1 3296 456
alloc 20 580 3192 2696 456
alloc 19 183 3792 2496 456
alloc 6 54 1280 2392 456
alloc 29 5 80 2344 456
free 24 -1 2920 456
alloc 23 441 4624 2456 456
free 42 -1 2624 456
free 17 -1 3256 456
free 44 -1 3824 456
alloc 27 407 5088 3400 456
free 30 -1 4016 456
free 5 -1 4144 456
free 16 -1 4488 456
free 15 -1 4576 456
alloc 2 126 808 4432 456
alloc 41 193 952 4192 456
free 20 -1 4792 456
free 3 -1 4944 456
free 22 -1 5104 456
alloc 13 67 256 5016 456
alloc 24 240 3192 4760 456
free 23 -1 5224 456
alloc 26 277 3448 4928 456
alloc 17 363 4624 4544 456
alloc 44 526 5512 4000 456
free 27 -1 4424 456
alloc 30 116 1384 4288 456
alloc 37 516 6056 3752 456
alloc 16 417 5008 3312 456
free 47 -1 3856 456
free 2 -1 4000 456
alloc 25 231 2112 3752 456
free 36 -1 4040 456
alloc 35 202 2360 3816 456
free 6 -1 3920 456
free 29 -1 3968 456
alloc 8 442 7184 3504 456
alloc 39 212 8432 3272 456
free 26 -1 3568 456
free 17 -1 3952 456
free 28 -1 4488 456
alloc 27 133 1520 4336 456
free 30 -1 4472 456
free 37 -1 5008 456
alloc 32 565 6056 4408 456
free 31 -1 4664 456
free 18 -1 5224 456
free 9 -1 5352 456
alloc 20 225 552 5104 456
free 19 -1 5304 456
alloc 22 224 1280 5064 456
alloc 45 371 1672 4672 456
free 24 -1 4928 456
alloc 23 42 80 4864 456
alloc 42 232 3192 4616 456
alloc 33 582 3440 4016 456
free 44 -1 4560 456
free 43 -1 4624 456
alloc 14 445 5448 4160 456
alloc 21 349 4624 3776 456
alloc 0 370 7648 3384 456
alloc 31 162 2584 3200 456
free 34 -1 3288 456
alloc 9 552 9648 2720 456
alloc 36 261 8040 2440 456
alloc 19 51 144 2368 456
alloc 38 60 800 2288 456
free 45 -1 2680 456
free 8 -1 3144 456
free 39 -1 3376 456
alloc 26 554 8320 2800 456
alloc 17 188 1672 2592 456
alloc 12 449 10216 2120 456
free 27 -1 2272 456
alloc 46 478 10688 1776 456
alloc 5 595 -1 1776 456
free 16 -1 2216 456
alloc 15 8 16 2192 456
alloc 34 492 -1 2192 456
free 41 -1 2432 456
free 4 -1 2912 456
alloc 3 265 880 2624 456
alloc 6 9 40 2584 456
alloc 45 201 1880 2352 456
free 40 -1 2488 456
alloc 39 453 8896 2016 456
free 26 -1 2592 456
free 17 -1 2800 456
free 12 -1 3272 456
alloc 43 459 8320 2792 456
free 46 -1 3288 456
alloc 5 558 10216 2712 456
free 32 -1 3312 456
alloc 47 541 5912 2752 456
alloc 2 377 5008 2352 456
free 9 -1 2920 456
free 36 -1 3200 456
free 35 -1 3424 456
free 22 -1 3664 456
alloc 29 287 1168 3360 456
alloc 8 126 344 3216 456
alloc 7 286 1472 2912 456
free 42 -1 3160 456
alloc 1 525 9368 2616 456
alloc 12 495 -1 2616 456
alloc 27 169 2360 2392 456
free 14 -1 2856 456
free 21 -1 3240 456
free 0 -1 3632 456
free 15 -1 3656 456
free 2 -1 4056 456
alloc 9 529 4624 3504 456
alloc 36 138 3192 3344 456
free 19 -1 3416 456
alloc 22 476 5176 2920 456
free 13 -1 3008 456
free 8 -1 3152 456
free 23 -1 3216 456
alloc 26 15 80 3184 456
alloc 17 77 112 3088 456
alloc 44 224 208 2848 456
alloc 11 383 7184 2448 456
alloc 14 441 7584 1984 456
alloc 21 537 -1 1984 456
alloc 16 59 448 1880 456
free 47 -1 2440 456
alloc 2 39 1776 2384 456
alloc 41 110 5672 2256 456
alloc 4 87 5800 2152 456
free 3 -1 2440 456
free 6 -1 2480 456
free 29 -1 2784 456
alloc 40 358 880 2408 456
free 7 -1 2712 456
free 10 -1 3096 456
free 1 -1 3640 456
free 44 -1 3880 456
free 27 -1 4104 456
alloc 46 50 208 4032 456
alloc 21 284 1256 3728 456
free 16 -1 3832 456
alloc 47 62 280 3752 456
free 2 -1 3808 456
free 9 -1 4360 456
free 20 -1 4608 456
alloc 19 490 4624 4096 456
free 38 -1 4176 456
alloc 13 563 5904 3592 456
alloc 24 368 360 3208 456
alloc 7 263 1560 2928 456
alloc 42 498 9368 2408 456
alloc 1 134 2360 2256 456
alloc 12 580 -1 2256 456
free 43 -1 2736 456
alloc 30 220 2768 2496 456
alloc 37 20 16 2432 456
alloc 0 492 8048 1920 456
free 47 -1 2000 456
alloc 34 343 10792 1640 456
free 25 -1 1888 456
free 36 -1 2048 456
alloc 3 96 744 1912 456
free 22 -1 2408 456
free 45 -1 2640 456
alloc 8 594 -1 2640 456
free 7 -1 2920 456
free 26 -1 2952 456
free 33 -1 3552 456
alloc 12 43 280 3472 456
alloc 27 405 1560 3048 456
free 14 -1 3512 456
free 5 -1 4088 456
alloc 16 288 1984 3784 456
free 31 -1 3968 456
free 34 -1 4328 456
free 41 -1 4456 456
free 4 -1 4560 456
free 19 -1 5072 456
alloc 22 152 2512 4904 456
free 13 -1 5488 456
alloc 8 161 3008 5304 456
alloc 7 341 3192 4944 456
alloc 26 179 3552 4744 456
alloc 33 582 4624 4144 456
alloc 28 231 3752 3896 456
free 27 -1 4320 456
alloc 14 205 1560 4096 456
free 37 -1 4160 456
alloc 32 284 5224 3856 456
alloc 15 349 5528 3488 456
alloc 2 11 16 3456 456
alloc 41 266 5896 3168 456
alloc 36 149 1784 2968 456
alloc 19 347 6184 2600 456
alloc 6 274 7584 2304 456
alloc 13 100 7880 2184 456
free 40 -1 2560 456
free 39 -1 3032 456
free 26 -1 3232 456
free 17 -1 3328 456
free 28 -1 3576 456
free 11 -1 3976 456
free 46 -1 4048 456
free 21 -1 4352 456
free 16 -1 4656 456
alloc 31 173 48 4464 456
alloc 18 455 880 3992 456
alloc 25 64 1352 3912 456
alloc 20 543 8560 3352 456
free 19 -1 3720 456
free 22 -1 3888 456
free 13 -1 4008 456
alloc 40 161 1984 3824 456
alloc 23 488 3552 3320 456
alloc 10 4 240 3280 456
alloc 17 455 6184 2808 456
free 12 -1 2888 456
alloc 43 539 9888 2328 456
free 14 -1 2552 456
alloc 5 542 10448 1992 456
free 0 -1 2504 456
alloc 47 61 280 2424 456
free 2 -1 2456 456
alloc 9 78 1432 2360 456
free 20 -1 2920 456
alloc 35 334 7184 2568 456
free 6 -1 2864 456
alloc 45 484 7536 2360 456
free 40 -1 2544 456
free 7 -1 2904 456
free 42 -1 3424 456
free 17 -1 3896 456
alloc 12 599 8040 3280 456
alloc 27 129 1528 3128 456
free 30 -1 3368 456
free 5 -1 3928 456
alloc 16 60 1680 3824 456
free 31 -1 4016 456
alloc 2 104 16 3896 456
free 41 -1 4184 456
free 36 -1 4384 456
free 3 -1 4520 456
alloc 6 271 1784 4232 456
alloc 29 578 5896 3632 456
alloc 40 143 2072 3472 456
alloc 7 9 136 3440 456
free 10 -1 3480 456
free 33 -1 4080 456
free 12 -1 4696 456
free 27 -1 4848 456
alloc 30 262 2512 4568 456
alloc 5 180 2792 4352 456
free 32 -1 4656 456
alloc 31 230 3192 4408 456
alloc 34 561 4624 3824 456
free 25 -1 3904 456
alloc 20 108 744 3768 456
alloc 19 119 1528 3616 456
alloc 38 8 168 3592 456
free 29 -1 4192 456
free 24 -1 4576 456
free 23 -1 5080 456
alloc 42 3 192 5056 456
free 1 -1 5208 456
alloc 44 351 360 4824 456
free 43 -1 5384 456
free 30 -1 5664 456
alloc 21 444 2232 5200 456
alloc 32 583 3440 4600 456
free 31 -1 4848 456
free 18 -1 5320 456
free 9 -1 5416 456
free 20 -1 5552 456
free 19 -1 5704 456
free 6 -1 5992 456
alloc 29 96 744 5880 456
alloc 24 208 856 5656 456
alloc 23 44 216 5592 456
alloc 26 309 1080 5264 456
alloc 17 107 1408 5136 456
free 44 -1 5520 456
alloc 27 138 360 5360 456
alloc 14 415 5896 4928 456
free 21 -1 5392 456
free 16 -1 5496 456
alloc 31 260 1536 5216 456
free 2 -1 5336 456
alloc 9 482 2232 4832 456
alloc 36 47 16 4768 456
alloc 19 437 8040 4312 456
free 38 -1 4336 456
free 29 -1 4448 456
free 24 -1 4672 456
free 23 -1 4736 456
free 42 -1 4760 456
alloc 1 313 520 4424 456
alloc 28 416 8496 3992 456
alloc 11 224 1816 3736 456
alloc 30 579 8928 3136 456
alloc 37 311 6328 2808 456
alloc 16 536 9528 2256 456
free 31 -1 2536 456
alloc 18 449 10080 2064 456
alloc 25 218 1536 1824 456
alloc 4 364 10552 1440 456
alloc 3 163 856 1256 456
alloc 22 216 3192 1008 456
alloc 13 497 -1 1008 456
free 40 -1 1168 456
free 7 -1 1200 456
alloc 42 320 -1 1200 456
alloc 33 174 80 1000 456
alloc 44 364 -1 1000 456
alloc 43 389 -1 1000 456
free 14 -1 1432 456
free 37 -1 1760 456
free 16 -1 2312 456
alloc 31 66 2072 2224 456
free 18 -1 2696 456
free 9 -1 3200 456
free 4 -1 3584 456
free 19 -1 4040 456
free 22 -1 4288 456
alloc 13 564 2160 3704 456
alloc 40 554 5896 3128 456
alloc 39 202 3192 2880 456
alloc 42 295 5208 2560 456
free 1 -1 2896 456
alloc 44 163 520 2712 456
alloc 43 600 9528 2096 456
free 30 -1 2696 456
free 5 -1 2912 456
free 32 -1 3512 456
free 15 -1 3880 456
alloc 18 367 3440 3496 456
alloc 41 333 5528 3128 456
free 36 -1 3192 456
free 3 -1 3376 456
alloc 22 214 704 3144 456
free 13 -1 3728 456
free 8 -1 3912 456
alloc 7 67 936 3824 456
free 42 -1 4144 456
free 17 -1 4272 456
free 44 -1 4456 456
free 27 -1 4616 456
alloc 14 211 360 4384 456
alloc 37 128 2160 4240 456
alloc 0 256 2304 3968 456
free 31 -1 4056 456
alloc 2 225 2576 3808 456
alloc 9 486 8928 3304 456
alloc 36 99 1408 3176 456
alloc 19 433 8040 2720 456
free 22 -1 2952 456
free 45 -1 3456 456
alloc 8 86 592 3352 456
free 7 -1 3440 456
alloc 42 373 7536 3048 456
alloc 17 98 696 2928 456
free 28 -1 3360 456
alloc 27 449 10144 2888 456
alloc 30 199 816 2672 456
alloc 21 422 10616 2232 456
alloc 32 137 2824 2072 456
free 47 -1 2152 456
free 34 -1 2736 456
free 9 -1 3240 456
alloc 4 24 16 3176 456
free 35 -1 3528 456
alloc 22 164 2984 3320 456
alloc 45 495 4624 2808 456
alloc 24 434 8496 2352 456
alloc 23 150 3824 2184 456
free 42 -1 2576 456
free 17 -1 2696 456
alloc 44 16 280 2664 456
free 43 -1 3280 456
free 14 -1 3512 456
free 21 -1 3952 456
free 0 -1 4224 456
alloc 31 206 312 4000 456
free 2 -1 4248 456
alloc 9 476 2304 3728 456
free 4 -1 3792 456
free 19 -1 4248 456
free 22 -1 4456 456
alloc 13 216 5136 4224 456
free 24 -1 4680 456
free 39 -1 4928 456
free 26 -1 5256 456
free 33 -1 5456 456
alloc 28 218 16 5192 456
free 11 -1 5448 456
free 30 -1 5664 456
free 37 -1 5808 456
free 32 -1 5968 456
alloc 15 180 696 5768 456
alloc 34 408 896 5344 456
free 9 -1 5864 456
alloc 20 67 1320 5776 456
alloc 3 45 1776 5712 456
alloc 38 199 1840 5496 456
free 45 -1 6008 456
free 8 -1 6112 456
free 23 -1 6280 456
alloc 26 317 2056 5944 456
alloc 17 139 536 5784 456
alloc 12 356 2392 5408 456
free 27 -1 5880 456
alloc 30 76 2768 5784 456
alloc 37 260 2864 5504 456
alloc 0 588 7184 4896 456
free 31 -1 5120 456
alloc 2 589 7792 4512 456
free 41 -1 4880 456
free 36 -1 5008 456
alloc 19 173 312 4784 456
alloc 6 148 3144 4616 456
alloc 29 579 8400 4016 456
free 40 -1 4592 456
alloc 23 119 3824 4456 456
alloc 10 239 4624 4200 456
free 17 -1 4360 456
free 12 -1 4736 456
alloc 27 501 5368 4216 456
alloc 14 302 2392 3896 456
alloc 21 50 536 3824 456
alloc 16 592 5888 3216 456
free 15 -1 3416 456
free 34 -1 3840 456
alloc 9 85 608 3736 456
alloc 4 356 712 3360 456
alloc 35 229 4880 3104 456
free 6 -1 3272 456
free 29 -1 3872 456
alloc 24 518 8400 3336 456
free 23 -1 3472 456
free 26 -1 3808 456
alloc 17 185 1088 3576 456
alloc 12 578 8936 2976 456
alloc 11 179 2056 2776 456
alloc 46 487 9536 2272 456
alloc 5 360 10040 1896 456
free 0 -1 2504 456
alloc 15 221 3144 2264 456
free 2 -1 2872 456
free 25 -1 3112 456
alloc 36 573 7184 2520 456
free 35 -1 2776 456
alloc 6 458 7776 2296 456
free 13 -1 2528 456
free 24 -1 3064 456
alloc 7 264 1408 2784 456
alloc 26 306 4880 2456 456
alloc 33 409 8256 2024 456
free 28 -1 2288 456
alloc 43 376 10416 1896 456
free 14 -1 2216 456
free 37 -1 2496 456
free 16 -1 3104 456
alloc 31 389 2256 2696 456
free 18 -1 3080 456
alloc 25 408 3384 2656 456
free 36 -1 3248 456
free 19 -1 3472 456
free 6 -1 3952 456
alloc 13 471 5888 3464 456
alloc 40 97 16 3344 456
alloc 39 389 7184 2936 456
free 26 -1 3264 456
free 33 -1 3696 456
free 44 -1 3728 456
free 11 -1 3928 456
free 30 -1 4024 456
alloc 37 584 7592 3424 456
alloc 0 8 136 3400 456
free 15 -1 3640 456
alloc 18 542 2664 3080 456
free 9 -1 3184 456
free 4 -1 3560 456
alloc 19 529 8192 3008 456
free 38 -1 3224 456
alloc 29 511 -1 3224 456
alloc 24 411 608 2792 456
free 7 -1 3072 456
free 10 -1 3328 456
alloc 33 167 160 3144 456
alloc 44 321 1408 2776 456
free 27 -1 3296 456
alloc 30 343 1840 2936 456
free 21 -1 3008 456
alloc 32 449 4624 2536 456
alloc 15 94 344 2424 456
alloc 34 466 5096 1936 456
free 25 -1 2360 456
alloc 36 562 3224 1776 456
free 19 -1 2328 456
alloc 6 55 456 2256 456
alloc 45 447 8192 1792 456
free 24 -1 2224 456
alloc 7 97 528 2104 456
alloc 42 420 648 1664 456
free 17 -1 1896 456
free 12 -1 2496 456
alloc 11 599 8656 1880 456
free 46 -1 2384 456
free 37 -1 2984 456
free 0 -1 3008 456
free 15 -1 3120 456
alloc 2 119 1088 2984 456
alloc 41 70 344 2872 456
free 20 -1 2960 456
alloc 19 359 7592 2584 456
alloc 22 19 1224 2544 456
free 45 -1 3008 456
alloc 8 172 3808 2816 456
alloc 23 449 7968 2344 456
alloc 26 438 9272 1888 456
alloc 17 600 -1 1888 456
alloc 12 477 -1 1888 456
free 43 -1 2280 456
alloc 46 66 1264 2192 456
alloc 37 297 10416 1872 456
alloc 0 333 10736 1520 456
alloc 47 598 -1 1520 456
free 18 -1 2080 456
alloc 9 343 2664 1720 456
alloc 20 179 3024 1520 456
alloc 35 191 5584 1312 456
free 6 -1 1384 456
alloc 29 512 -1 1384 456
free 8 -1 1576 456
free 39 -1 1984 456
alloc 10 160 3808 1808 456
alloc 1 86 3984 1696 456
alloc 28 49 456 1624 456
alloc 43 303 7184 1304 456
free 46 -1 1392 456
free 5 -1 1768 456
free 32 -1 2240 456
free 31 -1 2648 456
alloc 18 306 2200 2320 456
free 41 -1 2432 456
alloc 4 581 9728 1832 456
free 3 -1 1896 456
free 22 -1 1936 456
alloc 29 403 4624 1512 456
alloc 8 50 344 1440 456
free 23 -1 1912 456
free 26 -1 2368 456
alloc 17 326 7968 2024 456
alloc 12 91 1224 1912 456
alloc 27 5 136 1888 456
alloc 14 86 2528 1752 456
free 37 -1 2072 456
free 0 -1 2424 456
alloc 15 338 9272 2064 456
free 34 -1 2552 456
free 9 -1 2912 456
free 20 -1 3112 456
free 35 -1 3320 456
alloc 22 400 2664 2904 456
free 13 -1 3392 456
free 8 -1 3464 456
alloc 23 466 5048 2976 456
alloc 26 107 3080 2832 456
free 17 -1 3176 456
free 44 -1 3544 456
free 27 -1 3568 456
alloc 46 591 5536 2960 456
alloc 21 149 1336 2792 456
alloc 16 495 6144 2280 456
alloc 47 7 136 2256 456
free 18 -1 2584 456
alloc 9 56 344 2512 456
free 4 -1 3112 456
alloc 3 510 7968 2584 456
free 22 -1 3000 456
alloc 13 348 2664 2632 456
alloc 24 357 9632 2256 456
free 7 -1 2376 456
free 10 -1 2552 456
alloc 17 140 1504 2392 456
alloc 44 187 2200 2184 456
alloc 27 475 10008 1688 456
free 46 -1 2296 456
alloc 37 45 528 2232 456
free 16 -1 2744 456
alloc 31 541 5536 2184 456
free 2 -1 2320 456
alloc 25 208 6096 2096 456
free 36 -1 2680 456
free 19 -1 3056 456
alloc 22 38 592 3000 456
free 29 -1 3424 456
free 24 -1 3800 456
alloc 7 115 1088 3664 456
alloc 10 332 3224 3312 456
free 17 -1 3472 456
free 44 -1 3680 456
free 43 -1 4000 456
free 14 -1 4136 456
alloc 5 62 1504 4056 456
alloc 32 50 1584 3984 456
free 47 -1 4008 456
alloc 2 153 1656 3824 456
free 9 -1 3896 456
alloc 20 526 7184 3352 456
alloc 35 54 344 3280 456
alloc 6 336 2200 2928 456
alloc 45 116 3576 2792 456
free 40 -1 2912 456
alloc 39 104 16 2768 456
free 42 -1 3208 456
free 33 -1 3392 456
free 12 -1 3504 456
alloc 43 470 10504 3016 456
free 30 -1 3376 456
free 37 -1 3440 456
alloc 16 420 648 3000 456
alloc 47 432 -1 3000 456
alloc 34 194 1840 2784 456
alloc 9 281 4624 2480 456
free 20 -1 3024 456
alloc 19 108 160 2896 456
alloc 38 97 2056 2752 456
free 13 -1 3120 456
alloc 24 458 2552 2640 456
free 23 -1 3128 456
alloc 42 100 3712 3008 456
free 1 -1 3120 456
alloc 12 214 3832 2856 456
free 27 -1 3352 456
alloc 46 19 288 3296 456
alloc 37 454 4928 2824 456
alloc 0 438 7184 2368 456
free 15 -1 2728 456
free 2 -1 2912 456
free 9 -1 3216 456
alloc 36 73 1224 3104 456
free 3 -1 3632 456
free 6 -1 3984 456
alloc 29 37 528 3920 456
free 24 -1 4400 456
free 39 -1 4544 456
free 26 -1 4688 456
alloc 33 581 2200 4088 456
alloc 44 583 7640 3488 456
free 43 -1 3976 456
free 46 -1 4032 456
free 37 -1 4504 456
free 0 -1 4960 456
alloc 47 486 4624 4456 456
free 34 -1 4672 456
alloc 9 151 1656 4504 456
free 36 -1 4616 456
free 35 -1 4688 456
free 38 -1 4832 456
free 29 -1 4896 456
alloc 8 547 9272 4328 456
alloc 39 313 1824 3992 456
alloc 26 189 2800 3784 456
alloc 17 403 7184 3328 456
free 12 -1 3592 456
alloc 43 263 5128 3312 456
alloc 30 420 9840 2872 456
free 21 -1 3040 456
free 16 -1 3480 456
alloc 15 575 10280 2888 456
alloc 18 546 -1 2888 456
free 25 -1 3112 456
alloc 4 413 648 2672 456
alloc 3 304 6096 2352 456
alloc 38 126 16 2208 456
alloc 13 534 -1 2208 456
alloc 40 460 -1 2208 456
free 39 -1 2544 456
free 42 -1 2664 456
free 17 -1 3120 456
free 44 -1 3720 456
free 43 -1 4000 456
alloc 46 264 1224 3720 456
alloc 21 74 288 3624 456
alloc 0 83 1824 3520 456
free 31 -1 4080 456
alloc 34 374 5128 3688 456
free 9 -1 3856 456
free 4 -1 4296 456
alloc 35 205 648 4072 456
free 38 -1 4216 456
alloc 13 65 16 4128 456
alloc 40 267 3712 3840 456
free 7 -1 3976 456
free 26 -1 4184 456
alloc 17 145 872 4016 456
alloc 12 330 2800 3664 456
free 11 -1 4280 456
free 30 -1 4720 456
alloc 37 442 5520 4256 456
alloc 16 327 7184 3912 456
free 15 -1 4504 456
alloc 18 120 1040 4368 456
alloc 9 40 104 4312 456
alloc 20 240 1928 4040 456
free 19 -1 4168 456
alloc 6 514 7528 3632 456
free 13 -1 3720 456
free 8 -1 4288 456
alloc 39 26 16 4240 456
alloc 26 466 8064 3752 456
alloc 1 183 6416 3552 456
alloc 44 243 8552 3288 456
alloc 27 379 8816 2888 456
alloc 30 257 9216 2608 456
free 5 -1 2688 456
free 0 -1 2792 456
alloc 31 181 1656 2592 456
alloc 2 474 9496 2096 456
free 9 -1 2152 456
alloc 36 44 64 2088 456
free 35 -1 2312 456
alloc 38 459 9992 1832 456
alloc 29 508 10472 1304 456
alloc 24 572 -1 1304 456
free 39 -1 1352 456
alloc 42 382 -1 1352 456
free 1 -1 1552 456
free 28 -1 1624 456
free 27 -1 2024 456
alloc 14 27 16 1976 456
free 21 -1 2072 456
free 16 -1 2416 456
free 31 -1 2616 456
free 2 -1 3112 456
alloc 9 542 -1 3112 456
alloc 4 417 128 2648 456
free 3 -1 2968 456
free 6 -1 3504 456
alloc 13 330 5984 3152 456
alloc 8 198 648 2928 456
alloc 39 384 7184 2528 456
free 10 -1 2880 456
free 17 -1 3048 456
alloc 28 452 7584 2568 456
alloc 43 566 -1 2568 456
free 46 -1 2848 456
alloc 21 166 1176 2664 456
alloc 16 532 -1 2664 456
alloc 31 371 3152 2240 456
free 34 -1 2632 456
alloc 9 449 9496 2136 456
free 36 -1 2200 456
alloc 35 177 1360 1976 456
free 22 -1 2032 456
free 29 -1 2560 456
free 8 -1 2784 456
alloc 7 209 592 2552 456
alloc 10 506 10472 2024 456
free 33 -1 2624 456
free 28 -1 3104 456
alloc 43 569 2200 2504 456
alloc 46 291 5128 2192 456
alloc 5 532 -1 2192 456
alloc 0 254 1656 1920 456
free 47 -1 2424 456
alloc 2 407 4624 2000 456
alloc 25 529 -1 2000 456
free 20 -1 2272 456
alloc 3 594 -1 2272 456
alloc 22 555 -1 2272 456
free 13 -1 2624 456
alloc 24 137 824 2464 456
alloc 23 289 5984 2152 456
free 26 -1 2640 456
alloc 1 139 1928 2480 456
free 12 -1 2832 456
alloc 27 31 64 2768 456
free 46 -1 3080 456
free 21 -1 3264 456
free 32 -1 3336 456
free 31 -1 3760 456
free 18 -1 3896 456
alloc 41 393 2800 3480 456
alloc 20 299 984 3160 456
alloc 19 2 1304 3104 456
free 38 -1 3584 456
alloc 29 392 5048 3176 456
alloc 8 211 3216 2944 456
free 7 -1 3176 456
free 10 -1 3704 456
alloc 17 347 7584 3336 456
free 44 -1 3600 456
alloc 11 205 592 3368 456
alloc 46 313 6296 3008 456
alloc 5 386 7952 2600 456
alloc 32 414 8360 2168 456
alloc 15 231 8792 1920 456
free 2 -1 2344 456
alloc 25 71 2088 2232 456
alloc 36 535 9992 1680 456
alloc 3 136 4624 1528 456
alloc 38 22 1584 1456 456
free 45 -1 1592 456
free 40 -1 1880 456
free 39 -1 2280 456
alloc 42 369 3448 1888 456
free 1 -1 2048 456
alloc 12 259 7184 1768 456
free 27 -1 1832 456
free 14 -1 1880 456
alloc 21 122 1928 1720 456
free 0 -1 1992 456
alloc 47 524 10544 1448 456
alloc 18 401 -1 1448 456
free 25 -1 1560 456
free 4 -1 2024 456
free 19 -1 2080 456
alloc 6 275 16 1784 456
free 29 -1 2192 456
alloc 40 547 4776 1624 456
free 23 -1 1936 456
free 42 -1 2328 456
alloc 33 406 3448 1904 456
alloc 44 324 -1 1904 456
alloc 27 424 -1 1904 456
alloc 14 437 -1 1904 456
free 37 -1 2368 456
free 32 -1 2800 456
free 47 -1 3344 456
alloc 2 435 5344 2888 456
free 41 -1 3304 456
alloc 4 75 312 3208 456
free 3 -1 3360 456
alloc 22 439 5800 2904 456
alloc 13 60 408 2824 456
free 40 -1 3392 456
alloc 39 186 1656 3184 456
alloc 10 261 2800 2904 456
free 33 -1 3328 456
alloc 44 147 3448 3160 456
alloc 27 171 3616 2968 456
free 46 -1 3328 456
alloc 37 165 3808 3144 456
alloc 32 579 4624 2544 456
alloc 31 573 10544 1952 456
alloc 34 28 488 1904 456
alloc 41 437 -1 1904 456
free 4 -1 2000 456
alloc 19 86 2088 1888 456
free 38 -1 1960 456
alloc 45 265 6256 1672 456
free 8 -1 1904 456
alloc 23 32 312 1856 456
alloc 42 318 3080 1488 456
alloc 33 92 5224 1368 456
alloc 28 173 8360 1176 456
free 43 -1 1776 456
alloc 46 509 2200 1248 456
free 5 -1 1656 456
free 32 -1 2256 456
free 15 -1 2504 456
free 34 -1 2552 456
alloc 25 563 4624 1952 456
alloc 4 473 8552 1456 456
alloc 3 212 7952 1224 456
alloc 38 434 -1 1224 456
alloc 29 439 -1 1224 456
alloc 40 408 -1 1224 456
free 23 -1 1272 456
alloc 26 384 -1 1272 456
free 33 -1 1392 456
free 28 -1 1584 456
free 27 -1 1776 456
free 30 -1 2056 456
free 37 -1 2240 456
alloc 16 324 3616 1896 456
alloc 47 432 9048 1448 456
alloc 34 594 -1 1448 456
alloc 41 595 -1 1448 456
free 20 -1 1768 456
free 3 -1 2000 456
free 22 -1 2456 456
alloc 29 362 5800 2072 456
alloc 8 437 7952 1616 456
alloc 7 233 984 1360 456
free 42 -1 1728 456
free 17 -1 2096 456
free 44 -1 2264 456
alloc 27 28 312 2216 456
alloc 14 25 360 2168 456
alloc 5 428 3080 1720 456
alloc 32 544 -1 1720 456
free 31 -1 2312 456
free 2 -1 2768 456
free 9 -1 3264 456
free 4 -1 3760 456
free 19 -1 3872 456
alloc 38 440 5224 3416 456
free 29 -1 3800 456
free 24 -1 3960 456
free 39 -1 4168 456
free 10 -1 4448 456
alloc 33 85 488 4344 456
alloc 28 370 5680 3952 456
free 11 -1 4184 456
alloc 30 117 592 4048 456
free 5 -1 4496 456
free 16 -1 4840 456
free 47 -1 5288 456
alloc 2 286 1584 4984 456
alloc 9 391 2728 4576 456
alloc 20 35 728 4520 456
alloc 3 189 3136 4312 456
free 6 -1 4608 456
alloc 29 248 16 4312 456
free 8 -1 4768 456
alloc 39 41 784 4704 456
alloc 26 213 3344 4472 456
free 33 -1 4576 456
free 12 -1 4856 456
alloc 43 567 7184 4272 456
free 46 -1 4800 456
free 21 -1 4960 456
alloc 0 548 1888 4392 456
alloc 47 561 7768 3808 456
alloc 34 199 2456 3592 456
alloc 41 156 3576 3416 456
alloc 4 213 3752 3184 456
free 3 -1 3392 456
alloc 6 292 8352 3080 456
free 45 -1 3368 456
alloc 40 204 6072 3144 456
free 7 -1 3400 456
alloc 10 279 848 3104 456
alloc 17 294 6296 2792 456
free 28 -1 3184 456
free 27 -1 3232 456
alloc 46 112 1144 3104 456
alloc 21 330 5680 2752 456
alloc 32 301 8664 2432 456
alloc 15 346 8984 2064 456
free 34 -1 2280 456
free 9 -1 2688 456
free 20 -1 2744 456
alloc 19 496 2456 2232 456
free 6 -1 2544 456
free 29 -1 2840 456
alloc 24 350 2968 2464 456
alloc 7 149 16 2296 456
free 26 -1 2528 456
free 17 -1 2840 456
alloc 44 84 184 2736 456
alloc 27 312 6296 2376 456
free 46 -1 2504 456
alloc 5 408 9352 2080 456
free 0 -1 2648 456
alloc 31 490 1888 2136 456
alloc 34 293 8352 1824 456
free 25 -1 2424 456
free 36 -1 2976 456
free 19 -1 3488 456
alloc 22 55 288 3416 456
alloc 45 398 2400 3000 456
alloc 8 504 4624 2480 456
free 7 -1 2648 456
free 10 -1 2944 456
alloc 17 372 848 2552 456
alloc 12 185 3344 2320 456
free 43 -1 2904 456
free 14 -1 2952 456
free 21 -1 3304 456
alloc 16 222 5680 3064 456
free 47 -1 3648 456
alloc 18 183 7184 3448 456
alloc 25 336 7384 3096 456
alloc 20 79 16 3000 456
alloc 19 406 7736 2576 456
free 38 -1 3032 456
free 13 -1 3112 456
free 8 -1 3632 456
alloc 23 568 4624 3048 456
alloc 42 262 5208 2768 456
alloc 33 556 9776 2192 456
alloc 28 221 10352 1952 456
free 27 -1 2312 456
alloc 46 253 6296 2040 456
alloc 21 179 360 1808 456
free 32 -1 2128 456
alloc 47 85 1240 2008 456
free 2 -1 2312 456
alloc 9 182 1584 2112 456
alloc 36 187 8664 1904 456
free 35 -1 2128 456
free 22 -1 2200 456
alloc 13 218 10592 1960 456
free 24 -1 2336 456
free 23 -1 2920 456
free 42 -1 3200 456
alloc 1 293 2816 2888 456
free 44 -1 2992 456
alloc 43 142 112 2832 456
free 46 -1 3104 456
alloc 37 531 4624 2552 456
alloc 32 49 272 2464 456
free 47 -1 2584 456
free 34 -1 2896 456
free 9 -1 3096 456
free 36 -1 3304 456
alloc 3 599 1240 2656 456
alloc 38 433 5176 2200 456
free 13 -1 2440 456
alloc 24 450 8160 1968 456
alloc 7 265 6296 1680 456
alloc 26 383 10592 1280 456
free 33 -1 1856 456
free 28 -1 2096 456
alloc 11 599 9776 1480 456
free 30 -1 1616 456
free 37 -1 2168 456
alloc 0 350 4624 1800 456
free 31 -1 2312 456
alloc 2 439 1888 1856 456
alloc 9 244 8632 1592 456
free 4 -1 1824 456
alloc 35 28 592 1776 456
alloc 6 30 640 1728 456
alloc 29 253 3752 1456 456
free 40 -1 1680 456
free 39 -1 1744 456
free 26 -1 2144 456
alloc 33 405 10392 1720 456
alloc 28 506 -1 1720 456
alloc 27 135 688 1560 456
alloc 30 445 -1 1560 456
free 5 -1 1984 456
free 32 -1 2072 456
alloc 47 358 5920 1696 456
free 18 -1 1896 456
free 25 -1 2248 456
alloc 36 288 7184 1944 456
free 35 -1 1992 456
free 38 -1 2448 456
alloc 13 499 4992 1928 456
alloc 40 213 7488 1680 456
alloc 23 412 10816 1232 456
alloc 42 82 3128 1128 456
free 1 -1 1440 456
free 12 -1 1672 456
free 11 -1 2288 456
alloc 46 481 9352 1784 456
free 21 -1 2016 456
free 16 -1 2256 456
free 15 -1 2624 456
alloc 18 330 272 2256 456
free 9 -1 2520 456
free 36 -1 2824 456
alloc 35 410 8632 2392 456
alloc 22 361 5512 1984 456
free 13 -1 2504 456
alloc 8 402 4992 2080 456
free 7 -1 2368 456
alloc 26 268 2816 2056 456
free 33 -1 2480 456
alloc 12 547 9856 1912 456
alloc 11 288 3232 1608 456
alloc 14 78 5416 1512 456
alloc 5 37 2344 1456 456
free 0 -1 1824 456
free 47 -1 2200 456
alloc 34 398 5920 1784 456
free 41 -1 1960 456
alloc 4 508 -1 1960 456
free 35 -1 2392 456
free 22 -1 2800 456
free 45 -1 3216 456
free 40 -1 3464 456
alloc 7 421 7184 3024 456
free 26 -1 3336 456
free 17 -1 3728 456
alloc 28 23 848 3688 456
free 11 -1 3992 456
free 14 -1 4088 456
free 5 -1 4144 456
alloc 16 599 2344 3528 456
alloc 47 423 3232 3088 456
free 18 -1 3456 456
alloc 9 296 272 3144 456
free 20 -1 3240 456
alloc 35 152 888 3072 456
alloc 38 588 8632 2464 456
alloc 45 462 5416 1960 456
free 8 -1 2384 456
free 23 -1 2832 456
free 42 -1 2936 456
alloc 17 116 1056 2800 456
free 28 -1 2840 456
alloc 11 94 2960 2728 456
alloc 14 476 4624 2232 456
alloc 21 136 3072 2072 456
alloc 0 113 5120 1936 456
alloc 15 304 6336 1616 456
free 34 -1 2032 456
free 9 -1 2344 456
alloc 36 484 10424 1840 456
free 3 -1 2488 456
free 6 -1 2536 456
free 29 -1 2808 456
alloc 40 233 272 2552 456
alloc 39 109 528 2392 456
alloc 42 566 1192 1808 456
alloc 33 44 16 1712 456
alloc 28 69 1776 1600 456
free 11 -1 1712 456
alloc 30 64 2960 1600 456
alloc 5 326 3672 1256 456
free 16 -1 1872 456
alloc 31 408 2344 1448 456
alloc 18 414 -1 1448 456
alloc 9 46 2768 1384 456
alloc 20 510 -1 1384 456
free 19 -1 1808 456
alloc 6 280 5920 1512 456
alloc 29 383 7624 1112 456
free 24 -1 1584 456
free 39 -1 1744 456
alloc 10 355 8024 1368 456
free 17 -1 1504 456
free 12 -1 2072 456
free 43 -1 2232 456
free 46 -1 2736 456
alloc 37 403 9240 2312 456
alloc 16 76 112 2216 456
free 47 -1 2656 456
alloc 18 197 3232 2440 456
free 9 -1 2504 456
free 36 -1 3008 456
alloc 3 159 2768 2816 456
alloc 22 36 208 2752 456
alloc 13 165 3448 2568 456
alloc 24 226 9664 2320 456
alloc 23 534 9912 1768 456
free 10 -1 2144 456
alloc 1 504 8024 1624 456
alloc 44 216 10464 1392 456
alloc 43 321 10696 1048 456
free 30 -1 1160 456
free 37 -1 1584 456
alloc 32 536 -1 1584 456
free 31 -1 2008 456
free 2 -1 2464 456
alloc 9 380 1888 2064 456
alloc 4 199 2288 1848 456
free 35 -1 2016 456
free 22 -1 2080 456
free 45 -1 2584 456
free 24 -1 2832 456
alloc 39 430 5256 2384 456
alloc 26 366 9240 2000 456
free 1 -1 2520 456
free 28 -1 2632 456
alloc 11 10 208 2568 456
alloc 46 594 -1 2568 456
free 21 -1 2728 456
free 0 -1 2864 456
alloc 47 430 8024 2416 456
alloc 34 24 528 2376 456
alloc 41 17 568 2336 456
free 4 -1 2552 456
free 3 -1 2744 456
alloc 22 362 2288 2360 456
alloc 45 189 848 2152 456
alloc 24 216 2672 1920 456
free 7 -1 2360 456
free 42 -1 2944 456
free 33 -1 3040 456
alloc 12 420 1056 2600 456
free 11 -1 2664 456
free 14 -1 3160 456
alloc 21 495 4624 2648 456
alloc 0 380 7184 2248 456
free 15 -1 2568 456
free 18 -1 2784 456
free 9 -1 3184 456
alloc 4 317 1496 2848 456
alloc 3 176 1832 2656 456
free 38 -1 3264 456
free 45 -1 3472 456
free 40 -1 3728 456
free 23 -1 4280 456
alloc 42 561 8472 3696 456
alloc 33 515 2904 3152 456
free 44 -1 3384 456
free 43 -1 3728 456
alloc 46 544 9624 3168 456
free 21 -1 3680 456
alloc 32 389 4624 3272 456
alloc 31 399 6216 2832 456
free 34 -1 2872 456
alloc 9 181 208 2672 456
free 4 -1 3008 456
alloc 19 192 848 2800 456
free 6 -1 3096 456
free 13 -1 3280 456
free 24 -1 3512 456
free 39 -1 3960 456
free 42 -1 4544 456
alloc 17 473 5032 4048 456
alloc 28 183 1496 3848 456
free 27 -1 4008 456
alloc 30 146 608 3840 456
alloc 21 533 5528 3288 456
free 32 -1 3696 456
free 31 -1 4136 456
alloc 18 448 6080 3672 456
alloc 25 45 16 3576 456
alloc 20 96 408 3464 456
free 3 -1 3656 456
free 22 -1 4040 456
alloc 13 140 1696 3880 456
alloc 24 269 1856 3592 456
alloc 7 104 2144 3472 456
alloc 10 125 2264 3328 456
alloc 1 311 2408 3000 456
alloc 44 459 8472 2520 456
alloc 11 390 4624 2112 456
free 30 -1 2280 456
free 5 -1 2624 456
free 16 -1 2720 456
free 47 -1 3168 456
free 18 -1 3632 456
free 41 -1 3672 456
alloc 4 482 3448 3168 456
free 19 -1 3376 456
alloc 22 454 520 2904 456
alloc 45 209 6080 2672 456
alloc 40 585 10184 2064 456
alloc 23 456 10792 1592 456
alloc 42 38 112 1536 456
free 33 -1 2080 456
free 12 -1 2520 456
alloc 43 195 992 2304 456
alloc 14 147 1208 2136 456
alloc 37 56 1376 2064 456
free 0 -1 2464 456
alloc 31 32 1448 2416 456
alloc 18 142 2736 2256 456
alloc 41 176 2896 2064 456
free 4 -1 2568 456
alloc 35 534 3088 2016 456
free 22 -1 2488 456
free 29 -1 2888 456
free 40 -1 3496 456
free 23 -1 3968 456
free 10 -1 4112 456
alloc 33 511 7184 3584 456
free 28 -1 3784 456
free 43 -1 4000 456
free 14 -1 4168 456
free 21 -1 4720 456
alloc 16 428 520 4272 456
alloc 15 342 968 3912 456
free 18 -1 4072 456
free 41 -1 4264 456
alloc 36 530 5528 3712 456
alloc 19 348 3640 3344 456
alloc 6 167 1496 3144 456
alloc 29 474 7712 2648 456
alloc 8 69 2264 2560 456
alloc 23 70 2736 2472 456
free 42 -1 2528 456
free 33 -1 3056 456
alloc 12 382 7184 2656 456
free 11 -1 3064 456
alloc 14 129 2824 2912 456
alloc 5 436 10184 2456 456
alloc 32 144 4624 2296 456
alloc 47 475 10640 1800 456
alloc 2 455 -1 1800 456
alloc 41 462 -1 1800 456
alloc 4 103 4784 1680 456
free 35 -1 2232 456
alloc 22 483 2976 1728 456
free 29 -1 2224 456
alloc 40 558 7584 1648 456
free 7 -1 1768 456
alloc 42 331 -1 1768 456
free 1 -1 2096 456
alloc 28 378 -1 2096 456
alloc 43 476 -1 2096 456
free 46 -1 2656 456
free 37 -1 2728 456
alloc 0 397 9624 2312 456
free 15 -1 2672 456
alloc 2 46 112 2576 456
alloc 41 201 968 2352 456
free 36 -1 2904 456
alloc 3 325 2352 2560 456
free 6 -1 2760 456
free 45 -1 2992 456
free 24 -1 3280 456
alloc 7 199 1192 3064 456
free 26 -1 3448 456
alloc 1 454 5528 2976 456
free 44 -1 3456 456
alloc 43 95 1496 3344 456
alloc 30 12 1408 3304 456
alloc 21 239 1856 3048 456
free 0 -1 3464 456
free 47 -1 3960 456
alloc 18 522 6000 3416 456
free 25 -1 3512 456
alloc 36 471 8160 3024 456
alloc 35 194 8648 2808 456
alloc 38 262 8864 2528 456
alloc 45 40 16 2472 456
free 40 -1 3048 456
alloc 39 156 7584 2872 456
alloc 42 209 7760 2640 456
free 17 -1 3136 456
alloc 28 96 2112 3024 456
alloc 27 29 1608 2976 456
free 14 -1 3128 456
alloc 37 127 2824 2976 456
free 16 -1 3424 456
free 31 -1 3472 456
alloc 34 550 4904 2904 456
free 41 -1 3128 456
free 4 -1 3248 456
free 35 -1 3464 456
alloc 6 3 72 3424 456
alloc 29 262 520 3144 456
alloc 24 182 800 2944 456
free 7 -1 3160 456
free 42 -1 3392 456
alloc 33 414 9144 2960 456
free 12 -1 3360 456
free 43 -1 3472 456
alloc 14 77 1000 3376 456
free 5 -1 3832 456
alloc 16 303 7184 3512 456
alloc 15 509 9576 2984 456
free 18 -1 3528 456
free 9 -1 3728 456
free 20 -1 3840 456
alloc 35 192 208 3632 456
free 6 -1 3672 456
free 45 -1 3728 456
free 24 -1 3928 456
free 39 -1 4104 456
alloc 42 439 6000 3648 456
free 33 -1 4080 456
free 28 -1 4192 456
alloc 11 534 7504 3640 456
free 30 -1 3680 456
free 37 -1 3832 456
free 16 -1 4152 456
alloc 31 509 10104 3624 456
free 2 -1 3720 456
alloc 9 211 1096 3488 456
alloc 4 178 800 3288 456
free 3 -1 3632 456
free 38 -1 3912 456
alloc 45 241 1328 3632 456
alloc 40 313 2352 3296 456
free 23 -1 3384 456
free 42 -1 3840 456
alloc 33 316 6000 3504 456
alloc 44 50 16 3432 456
alloc 43 371 8648 3040 456
alloc 46 477 9040 2544 456
alloc 5 38 88 2488 456
alloc 0 488 10632 1984 456
free 15 -1 2512 456
free 34 -1 3080 456
alloc 41 136 2112 2928 456
alloc 20 150 2688 2760 456
free 19 -1 3128 456
free 22 -1 3632 456
free 13 -1 3792 456
alloc 24 323 2856 3448 456
alloc 23 411 3200 3016 456
alloc 10 243 3632 2752 456
free 1 -1 3224 456
free 44 -1 3296 456
free 11 -1 3848 456
free 14 -1 3944 456
free 21 -1 4200 456
alloc 16 388 1656 3792 456
free 31 -1 4320 456
alloc 34 186 4784 4112 456
free 41 -1 4264 456
free 36 -1 4752 456
alloc 3 471 4992 4264 456
alloc 6 495 5480 3744 456
alloc 13 21 16 3672 456
free 24 -1 4016 456
alloc 39 187 2856 3808 456
alloc 42 340 7184 3448 456
alloc 17 229 6336 3200 456
alloc 12 590 7544 2592 456
free 27 -1 2640 456
alloc 30 158 2064 2440 456
free 5 -1 2496 456
free 32 -1 2656 456
alloc 47 347 8152 2288 456
free 34 -1 2496 456
free 9 -1 2728 456
free 4 -1 2928 456
free 35 -1 3136 456
alloc 38 200 88 2920 456
free 13 -1 2992 456
alloc 24 65 304 2904 456
alloc 7 268 800 2616 456
free 10 -1 2880 456
alloc 1 83 392 2752 456
free 12 -1 3360 456
alloc 27 47 16 3288 456
alloc 14 120 1088 3152 456
alloc 21 556 7544 2544 456
alloc 32 63 1224 2440 456
alloc 31 393 3632 2024 456
alloc 34 208 4624 1800 456
alloc 25 164 9536 1616 456
free 20 -1 1784 456
alloc 19 138 2688 1616 456
free 6 -1 2136 456
free 29 -1 2416 456
free 8 -1 2504 456
free 39 -1 2712 456
alloc 26 309 2856 2368 456
free 1 -1 2496 456
alloc 12 348 392 2128 456
free 43 -1 2520 456
free 30 -1 2720 456
free 21 -1 3328 456
free 32 -1 3432 456
free 47 -1 3800 456
alloc 2 101 2064 3680 456
alloc 9 58 1224 3576 456
alloc 20 466 5480 3056 456
free 3 -1 3544 456
free 38 -1 3760 456
free 45 -1 4040 456
alloc 8 562 4848 3456 456
free 7 -1 3744 456
free 26 -1 4088 456
free 33 -1 4424 456
alloc 44 589 7544 3816 456
free 27 -1 3888 456
free 14 -1 4024 456
alloc 21 530 8152 3472 456
free 16 -1 3880 456
free 31 -1 4296 456
free 2 -1 4416 456
alloc 41 487 1328 3912 456
free 20 -1 4432 456
free 19 -1 4600 456
alloc 22 184 16 4400 456
alloc 45 451 1832 3928 456
free 40 -1 4264 456
alloc 7 437 760 3800 456
alloc 10 270 2304 3512 456
alloc 1 452 2592 3040 456
alloc 28 367 3632 2656 456
alloc 27 440 5432 2200 456
alloc 30 106 3064 2064 456
alloc 5 152 5888 1896 456
alloc 32 340 9720 1536 456
alloc 15 277 8704 1240 456
alloc 18 568 -1 1240 456
free 25 -1 1424 456
alloc 4 139 6056 1264 456
alloc 19 403 10080 840 456
alloc 6 186 -1 840 456
alloc 29 401 -1 840 456
alloc 40 226 -1 840 456
free 23 -1 1272 456
alloc 26 306 3200 944 456
free 17 -1 1192 456
free 28 -1 1576 456
free 27 -1 2032 456
free 30 -1 2168 456
free 5 -1 2336 456
free 32 -1 2696 456
alloc 31 581 5432 2072 456
alloc 2 122 3528 1928 456
alloc 25 144 3672 1768 456
alloc 20 279 6216 1472 456
alloc 3 497 9536 928 456
alloc 6 289 -1 928 456
alloc 29 84 3064 792 456
free 8 -1 1376 456
free 7 -1 1840 456
free 42 -1 2200 456
free 1 -1 2672 456
free 12 -1 3040 456
alloc 43 491 392 2528 456
alloc 30 176 904 2336 456
free 21 -1 2888 456
alloc 16 517 4848 2352 456
free 31 -1 2976 456
free 2 -1 3120 456
free 25 -1 3280 456
alloc 36 395 2592 2864 456
free 19 -1 3288 456
alloc 38 90 1096 3160 456
alloc 13 394 3528 2744 456
alloc 40 200 5384 2528 456
alloc 7 190 5600 2320 456
free 26 -1 2648 456
alloc 17 498 8152 2096 456
alloc 28 388 10080 1688 456
free 43 -1 2200 456
free 46 -1 2696 456
alloc 21 150 392 2528 456
alloc 32 209 560 2296 456
free 15 -1 2592 456
alloc 2 280 3200 2264 456
free 41 -1 2768 456
free 20 -1 3064 456
alloc 35 545 8704 2496 456
free 22 -1 2696 456
free 45 -1 3168 456
free 24 -1 3256 456
alloc 39 515 1328 2720 456
alloc 42 164 16 2536 456
alloc 1 200 1864 2320 456
free 28 -1 2728 456
alloc 11 399 6216 2288 456
free 30 -1 2480 456
alloc 37 518 10080 1928 456
free 32 -1 2160 456
alloc 31 174 200 1968 456
free 2 -1 2296 456
alloc 25 33 560 2240 456
free 36 -1 2656 456
free 3 -1 3200 456
free 38 -1 3328 456
alloc 45 274 616 3032 456
alloc 8 268 912 2720 456
free 39 -1 3256 456
free 10 -1 3544 456
free 17 -1 4096 456
free 44 -1 4704 456
free 11 -1 5144 456
alloc 46 506 1328 4608 456
free 37 -1 5160 456
free 0 -1 5664 456
free 31 -1 5856 456
free 34 -1 6080 456
alloc 41 169 200 5888 456
alloc 20 411 2080 5456 456
free 35 -1 6024 456
alloc 38 175 2512 5832 456
free 13 -1 6248 456
free 8 -1 6560 456
alloc 23 12 912 6528 456
free 42 -1 6712 456
alloc 17 395 3200 6296 456
alloc 44 214 944 6064 456
alloc 43 295 2704 5752 456
alloc 14 575 7184 5160 456
free 21 -1 5328 456
alloc 0 596 7776 4712 456
alloc 31 388 3616 4304 456
alloc 2 13 16 4272 456
free 9 -1 4376 456
alloc 36 535 8392 3824 456
alloc 35 122 48 3672 456
alloc 22 425 8944 3224 456
free 29 -1 3360 456
alloc 8 426 9392 2912 456
alloc 39 588 9840 2304 456
alloc 26 292 6216 1992 456
alloc 33 475 10448 1496 456
alloc 12 219 5808 1248 456
alloc 27 253 10944 976 456
alloc 30 459 -1 976 456
alloc 5 213 -1 976 456
free 0 -1 1592 456
alloc 47 20 392 1552 456
alloc 18 241 7776 1288 456
free 41 -1 1480 456
free 20 -1 1912 456
alloc 3 307 2080 1584 456
free 38 -1 1776 456
alloc 29 246 2408 1480 456
free 8 -1 1928 456
free 7 -1 2136 456
alloc 42 464 -1 2136 456
free 33 -1 2632 456
free 12 -1 2880 456
free 27 -1 3152 456
free 46 -1 3688 456
alloc 21 413 1176 3256 456
free 16 -1 3792 456
alloc 15 453 4624 3320 456
free 18 -1 3584 456
alloc 9 200 1608 3368 456
free 36 -1 3920 456
free 3 -1 4248 456
alloc 38 596 7776 3632 456
free 45 -1 3928 456
alloc 8 400 5600 3512 456
alloc 7 248 616 3216 456
free 26 -1 3528 456
alloc 33 473 8392 3032 456
alloc 28 110 200 2904 456
alloc 11 326 6216 2560 456
alloc 30 281 2080 2232 456
alloc 37 253 5096 1944 456
alloc 0 313 9392 1608 456
free 15 -1 2080 456
alloc 18 287 4624 1776 456
alloc 41 565 10448 1192 456
free 4 -1 1352 456
alloc 3 329 -1 1352 456
free 22 -1 1800 456
free 29 -1 2096 456
alloc 24 340 8888 1736 456
free 23 -1 1768 456
alloc 42 238 2408 1512 456
free 1 -1 1728 456
alloc 12 88 432 1600 456
free 11 -1 1944 456
alloc 46 533 6016 1392 456
free 21 -1 1824 456
alloc 32 578 -1 1824 456
free 31 -1 2232 456
free 2 -1 2264 456
free 25 -1 2320 456
alloc 36 219 1176 2080 456
alloc 19 497 -1 2080 456
alloc 6 488 -1 2080 456
alloc 29 15 16 2048 456
free 24 -1 2408 456
free 7 -1 2704 456
alloc 26 32 328 2640 456
free 17 -1 3056 456
free 44 -1 3288 456
free 43 -1 3600 456
free 14 -1 4192 456
alloc 21 246 560 3928 456
alloc 16 516 2664 3392 456
alloc 15 462 3200 2912 456
alloc 2 432 7184 2464 456
alloc 25 358 3680 2088 456
free 36 -1 2328 456
alloc 19 476 824 1832 456
alloc 6 535 -1 1832 456
free 29 -1 1864 456
alloc 24 514 -1 1864 456
free 39 -1 2472 456
alloc 10 346 8888 2104 456
alloc 1 536 9728 1552 456
alloc 44 104 1320 1432 456
alloc 11 71 1440 1344 456
alloc 14 369 -1 1344 456
free 37 -1 1632 456
free 0 -1 1968 456
free 15 -1 2448 456
alloc 34 481 -1 2448 456
free 25 -1 2824 456
alloc 36 105 1824 2696 456
alloc 3 210 3200 2464 456
alloc 6 550 3432 1896 456
alloc 29 221 4928 1656 456
free 40 -1 1872 456
alloc 23 73 1952 1744 456
free 10 -1 2112 456
free 33 -1 2608 456
free 44 -1 2728 456
free 11 -1 2816 456
free 46 -1 3368 456
alloc 37 169 1320 3176 456
alloc 32 455 6016 2704 456
alloc 15 252 5168 2432 456
free 18 -1 2736 456
free 9 -1 2952 456
alloc 4 254 1512 2680 456
free 3 -1 2912 456
free 6 -1 3480 456
alloc 13 59 3200 3400 456
alloc 40 333 3280 3048 456
alloc 39 473 8392 2552 456
alloc 10 464 8888 2072 456
free 1 -1 2624 456
free 12 -1 2752 456
alloc 27 338 3632 2392 456
free 30 -1 2720 456
alloc 5 330 9368 2368 456
free 32 -1 2840 456
free 47 -1 2880 456
alloc 34 431 6016 2432 456
alloc 9 530 9720 1880 456
free 4 -1 2152 456
free 35 -1 2304 456
alloc 22 521 -1 2304 456
alloc 45 104 16 2184 456
alloc 24 543 -1 2184 456
alloc 7 26 136 2120 456
free 26 -1 2184 456
alloc 17 318 -1 2184 456
free 28 -1 2312 456
free 27 -1 2672 456
alloc 46 352 3632 2304 456
free 5 -1 2656 456
alloc 32 21 200 2616 456
alloc 47 20 240 2576 456
free 2 -1 3024 456
alloc 25 554 7184 2432 456
free 36 -1 2560 456
free 19 -1 3056 456
free 38 -1 3672 456
free 13 -1 3752 456
alloc 24 550 7776 3184 456
free 7 -1 3248 456
alloc 26 235 280 2968 456
alloc 1 124 824 2824 456
alloc 44 148 968 2656 456
alloc 43 165 1136 2472 456
alloc 14 453 -1 2472 456
free 21 -1 2736 456
alloc 0 10 136 2672 456
alloc 31 2 560 2648 456
free 34 -1 3096 456
free 41 -1 3680 456
alloc 20 560 6016 3104 456
alloc 19 227 1512 2856 456
alloc 38 28 584 2808 456
alloc 13 260 2080 2528 456
free 24 -1 3096 456
free 39 -1 3592 456
free 26 -1 3872 456
free 1 -1 4016 456
alloc 28 30 280 3968 456
alloc 27 139 328 3808 456
alloc 14 556 7776 3232 456
free 37 -1 3424 456
free 16 -1 3960 456
free 31 -1 3984 456
alloc 18 319 632 3648 456
alloc 41 309 2664 3320 456
alloc 36 412 8352 2888 456
alloc 3 513 10272 2352 456
alloc 22 270 2992 2064 456
free 45 -1 2184 456
free 40 -1 2536 456
alloc 7 171 1320 2344 456
free 10 -1 2824 456
alloc 1 490 8784 2312 456
free 28 -1 2360 456
free 43 -1 2544 456
alloc 30 440 10808 2088 456
alloc 37 440 -1 2088 456
free 0 -1 2152 456
free 47 -1 2192 456
free 18 -1 2528 456
free 41 -1 2856 456
free 36 -1 3288 456
free 3 -1 3824 456
alloc 6 360 8352 3448 456
alloc 45 292 632 3112 456
alloc 40 600 -1 3112 456
free 7 -1 3304 456
free 42 -1 3560 456
alloc 17 530 2360 3008 456
free 44 -1 3176 456
free 27 -1 3336 456
free 46 -1 3704 456
alloc 5 329 968 3352 456
free 32 -1 3392 456
free 15 -1 3664 456
alloc 18 229 16 3416 456
free 9 -1 3968 456
alloc 4 16 264 3936 456
free 19 -1 4184 456
free 38 -1 4232 456
free 45 -1 4568 456
free 8 -1 4984 456
alloc 7 321 296 4640 456
alloc 42 36 640 4584 456
free 1 -1 5096 456
alloc 12 582 1320 4464 456
alloc 43 265 3280 4176 456
alloc 46 131 696 4024 456
free 5 -1 4376 456
alloc 16 451 848 3904 456
alloc 47 35 2912 3824 456
alloc 2 463 3568 3344 456
free 25 -1 3936 456
free 4 -1 3968 456
alloc 19 215 4624 3736 456
alloc 38 520 5168 3200 456
alloc 45 106 5704 3072 456
alloc 8 60 5832 2992 456
free 23 -1 3120 456
free 42 -1 3176 456
free 17 -1 3728 456
free 12 -1 4360 456
alloc 11 466 1320 3872 456
free 30 -1 4328 456
alloc 21 284 2360 4024 456
free 16 -1 4496 456
alloc 31 401 848 4072 456
free 18 -1 4320 456
alloc 9 359 7184 3944 456
alloc 4 398 8728 3528 456
alloc 3 485 9144 3024 456
free 38 -1 3560 456
free 45 -1 3688 456
alloc 24 520 5168 3152 456
alloc 39 257 16 2872 456
alloc 10 448 9648 2408 456
alloc 17 555 10112 1832 456
alloc 28 81 1808 1728 456
free 43 -1 2016 456
alloc 30 468 10688 1528 456
alloc 5 154 2664 1352 456
alloc 0 156 3280 1176 456
alloc 15 127 1912 1008 456
alloc 18 586 -1 1008 456
alloc 25 263 -1 1008 456
alloc 36 327 -1 1008 456
free 19 -1 1240 456
free 22 -1 1528 456
free 29 -1 1768 456
alloc 40 260 2992 1480 456
free 39 -1 1760 456
free 10 -1 2224 456
alloc 33 163 16 2040 456
alloc 12 171 4624 1848 456
alloc 43 394 9648 1432 456
free 30 -1 1920 456
free 21 -1 2224 456
alloc 32 453 10688 1752 456
free 31 -1 2176 456
alloc 18 169 848 1984 456
alloc 25 434 -1 1984 456
alloc 36 150 1040 1816 456
free 3 -1 2320 456
free 6 -1 2696 456
free 13 -1 2976 456
free 8 -1 3056 456
alloc 23 138 2080 2896 456
alloc 26 419 9144 2456 456
free 33 -1 2640 456
alloc 44 484 -1 2640 456
alloc 27 344 2240 2280 456
free 46 -1 2432 456
alloc 37 2 16 2408 456
free 32 -1 2880 456
free 47 -1 2960 456
free 18 -1 3152 456
free 9 -1 3528 456
free 36 -1 3696 456
alloc 3 478 640 3200 456
alloc 38 308 4816 2848 456
alloc 13 12 40 2816 456
free 24 -1 3352 456
alloc 39 186 72 3128 456
free 26 -1 3568 456
free 17 -1 4144 456
free 28 -1 4248 456
free 43 -1 4664 456
free 14 -1 5240 456
free 37 -1 5264 456
alloc 16 462 5168 4784 456
alloc 47 338 5648 4416 456
free 2 -1 4896 456
alloc 9 11 1136 4864 456
alloc 36 172 3456 4672 456
alloc 19 582 7184 4072 456
alloc 6 193 3648 3856 456
free 13 -1 3888 456
free 40 -1 4176 456
free 7 -1 4520 456
alloc 42 230 296 4272 456
alloc 1 98 1168 4120 456
alloc 44 178 2840 3920 456
free 27 -1 4280 456
alloc 46 101 2240 4160 456
free 5 -1 4336 456
free 0 -1 4512 456
free 15 -1 4680 456
alloc 18 150 1808 4512 456
free 9 -1 4544 456
free 4 -1 4960 456
alloc 35 366 2360 4576 456
alloc 22 333 3040 4224 456
alloc 13 514 7784 3688 456
alloc 40 72 544 3592 456
free 39 -1 3816 456
alloc 26 192 16 3608 456
alloc 17 74 1976 3504 456
free 44 -1 3704 456
alloc 27 489 8320 3192 456
alloc 14 186 2744 2984 456
alloc 37 451 8832 2512 456
alloc 0 87 3864 2408 456
free 47 -1 2776 456
free 18 -1 2944 456
alloc 9 513 9304 2408 456
alloc 4 440 9840 1952 456
free 3 -1 2448 456
free 38 -1 2800 456
alloc 45 199 640 2584 456
free 40 -1 2680 456
free 23 -1 2840 456
free 42 -1 3088 456
free 1 -1 3240 456
free 12 -1 3432 456
free 27 -1 3944 456
free 14 -1 4152 456
alloc 21 265 224 3864 456
free 16 -1 4344 456
alloc 47 171 856 4152 456
alloc 34 185 1048 3944 456
alloc 41 94 512 3816 456
free 20 -1 4392 456
free 35 -1 4776 456
alloc 38 152 1808 4608 456
alloc 29 533 2360 4056 456
alloc 24 513 4624 3520 456
alloc 39 366 5160 3136 456
free 26 -1 3344 456
alloc 33 445 5544 2880 456
alloc 12 549 6008 2312 456
alloc 27 279 8320 2016 456
free 46 -1 2136 456
alloc 5 255 2080 1856 456
free 0 -1 1960 456
free 47 -1 2152 456
alloc 18 419 10296 1712 456
alloc 25 12 16 1680 456
free 36 -1 1872 456
free 19 -1 2472 456
free 22 -1 2824 456
free 29 -1 3376 456
free 24 -1 3912 456
alloc 23 308 2360 3584 456
alloc 26 477 2688 3088 456
alloc 1 118 48 2952 456
alloc 44 166 856 2760 456
free 11 -1 3248 456
alloc 30 76 1256 3152 456
free 21 -1 3440 456
alloc 16 89 184 3328 456
alloc 31 276 1352 3032 456
alloc 2 165 296 2816 456
free 41 -1 2944 456
alloc 20 378 3184 2544 456
alloc 3 176 3864 2352 456
free 38 -1 2520 456
free 45 -1 2736 456
alloc 24 495 4624 2200 456
free 39 -1 2584 456
free 26 -1 3080 456
free 17 -1 3184 456
alloc 28 464 2688 2688 456
free 27 -1 2984 456
free 30 -1 3080 456
free 5 -1 3360 456
alloc 32 133 512 3208 456
alloc 15 514 1648 2672 456
free 34 -1 2880 456
free 25 -1 2912 456
alloc 36 150 664 2720 456
alloc 19 568 7184 2120 456
free 6 -1 2336 456
alloc 29 342 5160 1952 456
alloc 8 33 1048 1896 456
alloc 7 45 1104 1832 456
alloc 26 539 -1 1832 456
free 33 -1 2296 456
free 28 -1 2792 456
alloc 43 205 2688 2568 456
alloc 46 455 8320 2096 456
alloc 21 549 -1 2096 456
alloc 0 266 5544 1808 456
free 15 -1 2344 456
free 18 -1 2784 456
free 9 -1 3320 456
free 36 -1 3512 456
alloc 35 464 1648 3032 456
alloc 22 263 3584 2752 456
free 29 -1 3136 456
alloc 40 538 10296 2576 456
free 23 -1 2904 456
alloc 10 349 2128 2536 456
alloc 17 108 664 2408 456
free 44 -1 2600 456
alloc 11 358 5160 2216 456
alloc 14 508 9304 1680 456
alloc 21 64 792 1600 456
free 16 -1 1712 456
alloc 15 112 872 1584 456
alloc 34 332 10856 1232 456
alloc 41 189 2912 1024 456
alloc 36 508 -1 1024 456
free 3 -1 1216 456
alloc 38 267 -1 1216 456
alloc 45 465 -1 1216 456
free 8 -1 1272 456
alloc 39 93 184 1160 456
alloc 26 153 1168 976 456
free 1 -1 1112 456
alloc 44 50 16 1040 456
free 43 -1 1264 456
free 46 -1 1736 456
free 37 -1 2208 456
free 32 -1 2360 456
free 15 -1 2488 456
free 2 -1 2704 456
free 41 -1 2912 456
alloc 36 3 88 2888 456
free 19 -1 3488 456
free 22 -1 3768 456
alloc 29 567 2496 3184 456
free 24 -1 3720 456
free 7 -1 3784 456
free 10 -1 4152 456
alloc 1 541 7184 3592 456
free 12 -1 4160 456
alloc 43 278 296 3864 456
alloc 46 4 112 3840 456
free 21 -1 3920 456
free 0 -1 4208 456
free 31 -1 4504 456
alloc 2 168 792 4320 456
alloc 9 193 1352 4104 456
free 20 -1 4504 456
free 35 -1 4984 456
alloc 22 324 1568 4640 456
alloc 45 583 3080 4040 456
free 40 -1 4600 456
free 39 -1 4712 456
alloc 10 122 136 4552 456
free 17 -1 4680 456
alloc 12 190 1912 4472 456
free 43 -1 4768 456
free 14 -1 5304 456
alloc 37 558 5544 4728 456
alloc 0 446 296 4232 456
alloc 15 465 4624 3744 456
free 34 -1 4096 456
free 9 -1 4312 456
alloc 20 4 976 4288 456
alloc 35 132 1000 4120 456
alloc 38 72 1352 4032 456
free 45 -1 4632 456
alloc 8 276 2120 4336 456
alloc 7 148 3080 4168 456
alloc 42 587 3248 3560 456
alloc 33 429 6120 3112 456
free 44 -1 3184 456
alloc 43 324 8320 2840 456
alloc 14 8 16 2816 456
alloc 21 20 40 2768 456
alloc 32 519 8664 2232 456
alloc 31 321 9200 1888 456
alloc 18 355 10296 1512 456
alloc 25 332 10672 1160 456
free 20 -1 1184 456
alloc 3 357 -1 1184 456
free 38 -1 1272 456
alloc 45 437 -1 1272 456
alloc 24 192 1352 1056 456
free 7 -1 1224 456
free 10 -1 1384 456
alloc 17 267 9544 1088 456
free 12 -1 1296 456
alloc 27 2 136 1272 456
free 14 -1 1296 456
free 21 -1 1344 456
free 32 -1 1880 456
alloc 47 241 8664 1616 456
free 18 -1 1992 456
alloc 41 84 160 1856 456
free 4 -1 2312 456
free 35 -1 2480 456
free 22 -1 2824 456
free 13 -1 3360 456
free 24 -1 3576 456
alloc 39 172 976 3384 456
free 26 -1 3568 456
free 33 -1 4016 456
alloc 28 64 1168 3936 456
free 11 -1 4320 456
alloc 30 43 16 4248 456
alloc 21 162 1248 4064 456
free 0 -1 4560 456
free 47 -1 4824 456
alloc 18 89 296 4712 456
free 25 -1 5064 456
alloc 20 353 408 4680 456
alloc 19 520 1432 4144 456
alloc 6 43 1968 4080 456
free 29 -1 4664 456
free 8 -1 4960 456
alloc 23 122 2032 4816 456
alloc 10 462 2176 4336 456
free 17 -1 4632 456
alloc 12 2 2656 4608 456
free 27 -1 4632 456
free 30 -1 4704 456
free 21 -1 4888 456
alloc 0 258 2680 4608 456
alloc 47 567 9544 4024 456
free 2 -1 4208 456
alloc 9 240 2960 3920 456
free 20 -1 4304 456
free 19 -1 4840 456
alloc 22 519 408 4272 456
alloc 29 145 1248 4104 456
alloc 24 421 1416 3664 456
free 39 -1 3856 456
alloc 26 490 6120 3320 456
alloc 17 140 976 3128 456
free 28 -1 3208 456
alloc 27 443 7744 2744 456
free 46 -1 2768 456
alloc 5 411 5112 2336 456
alloc 16 270 8664 2048 456
free 31 -1 2392 456
alloc 2 546 8952 1800 456
alloc 25 280 10128 1504 456
free 36 -1 1528 456
alloc 3 593 10424 912 456
free 22 -1 1480 456
alloc 45 297 408 1160 456
free 24 -1 1600 456
alloc 7 499 1416 1048 456
free 26 -1 1584 456
free 1 -1 2144 456
free 12 -1 2168 456
alloc 11 361 6120 1784 456
alloc 14 251 7184 1512 456
free 37 -1 2088 456
alloc 32 466 5544 1600 456
free 15 -1 2088 456
alloc 34 451 4624 1600 456
free 9 -1 1888 456
alloc 20 382 -1 1888 456
alloc 19 513 -1 1888 456
alloc 22 117 16 1744 456
alloc 13 570 -1 1744 456
alloc 8 206 728 1496 456
free 7 -1 2048 456
free 42 -1 2656 456
free 17 -1 2848 456
alloc 28 444 1416 2384 456
free 43 -1 2728 456
alloc 30 455 2960 2256 456
alloc 21 510 3432 1728 456
free 0 -1 2008 456
free 47 -1 2592 456
free 34 -1 3080 456
free 41 -1 3216 456
alloc 20 29 160 3168 456
alloc 19 332 4624 2816 456
free 6 -1 2880 456
free 29 -1 3048 456
alloc 24 594 -1 3048 456
alloc 7 169 976 2856 456
free 10 -1 3336 456
alloc 17 85 1168 3232 456
alloc 44 120 1272 3088 456
alloc 43 73 1880 2992 456
alloc 46 539 2176 2432 456
free 5 -1 2864 456
free 16 -1 3152 456
alloc 47 251 4976 2880 456
free 2 -1 3472 456
alloc 9 300 8208 3152 456
alloc 4 151 2736 2984 456
free 19 -1 3336 456
alloc 38 192 4624 3128 456
alloc 13 48 208 3040 456
alloc 24 265 5248 2744 456
free 23 -1 2888 456
alloc 42 531 8528 2336 456
alloc 1 563 9080 1752 456
free 44 -1 1896 456
free 43 -1 1992 456
free 14 -1 2264 456
alloc 5 375 7184 1872 456
free 32 -1 2360 456
alloc 15 308 5544 2032 456
free 18 -1 2144 456
free 25 -1 2440 456
free 20 -1 2488 456
free 3 -1 3104 456
alloc 6 541 9664 2544 456
free 45 -1 2864 456
free 8 -1 3112 456
alloc 39 97 296 2992 456
alloc 26 333 416 2640 456
alloc 33 488 10224 2136 456
alloc 12 140 768 1976 456
free 27 -1 2440 456
free 30 -1 2912 456
free 5 -1 3304 456
alloc 0 572 7184 2712 456
alloc 31 188 1880 2504 456
alloc 18 114 1272 2360 456
alloc 25 127 2904 2216 456
alloc 36 223 3048 1976 456
alloc 19 597 -1 1976 456
free 38 -1 2184 456
alloc 45 496 10728 1648 456
alloc 40 44 2088 1560 456
free 7 -1 1752 456
free 42 -1 2304 456
free 33 -1 2808 456
free 28 -1 3272 456
alloc 27 389 1416 2864 456
free 46 -1 3424 456
free 21 -1 3952 456
alloc 16 536 2176 3392 456
free 31 -1 3600 456
free 18 -1 3744 456
alloc 41 247 1824 3480 456
free 4 -1 3648 456
alloc 3 483 3288 3144 456
alloc 38 45 928 3080 456
free 45 -1 3616 456
free 40 -1 3704 456
alloc 23 114 992 3568 456
free 26 -1 3920 456
free 1 -1 4504 456
alloc 28 583 8528 3904 456
alloc 43 365 7776 3520 456
alloc 30 98 416 3400 456
alloc 37 338 9128 3040 456
free 16 -1 3600 456
free 47 -1 3872 456
alloc 18 560 2088 3296 456
free 9 -1 3616 456
free 36 -1 3856 456
alloc 35 320 4624 3520 456
free 38 -1 3584 456
free 13 -1 3672 456
free 24 -1 3968 456
free 39 -1 4088 456
alloc 26 178 160 3888 456
alloc 1 71 536 3800 456
alloc 44 283 3792 3496 456
free 43 -1 3880 456
free 30 -1 4000 456
free 37 -1 4360 456
free 0 -1 4952 456
alloc 31 101 360 4832 456
alloc 34 260 4960 4552 456
free 25 -1 4696 456
alloc 36 308 2664 4368 456
free 35 -1 4704 456
alloc 38 379 7184 4304 456
alloc 45 97 624 4160 456
alloc 40 593 7584 3544 456
alloc 7 315 4624 3208 456
alloc 10 324 9128 2864 456
alloc 33 356 10224 2488 456
free 28 -1 3088 456
free 11 -1 3472 456
alloc 46 549 5872 2904 456
alloc 37 480 8200 2408 456
alloc 0 416 8696 1976 456
free 15 -1 2304 456
free 18 -1 2880 456
alloc 25 443 2088 2416 456
alloc 20 374 5240 2024 456
free 3 -1 2528 456
free 6 -1 3088 456
alloc 29 295 2992 2776 456
alloc 24 531 9472 2224 456
alloc 39 384 3304 1824 456
free 10 -1 2168 456
free 33 -1 2544 456
alloc 28 332 10024 2192 456
free 27 -1 2600 456
alloc 30 415 1272 2168 456
alloc 5 209 5632 1928 456
alloc 32 177 6440 1712 456
alloc 15 182 9128 1512 456
alloc 2 80 1704 1392 456
free 41 -1 1656 456
alloc 4 8 480 1600 456
alloc 3 79 1824 1504 456
alloc 6 375 10376 1112 456
alloc 13 381 10768 712 456
free 40 -1 1328 456
free 7 -1 1664 456
alloc 10 34 928 1600 456
free 17 -1 1704 456
free 28 -1 2056 456
alloc 11 503 7584 1536 456
free 30 -1 1968 456
free 37 -1 2464 456
free 0 -1 2896 456
free 31 -1 3016 456
free 2 -1 3136 456
alloc 41 198 1128 2920 456
free 4 -1 2976 456
alloc 19 191 1344 2768 456
free 22 -1 2912 456
free 45 -1 3056 456
free 24 -1 3608 456
free 23 -1 3744 456
free 26 -1 3944 456
free 1 -1 4032 456
free 44 -1 4336 456
alloc 43 356 16 3960 456
free 46 -1 4528 456
alloc 21 172 392 4336 456
alloc 16 530 5872 3768 456
alloc 31 65 584 3680 456
alloc 18 67 672 3584 456
free 41 -1 3800 456
free 36 -1 4128 456
free 19 -1 4336 456
alloc 22 410 992 3904 456
alloc 45 341 1424 3544 456
alloc 8 227 2552 3296 456
alloc 23 180 3704 3096 456
alloc 26 149 1920 2928 456
alloc 33 408 8104 2504 456
alloc 44 598 9328 1888 456
free 11 -1 2408 456
alloc 30 124 2800 2264 456
free 21 -1 2456 456
free 32 -1 2672 456
alloc 47 537 8528 2112 456
free 34 -1 2392 456
alloc 41 380 4624 1992 456
free 20 -1 2384 456
alloc 35 50 392 2312 456
free 6 -1 2704 456
free 13 -1 3104 456
alloc 24 223 5024 2864 456
alloc 7 250 5264 2592 456
free 26 -1 2760 456
alloc 1 433 7584 2304 456
free 44 -1 2920 456
free 43 -1 3296 456
alloc 46 496 9328 2784 456
free 5 -1 3024 456
alloc 32 565 9840 2440 456
free 47 -1 3000 456
free 18 -1 3096 456
free 25 -1 3560 456
alloc 20 337 16 3184 456
alloc 19 104 464 3064 456
alloc 6 523 1920 2520 456
free 45 -1 2880 456
free 24 -1 3120 456
free 39 -1 3520 456
alloc 42 576 8528 2920 456
free 33 -1 3344 456
alloc 28 455 8040 2856 456
alloc 43 229 1424 2608 456
alloc 14 533 10424 2056 456
alloc 5 200 3304 1840 456
free 32 -1 2424 456
free 31 -1 2512 456
alloc 34 589 -1 2512 456
free 41 -1 2912 456
free 20 -1 3288 456
free 3 -1 3384 456
free 6 -1 3928 456
alloc 13 468 1672 3440 456
free 8 -1 3688 456
alloc 39 202 16 3464 456
free 42 -1 4064 456
alloc 17 228 2160 3816 456
alloc 44 403 4624 3392 456
alloc 27 379 8528 2992 456
free 30 -1 3136 456
alloc 37 389 2408 2728 456
free 16 -1 3296 456
alloc 47 418 5536 2856 456
alloc 34 492 5976 2344 456
alloc 41 565 9840 1760 456
alloc 4 586 -1 1760 456
free 19 -1 1880 456
free 38 -1 2280 456
free 13 -1 2768 456
alloc 40 593 -1 2768 456
free 23 -1 2968 456
alloc 42 446 1672 2480 456
free 1 -1 2936 456
free 28 -1 3424 456
free 43 -1 3672 456
free 14 -1 4224 456
free 37 -1 4632 456
alloc 0 232 464 4384 456
free 47 -1 4824 456
alloc 18 6 240 4800 456
free 41 -1 5384 456
alloc 36 443 2408 4920 456
free 35 -1 4992 456
alloc 6 168 264 4792 456
alloc 13 346 3520 4424 456
alloc 40 128 1424 4280 456
free 39 -1 4504 456
free 42 -1 4992 456
alloc 33 319 1568 4656 456
alloc 28 540 7184 4096 456
alloc 43 406 5536 3656 456
alloc 30 103 16 3536 456
alloc 37 99 1904 3416 456
free 0 -1 3664 456
alloc 31 91 464 3552 456
alloc 2 144 576 3360 456
alloc 9 433 7744 2904 456
alloc 4 328 9840 2560 456
alloc 3 279 8200 2232 456
free 22 -1 2664 456
free 13 -1 3032 456
alloc 8 437 3520 2576 456
free 7 -1 2848 456
free 10 -1 2912 456
free 33 -1 3248 456
free 12 -1 3408 456
alloc 11 55 136 3304 456
free 46 -1 3816 456
free 37 -1 3936 456
alloc 32 56 768 3864 456
alloc 47 307 840 3536 456
free 34 -1 4048 456
alloc 41 254 1568 3776 456
free 4 -1 4120 456
alloc 35 580 5976 3520 456
alloc 22 539 9328 2960 456
free 29 -1 3272 456
free 40 -1 3416 456
alloc 39 438 5048 2928 456
alloc 26 374 1168 2528 456
free 17 -1 2776 456
alloc 12 205 1840 2552 456
free 27 -1 2952 456
alloc 46 98 2064 2832 456
alloc 21 92 2184 2720 456
free 32 -1 2792 456
free 15 -1 2992 456
alloc 34 560 8528 2416 456
alloc 25 292 2872 2104 456
alloc 20 211 9888 1872 456
free 35 -1 2472 456
free 22 -1 3032 456
alloc 13 11 768 3000 456
alloc 40 381 5976 2600 456
free 39 -1 3088 456
alloc 42 130 5048 2936 456
alloc 1 598 9104 2320 456
free 28 -1 2880 456
free 11 -1 2984 456
free 30 -1 3104 456
free 5 -1 3320 456
alloc 0 156 16 3144 456
free 47 -1 3472 456
free 18 -1 3496 456
free 41 -1 3768 456
alloc 4 421 7184 3328 456
free 3 -1 3656 456
alloc 22 169 800 3464 456
alloc 29 27 192 3392 456
alloc 24 247 1568 3120 456
alloc 23 87 992 3016 456
free 26 -1 3416 456
free 1 -1 4032 456
free 12 -1 4256 456
alloc 27 93 1096 4144 456
alloc 30 299 1208 3824 456
alloc 37 575 9104 3232 456
alloc 32 141 1840 3072 456
free 31 -1 3184 456
alloc 18 289 3184 2848 456
free 9 -1 3304 456
free 20 -1 3536 456
alloc 3 259 5200 3256 456
alloc 38 173 6376 3064 456
alloc 45 187 7624 2856 456
free 24 -1 3128 456
alloc 39 415 7832 2696 456
alloc 10 158 1528 2520 456
alloc 33 294 9696 2208 456
alloc 28 375 10008 1816 456
alloc 11 451 10400 1344 456
free 30 -1 1664 456
free 37 -1 2256 456
alloc 16 559 9104 1664 456
alloc 47 343 10872 1272 456
free 2 -1 1464 456
alloc 41 370 -1 1464 456
free 36 -1 1928 456
alloc 19 571 -1 1928 456
free 6 -1 2128 456
free 45 -1 2336 456
alloc 24 597 -1 2336 456
free 23 -1 2440 456
alloc 26 458 264 1936 456
free 33 -1 2248 456
alloc 12 569 -1 2248 456
free 11 -1 2720 456
alloc 14 428 2296 2272 456
alloc 37 269 1208 1952 456
free 0 -1 2128 456
free 47 -1 2520 456
alloc 2 458 10400 2040 456
free 25 -1 2352 456
free 4 -1 2792 456
alloc 19 110 16 2664 456
alloc 6 361 2744 2280 456
free 13 -1 2312 456
alloc 24 500 7184 1792 456
alloc 23 40 992 1736 456
free 10 -1 1912 456
alloc 17 271 1528 1600 456
free 44 -1 2024 456
free 27 -1 2136 456
free 14 -1 2584 456
free 37 -1 2904 456
free 16 -1 3496 456
alloc 47 229 1048 3248 456
free 18 -1 3584 456
alloc 9 566 9104 3000 456
alloc 20 454 -1 3000 456
alloc 35 566 -1 3000 456
free 38 -1 3192 456
alloc 45 124 1296 3048 456
free 24 -1 3568 456
free 23 -1 3624 456
free 42 -1 3776 456
free 17 -1 4088 456
alloc 12 383 1440 3688 456
alloc 27 169 2296 3496 456
free 46 -1 3616 456
alloc 5 121 2000 3472 456
alloc 16 436 4624 3016 456
free 47 -1 3264 456
free 2 -1 3744 456
free 9 -1 4328 456
alloc 20 125 992 4184 456
free 19 -1 4312 456
free 6 -1 4696 456
free 29 -1 4768 456
free 40 -1 5168 456
free 39 -1 5600 456
alloc 42 12 16 5568 456
alloc 33 402 2488 5144 456
free 12 -1 5544 456
free 43 -1 5984 456
alloc 14 521 2912 5440 456
free 21 -1 5552 456
alloc 0 422 5480 5112 456
alloc 31 78 48 5016 456
alloc 2 343 1440 4656 456
alloc 41 374 5920 4264 456
alloc 4 287 6312 3960 456
free 3 -1 4240 456
free 22 -1 4432 456
alloc 29 125 768 4288 456
alloc 40 142 1136 4128 456
alloc 23 177 5080 3928 456
free 26 -1 4432 456
free 33 -1 4856 456
alloc 12 125 144 4712 456
alloc 11 482 7184 4208 456
alloc 30 277 288 3912 456
alloc 21 188 2488 3704 456
free 32 -1 3864 456
alloc 47 38 584 3808 456
free 34 -1 4384 456
alloc 9 423 7688 3944 456
alloc 36 352 8128 3576 456
alloc 19 282 8496 3272 456
alloc 38 31 640 3224 456
free 29 -1 3368 456
free 40 -1 3528 456
alloc 39 553 8800 2952 456
alloc 26 29 688 2904 456
alloc 17 427 9376 2456 456
alloc 44 502 10400 1936 456
free 11 -1 2440 456
free 14 -1 2984 456
free 5 -1 3128 456
free 16 -1 3584 456
free 31 -1 3680 456
alloc 34 383 1800 3280 456
free 41 -1 3672 456
free 20 -1 3816 456
alloc 3 64 48 3720 456
alloc 22 537 736 3160 456
alloc 29 563 2696 2576 456
alloc 24 319 4624 2240 456
free 23 -1 2440 456
free 26 -1 2488 456
free 17 -1 2936 456
free 12 -1 3080 456
alloc 43 202 3280 2840 456
alloc 46 16 144 2808 456
free 21 -1 3016 456
alloc 16 232 4960 2768 456
free 47 -1 2824 456
free 2 -1 3184 456
alloc 25 290 1440 2872 456
free 36 -1 3240 456
free 19 -1 3544 456
alloc 6 467 7184 3040 456
free 45 -1 3184 456
free 24 -1 3520 456
alloc 7 469 8128 3032 456
alloc 10 262 4624 2752 456
alloc 1 116 1296 2608 456
alloc 12 386 9376 2200 456
alloc 11 155 2488 1992 456
alloc 14 541 -1 1992 456
alloc 5 48 176 1928 456
alloc 32 412 -1 1928 456
alloc 47 295 5920 1616 456
free 34 -1 2016 456
alloc 41 58 1752 1936 456
alloc 20 400 1832 1520 456
alloc 35 16 240 1472 456
free 38 -1 1520 456
free 29 -1 2104 456
alloc 40 42 584 2040 456
free 7 -1 2528 456
free 10 -1 2808 456
alloc 33 73 2696 2712 456
free 12 -1 3120 456
free 11 -1 3328 456
free 46 -1 3360 456
alloc 37 365 2792 2976 456
free 16 -1 3224 456
free 47 -1 3536 456
alloc 34 572 4624 2944 456
free 25 -1 3256 456
alloc 36 116 1440 3120 456
free 3 -1 3216 456
free 22 -1 3776 456
alloc 13 559 648 3200 456
free 8 -1 3656 456
free 39 -1 4232 456
alloc 10 524 3520 3656 456
free 33 -1 3752 456
free 28 -1 4144 456
alloc 11 377 8128 3744 456
free 30 -1 4040 456
alloc 21 331 5920 3688 456
free 0 -1 4128 456
alloc 31 480 5216 3632 456
alloc 2 113 288 3496 456
alloc 25 51 48 3424 456
free 20 -1 3840 456
alloc 19 145 1576 3664 456
alloc 22 125 424 3504 456
alloc 45 4 120 3448 456
free 40 -1 3512 456
alloc 7 470 8528 3024 456
free 10 -1 3600 456
alloc 33 367 1832 3216 456
free 44 -1 3736 456
free 11 -1 4136 456
alloc 46 428 3520 3688 456
free 37 -1 4072 456
alloc 16 236 2488 3816 456
alloc 15 390 2744 3408 456
free 34 -1 4000 456
free 41 -1 4080 456
free 4 -1 4384 456
alloc 3 455 4624 3912 456
free 6 -1 4416 456
free 13 -1 4992 456
alloc 40 479 584 4496 456
alloc 39 547 9016 3928 456
free 42 -1 3960 456
free 33 -1 4344 456
alloc 28 507 1752 3800 456
alloc 11 87 1080 3696 456
free 46 -1 4144 456
free 21 -1 4496 456
free 16 -1 4752 456
free 15 -1 5160 456
alloc 34 345 2488 4792 456
free 9 -1 5232 456
free 36 -1 5368 456
free 3 -1 5840 456
free 22 -1 6000 456
alloc 29 221 2856 5760 456
alloc 24 73 424 5664 456
free 7 -1 6152 456
alloc 42 291 3520 5840 456
alloc 33 53 1184 5768 456
alloc 12 461 4624 5288 456
free 43 -1 5528 456
alloc 30 253 3096 5256 456
free 5 -1 5320 456
alloc 16 394 5712 4904 456
free 31 -1 5400 456
free 2 -1 5536 456
alloc 9 79 288 5440 456
alloc 36 200 3832 5224 456
free 19 -1 5400 456
alloc 6 437 5104 4944 456
free 45 -1 5000 456
free 24 -1 5096 456
alloc 7 103 120 4976 456
alloc 26 453 6128 4504 456
alloc 17 123 384 4360 456
free 28 -1 4904 456
free 11 -1 5008 456
alloc 46 113 1440 4872 456
alloc 37 36 528 4816 456
alloc 0 268 1576 4528 456
alloc 31 140 1864 4368 456
free 34 -1 4736 456
alloc 41 404 7184 4312 456
alloc 20 226 2024 4040 456
free 35 -1 4088 456
free 6 -1 4544 456
alloc 45 416 5104 4112 456
free 40 -1 4608 456
alloc 23 519 584 4072 456
free 42 -1 4384 456
free 17 -1 4528 456
alloc 44 597 7608 3912 456
free 27 -1 4104 456
free 46 -1 4240 456
alloc 5 261 2296 3960 456
free 0 -1 4248 456
alloc 15 218 1440 4008 456
alloc 2 116 384 3864 456
free 25 -1 3936 456
alloc 4 436 3368 3472 456
alloc 3 187 2576 3264 456
alloc 38 357 8224 2888 456
free 45 -1 3320 456
alloc 24 334 5104 2968 456
free 39 -1 3536 456
alloc 10 526 8600 2992 456
free 33 -1 3064 456
alloc 28 415 9144 2632 456
alloc 11 267 9576 2344 456
free 30 -1 2616 456
alloc 21 53 16 2512 456
alloc 32 564 9864 1928 456
free 15 -1 2168 456
alloc 18 344 1440 1808 456
free 41 -1 2232 456
free 36 -1 2448 456
free 3 -1 2656 456
free 38 -1 3032 456
free 29 -1 3272 456
free 24 -1 3624 456
alloc 39 106 1120 3496 456
free 10 -1 4040 456
free 1 -1 4184 456
free 12 -1 4664 456
free 11 -1 4952 456
alloc 46 134 1248 4800 456
free 21 -1 4904 456
alloc 0 145 2576 4736 456
alloc 47 154 2744 4560 456
free 2 -1 4704 456
alloc 25 256 2920 4432 456
free 20 -1 4704 456
alloc 19 62 16 4600 456
alloc 6 425 4624 4152 456
alloc 13 399 5072 3736 456
alloc 40 473 8224 3240 456
free 7 -1 3360 456
free 26 -1 3832 456
alloc 33 284 6128 3528 456
alloc 12 400 7184 3104 456
alloc 11 561 10448 2520 456
alloc 30 232 2024 2248 456
free 5 -1 2528 456
free 16 -1 2944 456
alloc 15 411 5488 2512 456
alloc 2 145 120 2344 456
free 9 -1 2440 456
alloc 36 355 8720 2064 456
alloc 3 340 -1 2064 456
free 6 -1 2512 456
alloc 45 588 -1 2512 456
free 40 -1 3008 456
alloc 7 390 4624 2600 456
alloc 10 251 2296 2320 456
alloc 1 501 -1 2320 456
free 12 -1 2744 456
free 11 -1 3328 456
free 30 -1 3600 456
alloc 21 478 8224 3104 456
free 32 -1 3688 456
free 15 -1 4120 456
free 18 -1 4480 456
alloc 41 11 288 4448 456
free 4 -1 4912 456
free 19 -1 5016 456
alloc 22 492 3192 4504 456
alloc 45 191 320 4296 456
alloc 24 266 1400 4008 456
free 23 -1 4544 456
alloc 26 271 584 4256 456
alloc 17 85 16 4152 456
free 28 -1 4584 456
alloc 11 247 2024 4312 456
free 46 -1 4464 456
alloc 5 28 872 4416 456
alloc 16 371 3704 4024 456
free 31 -1 4184 456
free 2 -1 4352 456
free 25 -1 4624 456
free 36 -1 5000 456
alloc 35 324 5488 4656 456
alloc 6 182 920 4456 456
free 13 -1 4872 456
alloc 8 476 8720 4376 456
free 7 -1 4784 456
free 10 -1 5064 456
free 33 -1 5368 456
alloc 12 413 4624 4936 456
alloc 27 391 5056 4504 456
alloc 14 360 5832 4128 456
free 5 -1 4176 456
alloc 32 167 1688 3992 456
alloc 15 532 9216 3440 456
alloc 18 379 6208 3040 456
free 41 -1 3072 456
alloc 4 206 2296 2848 456
alloc 19 546 9768 2280 456
alloc 38 159 120 2080 456
free 45 -1 2288 456
free 8 -1 2784 456
alloc 7 95 320 2672 456
alloc 42 554 10336 2096 456
free 17 -1 2200 456
alloc 28 425 8720 1752 456
free 11 -1 2024 456
free 14 -1 2400 456
free 21 -1 2896 456
free 16 -1 3288 456
free 15 -1 3840 456
alloc 34 583 9168 3240 456
alloc 25 559 -1 3240 456
alloc 20 170 1872 3048 456
free 19 -1 3616 456
free 22 -1 4128 456
alloc 29 75 16 4024 456
alloc 40 508 2920 3496 456
free 39 -1 3624 456
free 26 -1 3912 456
alloc 33 51 432 3816 456
free 28 -1 4264 456
alloc 43 122 584 4120 456
alloc 30 387 3448 3712 456
alloc 5 341 5832 3336 456
free 0 -1 3504 456
alloc 31 127 728 3360 456
free 34 -1 3960 456
alloc 25 18 872 3912 456
alloc 36 414 8224 3480 456
alloc 3 483 8656 2976 456
free 38 -1 3176 456
free 29 -1 3280 456
free 40 -1 3808 456
alloc 23 442 2920 3344 456
alloc 26 587 9160 2736 456
alloc 1 268 16 2432 456
free 44 -1 3048 456
free 27 -1 3480 456
alloc 14 149 1120 3312 456
free 37 -1 3368 456
alloc 0 426 7184 2920 456
free 31 -1 3064 456
alloc 34 261 5056 2784 456
alloc 9 552 7632 2192 456
free 20 -1 2384 456
alloc 19 195 1872 2168 456
alloc 22 295 9768 1856 456
alloc 13 444 -1 1856 456
alloc 8 592 -1 1856 456
alloc 39 514 -1 1856 456
alloc 10 597 -1 1856 456
alloc 17 68 728 1768 456
free 12 -1 2200 456
alloc 27 347 4624 1832 456
free 30 -1 2240 456
alloc 21 16 528 2184 456
free 0 -1 2632 456
alloc 15 392 3384 2224 456
free 18 -1 2624 456
free 25 -1 2672 456
free 36 -1 3104 456
free 3 -1 3608 456
alloc 38 307 6208 3280 456
alloc 13 119 2088 3144 456
alloc 8 319 7184 2808 456
free 7 -1 2920 456
alloc 10 36 320 2864 456
free 17 -1 2952 456
alloc 12 128 728 2808 456
free 43 -1 2952 456
free 14 -1 3120 456
free 21 -1 3176 456
alloc 0 424 8224 2736 456
free 47 -1 2912 456
alloc 2 41 528 2848 456
free 9 -1 3440 456
free 4 -1 3664 456
free 19 -1 3880 456
free 6 -1 4080 456
free 13 -1 4216 456
alloc 40 504 872 3688 456
free 23 -1 4152 456
free 26 -1 4760 456
free 33 -1 4856 456
alloc 44 457 1872 4376 456
free 27 -1 4744 456
alloc 46 100 376 4592 456
alloc 21 462 2352 4112 456
alloc 16 188 2832 3904 456
alloc 47 160 3040 3728 456
alloc 18 509 7520 3200 456
alloc 41 403 4624 2768 456
alloc 4 448 8664 2304 456
free 35 -1 2648 456
alloc 6 231 3792 2400 456
alloc 13 405 5336 1976 456
free 24 -1 2264 456
alloc 23 510 9128 1736 456
free 10 -1 1792 456
alloc 17 301 10912 1440 456
free 12 -1 1584 456
alloc 11 575 -1 1584 456
alloc 14 529 -1 1584 456
free 21 -1 2064 456
free 32 -1 2248 456
free 47 -1 2424 456
free 2 -1 2488 456
alloc 25 177 528 2288 456
free 4 -1 2752 456
alloc 35 388 1400 2344 456
free 22 -1 2656 456
alloc 45 490 9656 2144 456
free 40 -1 2672 456
alloc 39 126 728 2528 456
alloc 10 153 872 2352 456
free 1 -1 2656 456
alloc 12 381 2352 2256 456
alloc 11 122 16 2112 456
alloc 14 560 -1 2112 456
alloc 37 425 8664 1648 456
alloc 32 319 1048 1296 456
free 15 -1 1704 456
free 18 -1 2232 456
free 25 -1 2432 456
alloc 4 246 3040 2168 456
alloc 3 133 160 2016 456
alloc 22 298 3304 1696 456
alloc 29 240 7520 1440 456
alloc 24 384 7776 1040 456
free 23 -1 1568 456
free 10 -1 1744 456
alloc 33 312 9128 1416 456
alloc 28 521 -1 1416 456
alloc 27 274 -1 1416 456
alloc 14 159 528 1216 456
alloc 21 583 -1 1216 456
free 16 -1 1424 456
alloc 31 20 312 1360 456
free 34 -1 1640 456
alloc 9 26 872 1592 456
alloc 36 351 -1 1592 456
alloc 19 285 -1 1592 456
free 22 -1 1912 456
free 29 -1 2168 456
alloc 40 60 920 2088 456
alloc 7 290 3304 1776 456
alloc 10 471 -1 1776 456
alloc 1 169 2752 1584 456
free 12 -1 1984 456
alloc 27 213 2352 1752 456
free 46 -1 1904 456
alloc 21 306 -1 1904 456
free 0 -1 2344 456
alloc 15 402 8176 1920 456
alloc 2 236 5056 1640 456
free 9 -1 1688 456
alloc 36 230 7520 1432 456
alloc 19 72 376 1344 456
alloc 22 352 -1 1344 456
alloc 29 230 -1 1344 456
free 24 -1 1744 456
alloc 23 106 2584 1616 456
free 42 -1 2192 456
free 17 -1 2544 456
alloc 28 215 7776 2312 456
alloc 43 333 10168 1960 456
alloc 30 562 10520 1376 456
free 5 -1 1752 456
free 32 -1 2104 456
free 15 -1 2528 456
alloc 18 176 1000 2336 456
alloc 9 112 1192 2208 456
free 4 -1 2472 456
free 3 -1 2624 456
free 6 -1 2872 456
free 45 -1 3384 456
free 40 -1 3464 456
free 23 -1 3592 456
alloc 42 391 3616 3184 456
free 1 -1 3376 456
free 28 -1 3608 456
free 11 -1 3752 456
free 30 -1 4336 456
alloc 21 304 2584 4016 456
alloc 16 534 7776 3464 456
free 31 -1 3528 456
free 18 -1 3720 456
alloc 25 48 16 3656 456
free 36 -1 3912 456
alloc 3 233 80 3656 456
alloc 22 326 2904 3312 456
free 13 -1 3736 456
free 8 -1 4072 456
free 39 -1 4216 456
alloc 10 180 728 4016 456
free 33 -1 4344 456
alloc 12 296 5336 4032 456
alloc 11 33 464 3968 456
free 14 -1 4168 456
free 21 -1 4488 456
alloc 32 42 528 4424 456
alloc 15 203 928 4200 456
alloc 34 459 5648 3720 456
free 9 -1 3848 456
alloc 36 419 7184 3408 456
free 35 -1 3816 456
free 22 -1 4160 456
alloc 29 279 1152 3864 456
alloc 8 198 1448 3648 456
alloc 39 256 2584 3376 456
free 10 -1 3576 456
alloc 17 138 592 3416 456
free 12 -1 3728 456
free 11 -1 3792 456
alloc 46 436 9128 3336 456
alloc 21 358 2856 2960 456
free 32 -1 3024 456
alloc 31 67 464 2936 456
free 34 -1 3416 456
free 25 -1 3480 456
alloc 20 165 1664 3272 456
free 19 -1 3360 456
alloc 22 412 5336 2928 456
free 29 -1 3224 456
free 8 -1 3440 456
free 39 -1 3712 456
alloc 10 194 1152 3496 456
alloc 1 128 752 3320 456
free 44 -1 3800 456
free 27 -1 4032 456
alloc 30 174 1368 3840 456
alloc 5 572 1872 3248 456
alloc 0 150 2464 3080 456
free 31 -1 3168 456
free 2 -1 3448 456
free 41 -1 3880 456
free 36 -1 4320 456
alloc 35 124 336 4176 456
free 22 -1 4608 456
alloc 45 554 4624 4032 456
alloc 8 340 5200 3672 456
alloc 39 518 5560 3136 456
free 10 -1 3352 456
alloc 33 13 16 3288 456
alloc 28 50 480 3216 456
free 43 -1 3568 456
free 46 -1 4024 456
free 21 -1 4400 456
free 0 -1 4568 456
alloc 31 265 2464 4280 456
alloc 18 347 2752 3912 456
alloc 41 313 7184 3576 456
free 20 -1 3784 456
alloc 19 466 9128 3296 456
alloc 6 293 1560 2984 456
free 45 -1 3560 456
alloc 24 176 1152 3344 456
free 7 -1 3656 456
alloc 26 509 4624 3128 456
free 17 -1 3288 456
alloc 44 478 3120 2792 456
alloc 43 23 552 2752 456
alloc 14 127 592 2592 456
alloc 21 151 7520 2424 456
free 16 -1 2976 456
free 15 -1 3200 456
alloc 34 471 7688 2712 456
alloc 25 167 928 2528 456
alloc 4 405 8176 2104 456
free 35 -1 2248 456
free 38 -1 2576 456
alloc 29 275 6096 2280 456
free 24 -1 2496 456
alloc 23 143 1112 2336 456
free 26 -1 2864 456
alloc 17 534 4624 2288 456
alloc 12 531 9616 1736 456
free 43 -1 1776 456
alloc 46 392 10168 1368 456
free 37 -1 1832 456
alloc 0 379 8600 1432 456
alloc 47 364 10576 1048 456
alloc 2 428 -1 1048 456
free 41 -1 1384 456
free 4 -1 1808 456
free 19 -1 2296 456
alloc 38 509 9000 1768 456
free 29 -1 2064 456
alloc 24 598 -1 2064 456
alloc 7 461 6096 1584 456
alloc 10 222 7184 1344 456
free 33 -1 1408 456
free 28 -1 1480 456
alloc 43 453 -1 1480 456
free 30 -1 1672 456
alloc 37 82 336 1568 456
alloc 32 60 440 1488 456
free 31 -1 1776 456
free 34 -1 2264 456
free 25 -1 2448 456
alloc 4 563 7688 1864 456
free 3 -1 2120 456
alloc 22 567 -1 2120 456
alloc 45 422 -1 2120 456
alloc 24 221 16 1880 456
free 7 -1 2360 456
free 10 -1 2600 456
alloc 33 145 928 2416 456
free 12 -1 2968 456
alloc 11 590 9528 2328 456
alloc 30 97 1272 2208 456
free 37 -1 2312 456
free 32 -1 2392 456
free 47 -1 2776 456
free 18 -1 3144 456
alloc 9 339 2464 2784 456
alloc 36 44 256 2720 456
alloc 35 571 10576 2128 456
alloc 22 150 320 1960 456
alloc 45 409 6096 1528 456
alloc 40 585 -1 1528 456
free 39 -1 2064 456
alloc 10 52 488 1960 456
free 1 -1 2136 456
alloc 12 232 2824 1888 456
free 11 -1 2528 456
free 46 -1 2936 456
free 5 -1 3528 456
alloc 16 333 1872 3176 456
alloc 31 536 9528 2624 456
alloc 34 259 5560 2344 456
alloc 41 296 7184 2008 456
alloc 20 126 752 1832 456
alloc 19 121 1392 1664 456
free 6 -1 1976 456
alloc 13 362 10080 1592 456
alloc 40 440 -1 1592 456
alloc 39 176 1560 1400 456
alloc 26 80 1752 1280 456
alloc 1 69 2224 1192 456
alloc 28 132 2312 1040 456
alloc 11 108 5840 912 456
free 14 -1 1072 456
alloc 5 361 -1 1072 456
free 16 -1 1424 456
alloc 47 408 -1 1424 456
free 34 -1 1704 456
free 9 -1 2064 456
free 36 -1 2128 456
free 19 -1 2296 456
free 38 -1 2824 456
free 13 -1 3208 456
free 24 -1 3448 456
free 23 -1 3608 456
free 26 -1 3728 456
free 17 -1 4304 456
free 12 -1 4552 456
alloc 43 353 1752 4176 456
alloc 46 515 2464 3640 456
free 21 -1 3808 456
alloc 32 72 16 3720 456
free 31 -1 4272 456
alloc 34 265 4624 3984 456
alloc 9 356 9000 3608 456
free 20 -1 3784 456
free 35 -1 4376 456
alloc 38 488 9376 3872 456
free 45 -1 4304 456
alloc 40 550 5968 3736 456
alloc 7 540 9880 3176 456
free 42 -1 3584 456
alloc 17 216 592 3352 456
free 28 -1 3504 456
free 43 -1 3880 456
free 46 -1 4416 456
alloc 37 537 2312 3856 456
alloc 16 346 1752 3488 456
alloc 47 294 3616 3176 456
alloc 18 411 10440 2744 456
free 41 -1 3080 456
alloc 36 88 104 2976 456
alloc 35 479 7184 2472 456
free 22 -1 2640 456
alloc 13 235 208 2360 456
free 40 -1 2928 456
free 39 -1 3120 456
alloc 26 237 1392 2864 456
free 1 -1 2952 456
alloc 28 225 2872 2704 456
alloc 27 570 5968 2112 456
alloc 46 417 -1 2112 456
alloc 21 23 824 2072 456
free 16 -1 2440 456
free 47 -1 2752 456
alloc 2 517 1648 2216 456
free 9 -1 2592 456
free 36 -1 2696 456
alloc 3 160 3616 2520 456
free 38 -1 3024 456
alloc 29 107 1112 2864 456
free 8 -1 3224 456
alloc 39 404 4912 2800 456
free 26 -1 3056 456
free 33 -1 3240 456
free 44 -1 3736 456
alloc 43 354 3120 3360 456
alloc 14 518 9000 2824 456
free 37 -1 3384 456
free 0 -1 3784 456
alloc 15 194 864 3536 456
free 18 -1 3968 456
alloc 41 223 1392 3712 456
free 4 -1 4296 456
alloc 19 320 2184 3960 456
alloc 22 256 2520 3688 456
free 13 -1 3968 456
alloc 8 561 7688 3384 456
free 7 -1 3944 456
free 10 -1 4048 456
alloc 33 182 104 3848 456
alloc 44 116 304 3712 456
free 43 -1 4088 456
free 14 -1 4624 456
alloc 37 242 3120 4360 456
free 32 -1 4448 456
alloc 31 202 3384 4216 456
free 2 -1 4752 456
alloc 9 304 1648 4432 456
alloc 20 544 8272 3872 456
free 35 -1 4376 456
alloc 6 386 5336 3968 456
free 29 -1 4128 456
free 8 -1 4712 456
alloc 23 269 3792 4408 456
alloc 26 498 7184 3888 456
free 33 -1 4088 456
free 44 -1 4224 456
free 27 -1 4816 456
alloc 14 276 16 4520 456
free 37 -1 4784 456
alloc 0 217 312 4544 456
free 31 -1 4776 456
free 34 -1 5064 456
free 9 -1 5384 456
alloc 36 508 1648 4848 456
free 19 -1 5184 456
free 6 -1 5592 456
alloc 45 385 3120 5184 456
alloc 8 71 1112 5096 456
alloc 7 179 2184 4896 456
alloc 10 260 4624 4608 456
alloc 1 402 5336 4184 456
alloc 12 464 5968 3704 456
alloc 43 243 7704 3440 456
alloc 46 445 8832 2976 456
free 21 -1 3016 456
alloc 32 106 2384 2880 456
alloc 47 381 9296 2480 456
alloc 2 329 9696 2128 456
free 41 -1 2384 456
alloc 4 273 7968 2080 456
alloc 19 337 10048 1720 456
free 22 -1 1992 456
alloc 13 330 2520 1640 456
alloc 40 464 10408 1160 456
free 39 -1 1584 456
free 10 -1 1872 456
alloc 33 567 4624 1288 456
alloc 44 33 1200 1216 456
alloc 27 329 10888 840 456
free 30 -1 960 456
alloc 21 294 1272 648 456
alloc 16 508 -1 648 456
free 15 -1 896 456
alloc 34 50 824 824 456
alloc 9 345 -1 824 456
free 20 -1 1384 456
free 19 -1 1744 456
alloc 6 295 8272 1432 456
free 45 -1 1840 456
free 40 -1 2320 456
free 7 -1 2520 456
free 26 -1 3040 456
free 33 -1 3624 456
free 28 -1 3872 456
free 11 -1 4000 456
free 46 -1 4464 456
alloc 5 452 2872 3992 456
free 0 -1 4232 456
free 47 -1 4632 456
free 34 -1 4704 456
alloc 25 313 4624 4368 456
free 4 -1 4672 456
alloc 19 487 7184 4152 456
alloc 22 291 4960 3840 456
alloc 45 210 312 3608 456
alloc 24 561 8584 3024 456
free 23 -1 3328 456
alloc 10 281 3792 3024 456
free 1 -1 3448 456
free 12 -1 3928 456
free 43 -1 4192 456
alloc 30 341 5272 3832 456
alloc 37 217 824 3592 456
free 32 -1 3728 456
alloc 31 129 2184 3576 456
alloc 34 168 2336 3392 456
alloc 9 15 544 3344 456
alloc 4 590 5632 2736 456
alloc 35 447 7704 2272 456
free 22 -1 2584 456
free 45 -1 2816 456
alloc 40 301 6240 2496 456
alloc 39 473 9168 1968 456
free 10 -1 2272 456
alloc 1 86 312 2168 456
alloc 12 404 10048 1744 456
alloc 11 69 416 1656 456
free 30 -1 2016 456
free 37 -1 2256 456
alloc 16 305 4960 1928 456
alloc 47 241 824 1640 456
free 34 -1 1824 456
free 25 -1 2160 456
free 4 -1 2768 456
free 35 -1 3232 456
alloc 38 382 5288 2832 456
alloc 45 240 3344 2560 456
free 40 -1 2880 456
free 39 -1 3408 456
alloc 26 124 2336 3264 456
free 17 -1 3496 456
free 12 -1 3920 456
free 27 -1 4296 456
alloc 30 131 592 4144 456
free 21 -1 4456 456
alloc 0 227 1272 4208 456
free 31 -1 4360 456
free 2 -1 4712 456
alloc 41 599 5688 4096 456
alloc 4 140 3792 3936 456
alloc 35 301 4624 3600 456
alloc 22 576 9168 3008 456
free 13 -1 3360 456
free 8 -1 3448 456
alloc 39 215 2480 3216 456
alloc 42 464 7704 2736 456
alloc 17 209 6304 2504 456
alloc 12 394 9760 2088 456
alloc 27 552 10176 1520 456
free 14 -1 1816 456
free 5 -1 2288 456
free 16 -1 2616 456
alloc 31 442 2712 2152 456
alloc 18 120 16 2016 456
free 9 -1 2064 456
free 36 -1 2600 456
free 35 -1 2936 456
free 38 -1 3336 456
alloc 29 297 1520 3016 456
alloc 40 586 4624 2408 456
free 39 -1 2640 456
free 42 -1 3120 456
free 17 -1 3352 456
free 12 -1 3768 456
free 11 -1 3856 456
alloc 14 444 1840 3360 456
alloc 37 333 5232 3008 456
alloc 32 587 -1 3008 456
alloc 15 16 152 2976 456
free 18 -1 3112 456
alloc 9 83 16 2976 456
alloc 36 524 7704 2408 456
free 19 -1 2928 456
free 22 -1 3520 456
alloc 13 23 184 3480 456
alloc 8 215 2480 3248 456
alloc 39 581 9168 2648 456
alloc 10 556 -1 2648 456
alloc 17 15 224 2616 456
alloc 12 64 416 2536 456
alloc 11 1 256 2480 456
alloc 46 333 6304 2128 456
alloc 5 286 7184 1824 456
alloc 32 458 10744 1344 456
free 15 -1 1376 456
alloc 18 382 9768 968 456
free 41 -1 1584 456
free 36 -1 2152 456
alloc 19 305 5584 1824 456
alloc 38 450 7488 1352 456
free 29 -1 1672 456
free 24 -1 2256 456
free 39 -1 2856 456
free 26 -1 3000 456
free 1 -1 3104 456
alloc 28 596 8584 2488 456
free 11 -1 2544 456
free 30 -1 2696 456
alloc 21 582 -1 2696 456
alloc 16 476 9200 2200 456
free 47 -1 2488 456
alloc 2 456 496 2016 456
alloc 41 67 256 1928 456
alloc 36 442 -1 1928 456
free 19 -1 2256 456
alloc 22 420 5584 1816 456
free 13 -1 1856 456
alloc 24 130 968 1704 456
alloc 39 323 -1 1704 456
alloc 26 63 1120 1624 456
alloc 33 402 -1 1624 456
free 28 -1 2240 456
alloc 11 199 1520 2024 456
alloc 30 366 8584 1640 456
alloc 21 17 152 1568 456
free 0 -1 1816 456
alloc 15 457 -1 1816 456
free 2 -1 2288 456
alloc 25 105 496 2160 456
free 4 -1 2320 456
alloc 35 436 -1 2320 456
free 38 -1 2792 456
alloc 29 293 624 2448 456
free 8 -1 2680 456
alloc 7 388 7488 2272 456
alloc 42 499 -1 2272 456
free 17 -1 2304 456
free 44 -1 2376 456
alloc 43 332 2336 2000 456
free 46 -1 2352 456
free 5 -1 2656 456
alloc 0 101 1200 2536 456
alloc 15 548 6024 1968 456
free 18 -1 2376 456
free 25 -1 2504 456
alloc 4 326 7896 2128 456
alloc 19 18 344 2056 456
free 22 -1 2496 456
free 29 -1 2840 456
alloc 8 299 496 2520 456
alloc 39 145 1320 2320 456
free 26 -1 2400 456
alloc 1 590 -1 2400 456
alloc 28 457 9696 1920 456
free 11 -1 2136 456
alloc 46 273 1520 1816 456
alloc 5 90 816 1704 456
free 32 -1 2184 456
free 15 -1 2752 456
alloc 18 274 3792 2448 456
free 9 -1 2584 456
alloc 36 183 5584 2384 456
alloc 35 346 5784 2016 456
free 6 -1 2328 456
alloc 13 334 6152 1976 456
free 24 -1 2128 456
free 39 -1 2328 456
alloc 10 527 -1 2328 456
alloc 17 310 10744 2000 456
free 12 -1 2080 456
free 43 -1 2456 456
free 30 -1 2840 456
free 37 -1 3192 456
free 0 -1 3312 456
alloc 15 370 928 2920 456
alloc 34 462 8272 2440 456
alloc 25 306 2336 2112 456
alloc 20 1 16 2088 456
free 19 -1 2160 456
alloc 38 53 40 2088 456
free 13 -1 2440 456
free 40 -1 3048 456
alloc 23 74 344 2952 456
alloc 42 328 4624 2608 456
alloc 1 428 4968 2160 456
alloc 12 346 6152 1792 456
free 27 -1 2360 456
free 46 -1 2680 456
free 21 -1 2752 456
free 16 -1 3248 456
free 15 -1 3640 456
free 18 -1 3944 456
alloc 9 136 928 3792 456
free 4 -1 4168 456
free 3 -1 4344 456
alloc 6 122 112 4200 456
free 45 -1 4472 456
alloc 40 210 1080 4240 456
free 23 -1 4336 456
free 42 -1 4680 456
free 17 -1 5008 456
free 28 -1 5488 456
alloc 27 451 1312 5016 456
alloc 30 449 3176 4544 456
alloc 37 525 8752 4000 456
alloc 0 249 3648 3728 456
alloc 47 386 9296 3320 456
free 34 -1 3800 456
free 25 -1 4128 456
free 36 -1 4328 456
alloc 19 566 7896 3744 456
free 38 -1 3816 456
alloc 45 281 2336 3512 456
free 8 -1 3832 456
free 7 -1 4240 456
alloc 42 462 7184 3760 456
alloc 33 116 344 3624 456
free 12 -1 3992 456
free 27 -1 4464 456
free 14 -1 4960 456
free 5 -1 5072 456
free 0 -1 5344 456
free 47 -1 5752 456
alloc 18 222 480 5512 456
free 9 -1 5664 456
free 20 -1 5688 456
alloc 3 172 720 5496 456
free 6 -1 5640 456
alloc 29 303 1312 5320 456
free 40 -1 5552 456
alloc 23 403 1632 5128 456
alloc 26 384 912 4728 456
free 33 -1 4864 456
alloc 28 420 3648 4416 456
alloc 27 553 9296 3840 456
alloc 14 482 6152 3336 456
free 37 -1 3880 456
alloc 16 44 16 3816 456
alloc 15 374 8480 3424 456
alloc 34 586 9872 2816 456
free 41 -1 2904 456
alloc 20 533 10480 2352 456
free 3 -1 2544 456
alloc 6 495 -1 2544 456
alloc 13 29 80 2496 456
alloc 24 298 128 2144 456
alloc 39 571 -1 2144 456
free 26 -1 2544 456
alloc 17 117 720 2408 456
alloc 12 14 856 2376 456
free 27 -1 2952 456
free 14 -1 3456 456
alloc 21 545 8872 2888 456
alloc 32 472 6152 2384 456
alloc 47 43 888 2320 456
free 34 -1 2928 456
alloc 25 9 952 2896 456
alloc 4 407 9440 2472 456
free 19 -1 3056 456
alloc 22 291 984 2728 456
free 45 -1 3032 456
alloc 8 396 2056 2616 456
alloc 7 444 7664 2152 456
free 42 -1 2632 456
free 17 -1 2768 456
alloc 44 335 5416 2400 456
alloc 27 335 7184 2048 456
alloc 46 578 9864 1432 456
free 21 -1 2000 456
alloc 0 149 2472 1832 456
free 15 -1 2224 456
alloc 34 312 4624 1880 456
free 25 -1 1912 456
free 20 -1 2464 456
alloc 3 181 8128 2264 456
alloc 6 53 720 2192 456
free 13 -1 2240 456
free 24 -1 2592 456
alloc 39 321 80 2248 456
alloc 26 557 8328 1672 456
alloc 17 67 7536 1584 456
free 12 -1 1616 456
alloc 43 223 8904 1376 456
alloc 14 135 9144 1224 456
alloc 5 418 10480 784 456
free 32 -1 1288 456
free 31 -1 1752 456
alloc 2 333 2640 1400 456
alloc 41 204 6152 1176 456
alloc 36 367 -1 1176 456
alloc 19 589 -1 1176 456
alloc 38 198 6376 960 456
alloc 45 504 -1 960 456
alloc 24 559 -1 960 456
free 7 -1 1424 456
alloc 42 241 7624 1160 456
alloc 33 315 10920 816 456
free 28 -1 1264 456
free 43 -1 1504 456
free 14 -1 1656 456
free 5 -1 2096 456
free 16 -1 2160 456
alloc 15 218 3648 1920 456
free 34 -1 2264 456
free 41 -1 2488 456
alloc 36 462 8904 2008 456
free 35 -1 2376 456
free 22 -1 2704 456
alloc 13 153 952 2528 456
free 8 -1 2944 456
free 23 -1 3368 456
free 26 -1 3944 456
free 1 -1 4392 456
free 44 -1 4760 456
alloc 11 243 1632 4496 456
alloc 14 525 1896 3920 456
alloc 5 24 16 3856 456
free 0 -1 4024 456
alloc 31 506 4624 3496 456
free 2 -1 3848 456
alloc 9 232 2472 3600 456
alloc 20 280 2720 3304 456
free 3 -1 3504 456
free 6 -1 3576 456
alloc 45 230 5152 3328 456
alloc 8 600 5400 2712 456
free 39 -1 3056 456
alloc 10 469 7888 2568 456
free 17 -1 2656 456
alloc 12 537 -1 2656 456
free 11 -1 2920 456
free 30 -1 3392 456
free 5 -1 3456 456
alloc 16 54 16 3384 456
free 31 -1 3912 456
alloc 2 274 88 3616 456
free 9 -1 3864 456
free 20 -1 4160 456
alloc 35 171 1632 3968 456
free 38 -1 4184 456
free 13 -1 4360 456
free 8 -1 4976 456
alloc 7 155 952 4800 456
alloc 26 217 2472 4560 456
alloc 17 191 2712 4352 456
alloc 44 194 2920 4136 456
free 27 -1 4488 456
alloc 30 264 3136 4208 456
alloc 37 80 384 4112 456
alloc 32 426 4624 3664 456
free 47 -1 3728 456
free 18 -1 3968 456
alloc 25 459 5400 3488 456
free 4 -1 3912 456
free 35 -1 4104 456
alloc 38 218 480 3864 456
free 29 -1 4184 456
alloc 40 456 1128 3712 456
alloc 39 560 5880 3136 456
free 10 -1 3624 456
alloc 1 61 720 3544 456
alloc 28 276 1600 3248 456
alloc 11 236 7184 2992 456
free 30 -1 3272 456
alloc 21 318 3136 2936 456
alloc 0 295 7888 2624 456
alloc 47 216 8200 2392 456
alloc 34 514 -1 2392 456
free 25 -1 2872 456
free 36 -1 3352 456
alloc 19 44 800 3288 456
alloc 6 559 8432 2712 456
free 45 -1 2960 456
alloc 8 125 3472 2784 456
alloc 23 270 5072 2496 456
free 26 -1 2736 456
free 1 -1 2816 456
alloc 12 222 2472 2576 456
alloc 27 516 9008 2040 456
free 46 -1 2656 456
free 37 -1 2752 456
free 32 -1 3200 456
free 15 -1 3440 456
alloc 34 177 3648 3240 456
alloc 41 302 4624 2920 456
alloc 4 175 3848 2728 456
alloc 3 578 9544 2128 456
free 38 -1 2368 456
alloc 45 522 10144 1824 456
alloc 24 369 384 1408 456
free 39 -1 1984 456
free 42 -1 2248 456
free 17 -1 2456 456
free 12 -1 2696 456
free 11 -1 2952 456
free 14 -1 3528 456
alloc 5 495 1896 3016 456
free 0 -1 3328 456
alloc 15 340 2408 2968 456
free 34 -1 3168 456
alloc 9 319 5360 2832 456
alloc 36 328 5696 2488 456
free 3 -1 3088 456
free 6 -1 3664 456
alloc 29 568 6040 3048 456
free 8 -1 3224 456
alloc 39 401 7184 2800 456
alloc 26 157 3472 2624 456
free 33 -1 2968 456
free 44 -1 3184 456
free 27 -1 3720 456
alloc 14 311 2768 3392 456
free 5 -1 3904 456
alloc 32 302 1896 3584 456
free 15 -1 3944 456
free 2 -1 4240 456
free 41 -1 4560 456
free 4 -1 4752 456
free 19 -1 4816 456
alloc 22 201 88 4592 456
free 45 -1 5136 456
free 24 -1 5552 456
free 23 -1 5840 456
free 26 -1 6016 456
alloc 1 321 312 5672 456
alloc 44 117 656 5536 456
alloc 43 426 2216 5088 456
alloc 30 467 3472 4600 456
alloc 5 373 4624 4208 456
free 16 -1 4280 456
alloc 31 135 792 4120 456
alloc 18 537 7608 3528 456
alloc 25 506 8432 3000 456
alloc 20 545 8960 2432 456
alloc 19 40 16 2360 456
alloc 38 213 5016 2128 456
alloc 45 139 9528 1968 456
alloc 8 449 9688 1496 456
alloc 23 186 10160 1288 456
alloc 26 499 10368 768 456
free 1 -1 1112 456
free 28 -1 1408 456
free 43 -1 1856 456
free 14 -1 2184 456
alloc 37 178 312 1984 456
free 32 -1 2304 456
free 47 -1 2536 456
alloc 34 325 1600 2192 456
free 9 -1 2528 456
free 36 -1 2872 456
alloc 3 542 1944 2312 456
free 22 -1 2536 456
alloc 13 204 88 2312 456
free 40 -1 2784 456
free 23 -1 2992 456
free 26 -1 3512 456
alloc 17 28 512 3464 456
alloc 28 198 1128 3248 456
alloc 27 123 1344 3104 456
alloc 46 422 2504 2664 456
free 21 -1 3000 456
alloc 0 257 2944 2720 456
alloc 47 394 5248 2304 456
free 18 -1 2896 456
alloc 9 323 5664 2520 456
free 20 -1 3088 456
free 19 -1 3160 456
alloc 6 209 3224 2912 456
free 45 -1 3072 456
alloc 40 457 7608 2592 456
free 39 -1 3016 456
alloc 10 172 7184 2824 456
alloc 33 580 8960 2224 456
free 44 -1 2360 456
free 27 -1 2504 456
free 46 -1 2944 456
alloc 21 451 10160 2472 456
alloc 32 434 10632 2016 456
free 47 -1 2432 456
free 34 -1 2776 456
alloc 41 208 560 2544 456
alloc 20 254 1344 2272 456
alloc 19 161 1616 2088 456
free 6 -1 2336 456
free 29 -1 2952 456
alloc 24 467 6040 2464 456
alloc 23 179 2504 2264 456
alloc 26 360 5248 1888 456
free 33 -1 2488 456
alloc 12 79 1800 2392 456
alloc 27 57 2704 2312 456
alloc 46 476 8960 1816 456
free 37 -1 2016 456
alloc 16 52 16 1944 456
free 31 -1 2104 456
alloc 34 170 312 1904 456
free 9 -1 2280 456
alloc 4 368 5624 1864 456
alloc 35 393 -1 1864 456
alloc 6 511 -1 1864 456
alloc 29 114 792 1704 456
free 40 -1 2184 456
free 7 -1 2360 456
free 26 -1 2736 456
alloc 1 160 952 2560 456
alloc 44 568 7376 1976 456
free 27 -1 2056 456
alloc 14 137 2704 1896 456
alloc 37 70 3224 1808 456
free 16 -1 1880 456
alloc 15 57 2864 1800 456
free 34 -1 2000 456
free 25 -1 2528 456
free 4 -1 2944 456
free 19 -1 3128 456
alloc 6 510 5248 2600 456
alloc 45 74 312 2504 456
free 8 -1 2976 456
free 23 -1 3176 456
free 10 -1 3368 456
free 1 -1 3544 456
free 44 -1 4128 456
alloc 11 178 2504 3928 456
free 14 -1 4088 456
free 5 -1 4480 456
free 32 -1 4936 456
alloc 31 529 7184 4384 456
alloc 2 278 4624 4088 456
free 41 -1 4320 456
free 20 -1 4592 456
alloc 19 186 560 4360 456
free 6 -1 4888 456
free 13 -1 5112 456
alloc 8 555 5248 4536 456
alloc 23 244 16 4240 456
alloc 42 18 408 4200 456
alloc 1 510 7736 3672 456
free 12 -1 3768 456
alloc 43 407 1344 3344 456
free 30 -1 3832 456
free 37 -1 3920 456
alloc 32 166 3224 3736 456
free 31 -1 4288 456
alloc 34 159 952 4112 456
alloc 41 244 3408 3848 456
alloc 36 63 1768 3768 456
free 19 -1 4000 456
free 38 -1 4232 456
free 45 -1 4328 456
alloc 40 388 3672 3904 456
alloc 7 42 312 3808 456
alloc 10 127 560 3664 456
free 1 -1 4192 456
alloc 44 557 7184 3616 456
free 11 -1 3816 456
alloc 30 571 7760 3224 456
alloc 5 405 8352 2800 456
alloc 16 376 9456 2408 456
alloc 47 44 448 2344 456
free 34 -1 2520 456
alloc 9 469 10632 2032 456
alloc 4 356 -1 2032 456
alloc 19 32 704 1984 456
alloc 38 349 -1 1984 456
alloc 45 547 -1 1984 456
free 8 -1 2560 456
alloc 39 183 2504 2360 456
free 42 -1 2400 456
alloc 1 284 4920 2096 456
free 44 -1 2672 456
alloc 27 160 952 2496 456
free 30 -1 3088 456
alloc 37 562 5224 2504 456
free 32 -1 2688 456
free 47 -1 2752 456
free 2 -1 3048 456
free 41 -1 3312 456
alloc 4 371 3224 2920 456
free 19 -1 2968 456
alloc 38 284 7184 2664 456
alloc 45 270 4624 2368 456
free 40 -1 2792 456
free 23 -1 3088 456
alloc 42 143 16 2928 456
free 17 -1 2976 456
alloc 12 17 176 2936 456
free 27 -1 3112 456
alloc 14 572 7488 2520 456
free 37 -1 3104 456
alloc 32 395 3616 2688 456
alloc 31 133 408 2536 456
alloc 34 92 952 2424 456
free 9 -1 2912 456
free 36 -1 2992 456
alloc 19 118 1768 2856 456
alloc 6 409 5224 2424 456
alloc 13 295 5656 2112 456
alloc 8 39 216 2056 456
free 39 -1 2256 456
free 42 -1 2416 456
alloc 33 540 10632 1856 456
free 12 -1 1896 456
alloc 27 574 -1 1896 456
free 14 -1 2488 456
free 21 -1 2960 456
free 0 -1 3240 456
free 31 -1 3392 456
alloc 18 302 2504 3072 456
alloc 25 251 2944 2792 456
alloc 20 190 7488 2584 456
alloc 35 206 7696 2360 456
alloc 22 413 7920 1928 456
free 45 -1 2224 456
alloc 40 504 9848 1704 456
alloc 23 331 -1 1704 456
free 10 -1 1848 456
free 1 -1 2152 456
alloc 44 113 16 2016 456
alloc 27 585 -1 2016 456
alloc 30 335 408 1632 456
free 5 -1 2056 456
alloc 0 399 4624 1640 456
alloc 47 472 8352 1152 456
free 34 -1 1264 456
alloc 41 267 -1 1264 456
alloc 36 554 -1 1264 456
free 3 -1 1824 456
free 38 -1 2128 456
alloc 45 263 1904 1848 456
free 40 -1 2368 456
free 7 -1 2464 456
alloc 42 28 152 2400 456
alloc 1 200 2184 2184 456
free 28 -1 2400 456
alloc 27 140 952 2240 456
free 30 -1 2624 456
alloc 5 516 9848 2088 456
free 16 -1 2480 456
free 47 -1 2968 456
free 18 -1 3288 456
alloc 9 396 272 2872 456
free 4 -1 3264 456
free 35 -1 3488 456
alloc 38 592 8352 2880 456
free 13 -1 3192 456
free 24 -1 3680 456
alloc 39 150 1112 3512 456
alloc 26 86 688 3408 456
free 33 -1 3968 456
alloc 28 466 5656 3480 456
free 27 -1 3640 456
free 46 -1 4136 456
alloc 37 321 2400 3792 456
alloc 16 530 8960 3240 456
alloc 47 190 3224 3032 456
alloc 34 568 10384 2448 456
free 9 -1 2864 456
alloc 4 94 272 2752 456
alloc 35 551 -1 2752 456
free 22 -1 3184 456
free 29 -1 3344 456
alloc 24 368 6144 2960 456
free 39 -1 3128 456
alloc 10 264 384 2824 456
alloc 17 587 7696 2216 456
alloc 12 156 792 2040 456
alloc 27 578 -1 2040 456
alloc 14 399 -1 2040 456
free 5 -1 2576 456
free 16 -1 3128 456
free 15 -1 3208 456
free 34 -1 3792 456
free 25 -1 4072 456
alloc 36 503 8960 3552 456
alloc 3 136 968 3400 456
free 6 -1 3832 456
free 45 -1 4112 456
free 24 -1 4496 456
alloc 7 266 2744 4208 456
free 26 -1 4312 456
free 1 -1 4528 456
free 28 -1 5016 456
free 43 -1 5440 456
alloc 14 118 1120 5304 456
alloc 5 485 1256 4792 456
alloc 16 48 688 4728 456
free 47 -1 4936 456
alloc 34 126 1904 4792 456
alloc 25 386 3032 4384 456
free 36 -1 4904 456
free 3 -1 5056 456
alloc 22 120 968 4904 456
alloc 13 193 2048 4688 456
alloc 40 275 5040 4392 456
alloc 23 562 5336 3808 456
free 42 -1 3872 456
free 17 -1 4480 456
alloc 28 295 5920 4168 456
alloc 11 211 6232 3936 456
alloc 46 79 2264 3840 456
alloc 21 157 3440 3664 456
free 16 -1 3728 456
alloc 31 322 7696 3384 456
alloc 2 587 8960 2776 456
alloc 9 456 9568 2304 456
free 4 -1 2416 456
free 19 -1 2552 456
alloc 6 74 272 2440 456
alloc 29 433 10040 1984 456
alloc 24 365 10496 1600 456
alloc 39 122 6464 1456 456
free 10 -1 1760 456
alloc 17 596 -1 1760 456
free 44 -1 1896 456
alloc 43 240 384 1640 456
alloc 30 65 16 1552 456
free 5 -1 2064 456
free 0 -1 2480 456
alloc 47 562 1256 1896 456
free 2 -1 2504 456
alloc 41 141 4624 2344 456
alloc 4 546 8960 1776 456
alloc 19 382 -1 1776 456
free 22 -1 1928 456
free 13 -1 2144 456
free 8 -1 2200 456
free 23 -1 2784 456
alloc 10 572 -1 2784 456
alloc 1 42 104 2720 456
free 12 -1 2896 456
alloc 27 246 640 2632 456
free 14 -1 2768 456
free 37 -1 3112 456
alloc 16 181 904 2912 456
alloc 15 523 5336 2368 456
alloc 18 502 -1 2368 456
free 25 -1 2776 456
free 4 -1 3344 456
alloc 35 110 1104 3192 456
free 38 -1 3800 456
free 29 -1 4256 456
alloc 8 286 2360 3952 456
free 7 -1 4240 456
alloc 42 213 2664 4008 456
alloc 33 399 2896 3592 456
alloc 12 551 8040 3024 456
free 11 -1 3256 456
alloc 14 346 8608 2888 456
alloc 37 379 8976 2488 456
free 32 -1 2904 456
free 31 -1 3248 456
alloc 18 101 2048 3128 456
alloc 25 518 -1 3128 456
alloc 36 386 3616 2720 456
alloc 3 223 4784 2464 456
free 6 -1 2576 456
alloc 45 487 -1 2576 456
free 40 -1 2872 456
alloc 7 49 168 2800 456
alloc 26 255 5040 2504 456
free 33 -1 2920 456
free 12 -1 3488 456
free 43 -1 3744 456
free 46 -1 3840 456
alloc 5 20 240 3800 456
alloc 0 62 280 3720 456
free 47 -1 4304 456
alloc 2 335 1256 3952 456
free 41 -1 4112 456
free 20 -1 4320 456
free 3 -1 4576 456
alloc 22 331 2896 4224 456
alloc 29 493 7184 3712 456
free 8 -1 4016 456
free 39 -1 4160 456
free 26 -1 4456 456
alloc 17 472 2168 3960 456
alloc 12 509 4624 3432 456
alloc 11 146 360 3264 456
alloc 46 10 528 3232 456
free 37 -1 3632 456
free 0 -1 3712 456
alloc 31 561 7696 3128 456
free 18 -1 3248 456
alloc 25 236 1608 2992 456
free 36 -1 3400 456
alloc 3 269 3616 3112 456
alloc 38 39 280 3032 456
alloc 45 493 8976 2520 456
alloc 40 165 3248 2328 456
alloc 39 161 3904 2136 456
free 42 -1 2368 456
free 1 -1 2432 456
free 12 -1 2960 456
free 27 -1 3224 456
free 14 -1 3592 456
free 5 -1 3632 456
alloc 32 382 4624 3232 456
alloc 47 449 8280 2760 456
free 34 -1 2904 456
free 9 -1 3376 456
alloc 4 557 9488 2800 456
free 35 -1 2952 456
alloc 6 564 -1 2952 456
free 45 -1 3464 456
free 24 -1 3848 456
alloc 23 231 560 3600 456
alloc 26 364 6232 3216 456
free 17 -1 3712 456
alloc 12 147 1864 3544 456
free 11 -1 3712 456
free 46 -1 3744 456
free 21 -1 3920 456
free 16 -1 4120 456
free 31 -1 4704 456
free 2 -1 5056 456
free 25 -1 5312 456
alloc 20 161 360 5112 456
alloc 35 445 808 4648 456
alloc 6 395 1272 4232 456
alloc 13 521 2032 3688 456
alloc 24 382 7696 3288 456
free 23 -1 3536 456
alloc 10 22 104 3472 456
alloc 17 481 8752 2968 456
free 28 -1 3280 456
alloc 11 595 10064 2664 456
free 30 -1 2752 456
alloc 5 344 10680 2392 456
free 32 -1 2792 456
free 47 -1 3264 456
alloc 34 205 560 3016 456
alloc 41 586 4624 2408 456
alloc 36 509 8096 1880 456
free 3 -1 2168 456
free 6 -1 2584 456
alloc 45 94 1272 2472 456
free 24 -1 2872 456
free 7 -1 2944 456
free 10 -1 3008 456
alloc 1 247 16 2744 456
alloc 28 438 1384 2264 456
alloc 43 48 2576 2200 456
alloc 46 550 -1 2200 456
free 5 -1 2560 456
alloc 32 267 3440 2272 456
alloc 47 290 5880 1960 456
alloc 2 434 10680 1504 456
alloc 9 275 7696 1208 456
free 36 -1 1736 456
alloc 19 550 7992 1168 456
alloc 6 9 2640 1136 456
free 13 -1 1680 456
free 40 -1 1872 456
alloc 7 107 2032 1744 456
alloc 10 292 2160 1432 456
free 1 -1 1696 456
free 28 -1 2176 456
free 11 -1 2792 456
alloc 46 317 1384 2456 456
alloc 37 144 16 2296 456
alloc 16 197 2672 2072 456
free 47 -1 2384 456
alloc 18 182 5880 2184 456
alloc 25 67 176 2080 456
alloc 36 227 10064 1832 456
free 35 -1 2296 456
free 22 -1 2648 456
free 29 -1 3160 456
alloc 24 243 808 2896 456
free 7 -1 3024 456
alloc 42 301 2896 2704 456
alloc 33 215 7184 2472 456
alloc 28 220 7416 2232 456
alloc 11 580 -1 2232 456
alloc 14 586 -1 2232 456
alloc 21 326 10312 1864 456
free 32 -1 2152 456
free 15 -1 2696 456
free 34 -1 2944 456
free 9 -1 3240 456
free 4 -1 3816 456
alloc 3 111 560 3688 456
free 38 -1 3768 456
alloc 13 317 3216 3432 456
alloc 8 485 5232 2928 456
alloc 23 214 3552 2696 456
free 42 -1 3016 456
free 33 -1 3248 456
free 12 -1 3416 456
alloc 11 447 9256 2952 456
alloc 30 310 1720 2624 456
alloc 5 220 2896 2384 456
free 16 -1 2608 456
alloc 47 395 -1 2608 456
free 18 -1 2808 456
free 25 -1 2912 456
free 36 -1 3160 456
free 3 -1 3288 456
alloc 22 123 176 3144 456
alloc 29 165 560 2960 456
free 24 -1 3224 456
free 39 -1 3416 456
free 10 -1 3728 456
free 17 -1 4232 456
alloc 44 279 744 3936 456
free 11 -1 4400 456
free 46 -1 4736 456
free 21 -1 5104 456
alloc 0 573 8560 4512 456
alloc 31 505 2048 3984 456
free 2 -1 4440 456
alloc 9 519 9152 3904 456
alloc 4 78 1040 3808 456
alloc 3 557 9688 3232 456
alloc 38 551 10264 2664 456
free 45 -1 2776 456
free 8 -1 3280 456
alloc 7 95 1136 3168 456
alloc 42 570 5232 2576 456
alloc 17 219 1248 2336 456
free 44 -1 2632 456
alloc 11 277 744 2336 456
free 30 -1 2664 456
free 37 -1 2824 456
alloc 16 41 16 2760 456
free 31 -1 3288 456
alloc 18 26 80 3240 456
alloc 25 199 1488 3024 456
free 4 -1 3120 456
alloc 35 434 1704 2664 456
free 22 -1 2808 456
free 29 -1 2992 456
alloc 8 538 -1 2992 456
alloc 39 524 -1 2992 456
free 26 -1 3376 456
alloc 33 347 2160 3008 456
alloc 44 581 5824 2408 456
alloc 27 149 128 2240 456
alloc 14 302 7656 1904 456
free 5 -1 2144 456
free 0 -1 2736 456
alloc 47 28 296 2672 456
alloc 2 300 2672 2352 456
free 9 -1 2888 456
alloc 4 484 8560 2384 456
free 35 -1 2840 456
free 38 -1 3408 456
alloc 45 91 560 3296 456
alloc 8 241 1704 3032 456
free 7 -1 3144 456
alloc 10 142 1040 2984 456
alloc 1 116 1968 2848 456
free 28 -1 3088 456
free 11 -1 3384 456
alloc 46 263 672 3104 456
alloc 37 474 9064 2608 456
alloc 32 332 7184 2256 456
alloc 15 357 10264 1880 456
free 2 -1 2200 456
free 25 -1 2416 456
free 20 -1 2616 456
alloc 35 472 2672 2128 456
alloc 22 143 360 1968 456
alloc 29 113 1488 1832 456
free 8 -1 2096 456
alloc 39 122 1624 1952 456
free 42 -1 2544 456
free 1 -1 2680 456
alloc 28 526 5232 2136 456
free 27 -1 2304 456
alloc 30 561 10640 1720 456
free 37 -1 2216 456
alloc 0 393 9064 1800 456
free 15 -1 2176 456
alloc 34 500 -1 2176 456
free 41 -1 2784 456
alloc 36 596 -1 2784 456
free 35 -1 3272 456
free 22 -1 3432 456
free 45 -1 3544 456
alloc 8 447 2672 3080 456
alloc 7 419 4624 2640 456
alloc 42 446 -1 2640 456
free 33 -1 3008 456
alloc 12 368 1768 2624 456
alloc 11 265 360 2312 456
free 46 -1 2592 456
alloc 21 315 672 2224 456
free 16 -1 2288 456
alloc 15 275 2152 1992 456
alloc 34 371 -1 1992 456
alloc 9 510 -1 1992 456
alloc 36 171 3784 1800 456
free 3 -1 2376 456
free 6 -1 2408 456
alloc 45 212 6424 2176 456
alloc 40 208 9480 1952 456
free 7 -1 2392 456
alloc 42 413 4624 1960 456
free 17 -1 2200 456
free 44 -1 2800 456
free 11 -1 3112 456
free 14 -1 3448 456
alloc 37 251 360 3176 456
alloc 16 220 1200 2936 456
alloc 31 515 5776 2400 456
free 18 -1 2448 456
alloc 25 430 7536 1992 456
free 4 -1 2496 456
alloc 3 159 16 2320 456
alloc 22 412 8560 1888 456
free 45 -1 2120 456
free 40 -1 2344 456
free 23 -1 2576 456
free 42 -1 3008 456
alloc 33 210 3552 2776 456
alloc 44 304 4624 2456 456
free 43 -1 2520 456
alloc 46 379 9480 2120 456
free 37 -1 2392 456
free 16 -1 2632 456
free 15 -1 2928 456
alloc 18 84 192 2824 456
free 25 -1 3280 456
alloc 4 583 9880 2680 456
free 3 -1 2856 456
alloc 6 110 16 2728 456
free 29 -1 2864 456
alloc 24 473 2152 2344 456
alloc 7 492 -1 2344 456
alloc 42 387 1200 1920 456
free 33 -1 2152 456
free 44 -1 2472 456
alloc 43 44 360 2408 456
alloc 14 144 424 2248 456
alloc 37 345 4624 1880 456
free 0 -1 2296 456
alloc 15 60 584 2208 456
alloc 2 350 7536 1840 456
alloc 41 433 8992 1352 456
alloc 20 19 144 1304 456
free 19 -1 1872 456
free 6 -1 2000 456
free 13 -1 2336 456
alloc 40 381 3136 1936 456
alloc 7 479 7904 1440 456
free 10 -1 1600 456
alloc 1 86 16 1472 456
free 12 -1 1856 456
alloc 27 570 -1 1856 456
free 14 -1 2016 456
free 37 -1 2384 456
alloc 16 129 424 2224 456
free 15 -1 2312 456
free 2 -1 2680 456
alloc 9 466 4624 2192 456
free 20 -1 2240 456
alloc 35 314 1768 1904 456
alloc 38 366 -1 1904 456
alloc 45 144 1040 1744 456
free 8 -1 2208 456
free 39 -1 2352 456
alloc 26 108 1624 2208 456
free 1 -1 2336 456
free 28 -1 2880 456
free 43 -1 2944 456
alloc 14 150 16 2768 456
alloc 5 365 2672 2384 456
alloc 0 291 5112 2072 456
free 31 -1 2608 456
free 18 -1 2712 456
free 9 -1 3200 456
free 4 -1 3800 456
alloc 3 403 4624 3376 456
alloc 6 163 3536 3192 456
free 45 -1 3352 456
alloc 8 41 192 3288 456
alloc 23 218 5424 3048 456
free 42 -1 3472 456
alloc 17 249 1040 3200 456
alloc 44 308 5664 2872 456
alloc 27 152 1312 2704 456
free 46 -1 3104 456
alloc 37 130 5992 2952 456
free 0 -1 3264 456
alloc 15 533 9480 2712 456
alloc 34 397 6144 2296 456
alloc 9 496 10032 1784 456
free 36 -1 1976 456
free 3 -1 2400 456
alloc 38 476 4624 1904 456
alloc 29 121 1480 1760 456
free 40 -1 2160 456
free 23 -1 2400 456
alloc 10 301 3056 2080 456
free 17 -1 2352 456
free 44 -1 2680 456
alloc 11 62 584 2592 456
free 14 -1 2768 456
free 21 -1 3136 456
free 16 -1 3296 456
alloc 31 501 672 2776 456
alloc 18 567 5120 2192 456
free 9 -1 2704 456
alloc 36 108 16 2576 456
alloc 19 302 3720 2256 456
free 38 -1 2752 456
free 29 -1 2896 456
free 24 -1 3416 456
alloc 23 96 360 3304 456
alloc 42 558 10032 2696 456
alloc 33 380 2104 2296 456
alloc 28 101 1192 2176 456
free 11 -1 2264 456
alloc 46 293 4624 1952 456
free 37 -1 2104 456
free 32 -1 2456 456
free 31 -1 2976 456
free 18 -1 3560 456
alloc 25 555 472 2984 456
alloc 4 161 4936 2800 456
alloc 3 388 5120 2392 456
alloc 38 218 5528 2152 456
alloc 13 2 144 2104 456
free 8 -1 2168 456
free 7 -1 2664 456
free 26 -1 2808 456
alloc 1 453 7184 2336 456
alloc 44 337 5768 1960 456
free 27 -1 2128 456
free 46 -1 2440 456
free 5 -1 2824 456
alloc 32 313 1312 2488 456
free 15 -1 3040 456
alloc 2 152 2504 2872 456
free 41 -1 3360 456
alloc 20 541 7656 2800 456
free 19 -1 3120 456
free 38 -1 3360 456
alloc 29 2 192 3336 456
alloc 24 218 2672 3096 456
free 23 -1 3208 456
free 10 -1 3528 456
free 1 -1 4000 456
free 44 -1 4376 456
alloc 27 156 2912 4200 456
free 30 -1 4784 456
alloc 21 177 3088 4584 456
alloc 0 470 5528 4096 456
alloc 15 425 7184 3624 456
alloc 18 388 8992 3216 456
alloc 9 92 360 3104 456
free 36 -1 3232 456
free 35 -1 3568 456
free 6 -1 3752 456
alloc 45 274 1648 3456 456
alloc 8 548 3288 2888 456
alloc 39 486 9400 2384 456
alloc 26 470 10640 1896 456
free 33 -1 2296 456
alloc 12 261 1944 2016 456
alloc 43 260 2224 1736 456
alloc 14 576 -1 1736 456
alloc 37 113 1048 1592 456
free 0 -1 2080 456
alloc 31 489 5528 1568 456
free 18 -1 1976 456
free 9 -1 2088 456
free 20 -1 2648 456
alloc 19 290 4624 2336 456
alloc 6 325 7656 1992 456
free 45 -1 2288 456
free 24 -1 2528 456
alloc 23 228 1648 2280 456
free 26 -1 2768 456
alloc 17 547 10640 2200 456
alloc 44 574 -1 2200 456
alloc 11 61 16 2120 456
alloc 30 292 8000 1808 456
alloc 5 162 2672 1624 456
alloc 16 313 8992 1288 456
free 15 -1 1760 456
free 34 -1 2176 456
alloc 41 116 3856 2040 456
alloc 36 239 6040 1784 456
free 3 -1 2192 456
free 22 -1 2624 456
free 29 -1 2648 456
alloc 40 556 8312 2072 456
free 23 -1 2320 456
alloc 10 135 1648 2168 456
alloc 33 203 5120 1944 456
alloc 44 301 6296 1624 456
free 11 -1 1704 456
alloc 46 32 16 1656 456
free 21 -1 1856 456
free 32 -1 2192 456
alloc 15 138 1312 2032 456
alloc 18 441 7184 1560 456
free 25 -1 2136 456
alloc 20 561 360 1552 456
free 19 -1 1864 456
free 6 -1 2208 456
free 13 -1 2256 456
free 8 -1 2824 456
alloc 7 13 64 2792 456
free 10 -1 2944 456
alloc 1 252 1472 2672 456
free 28 -1 2792 456
alloc 11 91 96 2680 456
free 46 -1 2728 456
free 5 -1 2912 456
free 16 -1 3248 456
free 47 -1 3312 456
free 18 -1 3784 456
alloc 9 344 3088 3424 456
free 36 -1 3680 456
alloc 3 278 3448 3384 456
alloc 6 330 7184 3032 456
alloc 13 492 8888 2520 456
free 40 -1 3096 456
free 39 -1 3600 456
alloc 10 477 8312 3104 456
free 1 -1 3376 456
free 44 -1 3696 456
free 27 -1 3872 456
alloc 14 580 6040 3256 456
free 37 -1 3400 456
alloc 0 489 9400 2888 456
free 15 -1 3048 456
alloc 34 220 944 2808 456
alloc 25 72 208 2720 456
free 20 -1 3304 456
alloc 19 294 296 2992 456
alloc 38 451 1184 2520 456
alloc 29 380 2672 2104 456
alloc 40 209 608 1872 456
alloc 23 568 -1 1872 456
alloc 26 265 1656 1584 456
alloc 1 578 -1 1584 456
alloc 28 557 -1 1584 456
alloc 27 534 -1 1584 456
free 14 -1 2200 456
alloc 37 424 6040 1760 456
free 0 -1 2272 456
alloc 47 269 4624 1960 456
alloc 18 86 840 1856 456
free 41 -1 1992 456
alloc 20 430 7536 1528 456
free 3 -1 1824 456
alloc 22 365 3448 1440 456
free 13 -1 1952 456
free 40 -1 2184 456
alloc 23 411 8808 1752 456
free 10 -1 2248 456
free 17 -1 2816 456
alloc 44 385 8312 2408 456
free 11 -1 2520 456
free 30 -1 2832 456
alloc 21 278 8000 2520 456
alloc 32 233 3832 2256 456
free 31 -1 2768 456
free 18 -1 2872 456
free 9 -1 3232 456
alloc 36 82 96 3120 456
alloc 35 121 608 2976 456
free 6 -1 3328 456
free 29 -1 3744 456
alloc 8 549 2672 3176 456
free 7 -1 3208 456
free 42 -1 3816 456
alloc 1 544 5344 3256 456
free 44 -1 3664 456
alloc 27 108 752 3536 456
alloc 14 25 16 3456 456
free 21 -1 3768 456
alloc 0 246 7184 3504 456
free 47 -1 3816 456
alloc 18 580 8000 3216 456
alloc 41 22 880 3152 456
free 4 -1 3336 456
alloc 3 98 3240 3216 456
free 22 -1 3600 456
alloc 45 2 3360 3576 456
alloc 24 313 3384 3240 456
alloc 7 132 4624 3088 456
alloc 42 67 3720 2976 456
alloc 17 136 4776 2824 456
alloc 28 442 9240 2360 456
free 43 -1 2640 456
alloc 46 210 2224 2408 456
alloc 5 39 4928 2352 456
free 32 -1 2616 456
alloc 47 30 2456 2568 456
free 34 -1 2808 456
alloc 9 383 9704 2408 456
free 20 -1 2872 456
free 3 -1 2992 456
free 38 -1 3464 456
free 45 -1 3488 456
free 24 -1 3824 456
free 7 -1 3976 456
free 42 -1 4088 456
free 33 -1 4312 456
free 12 -1 4592 456
alloc 43 159 944 4416 456
free 14 -1 4496 456
free 5 -1 4552 456
alloc 16 233 1120 4296 456
alloc 31 100 1376 4176 456
alloc 34 231 1944 3896 456
free 25 -1 3984 456
alloc 4 245 3240 3720 456
alloc 3 384 3504 3320 456
alloc 22 9 16 3288 456
alloc 29 115 1496 3128 456
free 8 -1 3696 456
alloc 7 434 2672 3240 456
alloc 42 57 208 3152 456
free 17 -1 3304 456
alloc 44 157 3904 3112 456
free 27 -1 3240 456
alloc 14 398 4624 2824 456
alloc 21 210 5040 2592 456
free 0 -1 2856 456
free 47 -1 2904 456
free 18 -1 3504 456
alloc 25 74 752 3376 456
alloc 20 529 7184 2824 456
free 35 -1 2968 456
alloc 38 237 7736 2712 456
free 29 -1 2872 456
alloc 24 478 7992 2376 456
free 23 -1 2808 456
alloc 10 462 8488 2328 456
alloc 17 465 10104 1840 456
alloc 12 106 608 1696 456
free 43 -1 1872 456
free 14 -1 2288 456
free 37 -1 2728 456
alloc 32 76 944 2632 456
free 31 -1 2752 456
alloc 18 368 4624 2336 456
free 25 -1 2464 456
free 4 -1 2728 456
free 3 -1 3128 456
alloc 6 330 3128 2776 456
alloc 45 142 1376 2616 456
alloc 40 42 752 2552 456
free 7 -1 3008 456
free 10 -1 3488 456
free 17 -1 3976 456
free 28 -1 4440 456
alloc 43 576 5904 3848 456
alloc 14 284 2672 3544 456
free 21 -1 3776 456
free 16 -1 4032 456
alloc 15 200 1040 3816 456
free 2 -1 3984 456
free 41 -1 4048 456
free 20 -1 4600 456
free 19 -1 4912 456
free 22 -1 4944 456
alloc 13 383 3480 4520 456
free 40 -1 4584 456
alloc 39 149 296 4416 456
free 42 -1 4504 456
free 1 -1 5064 456
free 44 -1 5256 456
alloc 27 206 5040 5032 456
free 14 -1 5336 456
alloc 37 496 2456 4824 456
alloc 0 232 5264 4576 456
alloc 31 288 5512 4272 456
alloc 2 329 7184 3920 456
free 9 -1 4320 456
free 36 -1 4432 456
alloc 3 172 16 4240 456
alloc 22 397 8488 3824 456
free 45 -1 3984 456
free 24 -1 4480 456
alloc 23 219 1256 4240 456
free 26 -1 4528 456
alloc 33 175 752 4336 456
free 12 -1 4480 456
alloc 11 412 1496 4032 456
alloc 30 279 7992 3736 456
alloc 5 513 8904 3200 456
free 0 -1 3448 456
free 15 -1 3664 456
free 34 -1 3944 456
alloc 25 174 464 3752 456
alloc 4 376 9440 3360 456
free 3 -1 3552 456
free 22 -1 3968 456
alloc 45 567 8288 3352 456
alloc 40 279 9832 3056 456
free 39 -1 3224 456
alloc 42 364 16 2840 456
free 33 -1 3032 456
alloc 28 563 10128 2448 456
free 43 -1 3040 456
free 46 -1 3272 456
alloc 21 321 1944 2928 456
alloc 0 526 5816 2384 456
alloc 47 107 656 2256 456
free 18 -1 2672 456
free 25 -1 2864 456
alloc 36 97 400 2744 456
alloc 35 300 4624 2424 456
free 38 -1 2680 456
free 45 -1 3296 456
free 40 -1 3592 456
free 23 -1 3832 456
alloc 26 374 1040 3440 456
alloc 33 165 3904 3248 456
alloc 44 407 7536 2792 456
alloc 43 68 520 2704 456
alloc 14 96 784 2592 456
free 21 -1 2936 456
free 0 -1 3480 456
free 47 -1 3608 456
alloc 18 27 608 3560 456
alloc 25 372 1944 3168 456
free 36 -1 3288 456
free 35 -1 3608 456
alloc 38 255 4624 3336 456
alloc 45 133 2968 3176 456
alloc 24 96 400 3056 456
alloc 39 169 5264 2864 456
free 26 -1 3256 456
alloc 1 534 5816 2704 456
alloc 12 564 8288 2088 456
free 43 -1 2176 456
free 14 -1 2288 456
free 5 -1 2824 456
free 32 -1 2920 456
alloc 47 193 656 2704 456
free 2 -1 3056 456
free 25 -1 3448 456
alloc 20 498 872 2928 456
alloc 19 125 1944 2784 456
free 38 -1 3056 456
alloc 29 291 2088 2744 456
free 24 -1 2864 456
free 39 -1 3056 456
alloc 26 356 4624 2680 456
free 1 -1 3232 456
free 44 -1 3688 456
free 11 -1 4136 456
free 30 -1 4432 456
alloc 21 50 400 4360 456
alloc 32 109 472 4224 456
free 31 -1 4528 456
free 18 -1 4576 456
alloc 9 589 5264 3968 456
free 4 -1 4360 456
free 19 -1 4504 456
alloc 38 445 1392 4040 456
free 13 -1 4464 456
alloc 40 179 1856 4232 456
alloc 7 13 608 4184 456
alloc 10 270 3480 3896 456
alloc 17 145 5872 3728 456
free 28 -1 4312 456
alloc 43 317 6040 3976 456
alloc 14 101 3768 3840 456
free 37 -1 4352 456
free 32 -1 4488 456
alloc 31 106 472 4352 456
alloc 34 581 7184 3752 456
alloc 25 357 2400 3376 456
alloc 4 459 7784 2872 456
alloc 19 155 2776 2680 456
free 6 -1 3032 456
alloc 13 532 8904 2480 456
free 40 -1 2712 456
free 7 -1 2760 456
free 26 -1 3136 456
free 33 -1 3328 456
alloc 28 94 1856 3216 456
free 27 -1 3440 456
free 14 -1 3576 456
alloc 37 13 608 3528 456
alloc 16 382 4624 3128 456
alloc 15 80 1968 3008 456
free 34 -1 3608 456
alloc 41 509 7184 3080 456
free 4 -1 3584 456
alloc 3 489 7712 3072 456
free 38 -1 3536 456
free 29 -1 3848 456
alloc 8 511 9456 3320 456
alloc 39 269 1392 3032 456
free 42 -1 3416 456
alloc 1 178 16 3216 456
free 12 -1 3832 456
alloc 11 489 8224 3320 456
alloc 46 581 9984 2720 456
free 37 -1 2768 456
alloc 32 242 2088 2504 456
free 31 -1 2640 456
alloc 18 230 3128 2392 456
free 41 -1 2920 456
alloc 36 267 3768 2632 456
alloc 35 30 216 2584 456
alloc 22 341 7184 2224 456
free 13 -1 2776 456
alloc 40 416 8736 2344 456
alloc 23 379 10584 1944 456
alloc 26 104 264 1808 456
alloc 33 519 -1 1808 456
alloc 12 87 472 1704 456
alloc 27 65 1680 1616 456
alloc 30 383 -1 1616 456
alloc 37 507 -1 1616 456
alloc 0 55 576 1536 456
alloc 31 155 5024 1360 456
free 18 -1 1608 456
free 9 -1 2216 456
alloc 4 328 3128 1864 456
free 35 -1 1912 456
alloc 6 127 5200 1768 456
alloc 13 533 -1 1768 456
alloc 24 570 -1 1768 456
free 39 -1 2056 456
alloc 42 196 1392 1840 456
alloc 33 346 5344 1472 456
free 12 -1 1576 456
free 27 -1 1664 456
alloc 30 302 -1 1664 456
alloc 37 262 6376 1384 456
free 32 -1 1648 456
free 31 -1 1824 456
alloc 18 236 2088 1568 456
free 25 -1 1944 456
free 20 -1 2464 456
free 19 -1 2656 456
free 6 -1 2800 456
alloc 13 504 872 2280 456
free 8 -1 2808 456
alloc 7 236 2344 2552 456
free 10 -1 2840 456
free 17 -1 3008 456
alloc 12 557 9168 2432 456
free 43 -1 2768 456
alloc 14 80 472 2664 456
free 37 -1 2944 456
free 16 -1 3344 456
free 47 -1 3560 456
alloc 2 142 656 3400 456
alloc 41 17 216 3352 456
free 4 -1 3704 456
free 3 -1 4216 456
alloc 38 271 2600 3928 456
free 45 -1 4088 456
alloc 8 395 2888 3672 456
alloc 39 105 1608 3544 456
free 26 -1 3680 456
alloc 17 371 3304 3288 456
free 28 -1 3400 456
alloc 43 199 1736 3168 456
alloc 30 76 264 3072 456
alloc 37 444 4624 2608 456
alloc 16 321 5712 2264 456
alloc 31 132 5088 2112 456
free 2 -1 2272 456
free 41 -1 2320 456
alloc 20 378 6056 1920 456
alloc 19 581 7544 1320 456
free 38 -1 1608 456
free 13 -1 2128 456
alloc 24 15 216 2080 456
free 23 -1 2480 456
alloc 26 196 656 2264 456
free 1 -1 2464 456
alloc 28 432 872 2016 456
alloc 27 253 2600 1728 456
free 30 -1 1824 456
alloc 5 277 10584 1528 456
free 0 -1 1608 456
free 31 -1 1760 456
alloc 34 246 10880 1496 456
alloc 9 357 -1 1496 456
alloc 4 460 -1 1496 456
alloc 3 571 -1 1496 456
free 22 -1 1856 456
alloc 29 510 -1 1856 456
free 40 -1 2288 456
alloc 23 562 -1 2288 456
free 42 -1 2504 456
alloc 1 348 8736 2136 456
free 12 -1 2712 456
free 27 -1 3000 456
free 46 -1 3600 456
free 21 -1 3672 456
free 16 -1 4016 456
alloc 47 23 16 3976 456
free 34 -1 4240 456
alloc 25 477 9104 3744 456
free 36 -1 4032 456
alloc 3 214 1320 3800 456
alloc 38 276 3696 3504 456
alloc 13 92 56 3392 456
alloc 40 98 264 3272 456
free 7 -1 3528 456
alloc 42 199 2344 3312 456
free 17 -1 3704 456
free 28 -1 4152 456
alloc 27 427 872 3704 456
alloc 30 121 2560 3560 456
free 37 -1 4024 456
alloc 32 75 2704 3928 456
free 47 -1 3968 456
free 18 -1 4224 456
alloc 9 307 3304 3896 456
alloc 4 114 2088 3760 456
free 3 -1 3992 456
alloc 6 497 4624 3472 456
alloc 29 28 168 3424 456
free 24 -1 3472 456
alloc 7 443 9600 3008 456
free 26 -1 3224 456
free 33 -1 3592 456
alloc 44 202 576 3368 456
free 43 -1 3600 456
free 30 -1 3744 456
free 5 -1 4040 456
free 32 -1 4136 456
alloc 31 392 5144 3728 456
alloc 18 78 1320 3632 456
free 25 -1 4128 456
alloc 36 163 1416 3936 456
alloc 3 492 10064 3424 456
free 6 -1 3944 456
alloc 45 540 10576 3384 456
free 8 -1 3800 456
free 7 -1 4264 456
free 42 -1 4480 456
alloc 33 31 216 4432 456
alloc 28 540 2224 3872 456
free 11 -1 4384 456
alloc 30 175 1736 4192 456
alloc 5 201 2784 3968 456
alloc 16 348 4624 3600 456
free 31 -1 4008 456
free 18 -1 4104 456
alloc 41 219 3008 3864 456
free 20 -1 4264 456
alloc 35 153 4992 4088 456
alloc 6 135 5168 3936 456
free 45 -1 4496 456
alloc 24 410 5320 4064 456
free 39 -1 4192 456
alloc 42 212 5752 3960 456
alloc 17 453 5984 3488 456
free 28 -1 4048 456
free 27 -1 4496 456
alloc 46 219 800 4256 456
alloc 21 329 1040 3880 456
alloc 32 240 2224 3624 456
alloc 47 219 2480 3384 456
alloc 2 303 7184 3064 456
free 41 -1 3304 456
free 4 -1 3440 456
free 19 -1 4040 456
free 38 -1 4336 456
free 29 -1 4384 456
free 24 -1 4816 456
alloc 39 438 3632 4352 456
free 42 -1 4584 456
free 33 -1 4632 456
alloc 28 90 1608 4504 456
alloc 11 578 5320 3904 456
free 46 -1 4144 456
free 21 -1 4520 456
alloc 0 333 800 4168 456
alloc 31 1 16 4128 456
alloc 18 99 1152 4008 456
alloc 41 553 7504 3432 456
free 36 -1 3624 456
free 35 -1 3800 456
free 6 -1 3952 456
free 13 -1 4064 456
alloc 8 115 56 3928 456
alloc 23 324 8080 3584 456
alloc 26 501 9104 3064 456
free 17 -1 3536 456
free 44 -1 3760 456
free 11 -1 4360 456
free 30 -1 4552 456
alloc 21 127 576 4408 456
free 16 -1 4776 456
free 31 -1 4816 456
free 18 -1 4936 456
free 9 -1 5264 456
alloc 4 349 1152 4896 456
alloc 19 213 1736 4664 456
alloc 22 401 3008 4240 456
alloc 13 94 2088 4104 456
alloc 24 359 4624 3728 456
free 23 -1 4072 456
alloc 10 287 5000 3768 456
alloc 33 555 5304 3192 456
alloc 44 221 5880 2952 456
alloc 27 381 6120 2552 456
free 14 -1 2656 456
free 21 -1 2800 456
free 0 -1 3152 456
alloc 31 167 384 2968 456
alloc 18 193 568 2752 456
alloc 9 357 8080 2376 456
alloc 36 150 784 2208 456
free 19 -1 2440 456
free 22 -1 2864 456
alloc 29 230 3008 2616 456
free 8 -1 2752 456
free 39 -1 3216 456
free 26 -1 3736 456
free 33 -1 4312 456
free 44 -1 4552 456
alloc 11 323 3256 4208 456
alloc 30 322 3600 3864 456
alloc 37 338 5304 3504 456
free 32 -1 3760 456
free 31 -1 3944 456
free 2 -1 4264 456
alloc 25 157 16 4088 456
alloc 20 328 5664 3744 456
alloc 35 24 192 3672 456
alloc 6 162 384 3488 456
free 13 -1 3624 456
free 40 -1 3744 456
alloc 23 429 9104 3296 456
free 10 -1 3600 456
alloc 17 148 952 3400 456
alloc 12 353 2088 3008 456
free 11 -1 3352 456
alloc 46 550 10576 2784 456
alloc 21 368 9552 2400 456
alloc 32 299 3256 2056 456
free 15 -1 2176 456
alloc 2 162 1736 1992 456
free 25 -1 2168 456
free 20 -1 2512 456
alloc 19 174 5000 2320 456
alloc 22 46 16 2256 456
alloc 45 161 5664 2072 456
free 24 -1 2448 456
free 23 -1 2896 456
alloc 10 500 -1 2896 456
alloc 33 396 9104 2448 456
free 12 -1 2840 456
alloc 43 419 1920 2400 456
free 30 -1 2744 456
free 21 -1 3128 456
alloc 0 560 -1 3128 456
free 47 -1 3368 456
free 18 -1 3584 456
alloc 25 275 2360 3288 456
alloc 20 510 -1 3288 456
free 35 -1 3360 456
free 6 -1 3544 456
free 29 -1 3792 456
alloc 8 70 80 3704 456
alloc 39 272 168 3416 456
alloc 10 163 456 3232 456
free 17 -1 3432 456
alloc 44 537 -1 3432 456
alloc 11 364 3600 3048 456
free 46 -1 3616 456
alloc 21 502 10576 3096 456
alloc 16 396 9552 2680 456
alloc 31 363 -1 2680 456
free 2 -1 2864 456
free 25 -1 3160 456
free 4 -1 3528 456
alloc 35 433 952 3072 456
free 22 -1 3136 456
alloc 13 341 2360 2776 456
alloc 40 359 4624 2400 456
free 39 -1 2688 456
free 10 -1 2872 456
alloc 17 381 168 2472 456
alloc 12 422 -1 2472 456
free 43 -1 2912 456
alloc 30 110 568 2784 456
free 5 -1 3008 456
alloc 0 182 1408 2808 456
alloc 47 395 1736 2392 456
alloc 2 7 16 2368 456
free 9 -1 2744 456
alloc 4 431 2720 2296 456
free 3 -1 2808 456
alloc 38 432 8080 2360 456
alloc 29 5 40 2320 456
free 40 -1 2696 456
alloc 39 494 9968 2184 456
alloc 26 238 4624 1928 456
free 17 -1 2328 456
alloc 44 263 168 2048 456
free 27 -1 2448 456
alloc 46 450 5848 1976 456
free 21 -1 2496 456
free 16 -1 2912 456
alloc 15 124 2152 2768 456
free 2 -1 2792 456
alloc 25 100 448 2672 456
alloc 20 91 3984 2560 456
free 19 -1 2752 456
alloc 22 66 696 2664 456
free 29 -1 2704 456
alloc 40 45 16 2640 456
alloc 23 340 4880 2280 456
alloc 42 138 6320 2120 456
alloc 17 443 10480 1656 456
alloc 12 460 -1 1656 456
alloc 43 495 -1 1656 456
free 46 -1 2128 456
free 37 -1 2488 456
alloc 16 249 5240 2216 456
free 15 -1 2360 456
alloc 34 383 5848 1960 456
alloc 9 530 -1 1960 456
free 36 -1 2128 456
free 35 -1 2584 456
alloc 6 92 784 2472 456
alloc 29 211 896 2240 456
alloc 24 47 1128 2176 456
free 23 -1 2536 456
free 42 -1 2696 456
free 33 -1 3144 456
alloc 12 227 4880 2896 456
free 11 -1 3280 456
alloc 46 72 1192 3192 456
alloc 5 357 3600 2808 456
free 16 -1 3080 456
alloc 31 79 1280 2952 456
free 34 -1 3352 456
free 41 -1 3928 456
free 4 -1 4376 456
alloc 19 392 2720 3968 456
free 38 -1 4416 456
free 45 -1 4600 456
free 8 -1 4688 456
alloc 7 421 5128 4248 456
alloc 10 462 5568 3768 456
free 17 -1 4232 456
free 12 -1 4480 456
alloc 27 128 2152 4336 456
free 30 -1 4464 456
alloc 21 461 6048 3984 456
free 0 -1 4184 456
free 47 -1 4600 456
alloc 34 181 1408 4400 456
alloc 41 274 1736 4104 456
alloc 36 245 7184 3840 456
alloc 35 448 7448 3376 456
free 6 -1 3488 456
free 13 -1 3848 456
free 40 -1 3912 456
free 7 -1 4352 456
free 10 -1 4832 456
alloc 33 329 2296 4480 456
alloc 12 329 4880 4128 456
alloc 43 504 5232 3608 456
alloc 30 41 16 3544 456
free 21 -1 4024 456
free 32 -1 4368 456
alloc 15 424 3128 3896 456
alloc 2 530 5752 3344 456
free 41 -1 3640 456
free 36 -1 3904 456
alloc 3 529 7912 3352 456
free 22 -1 3440 456
alloc 13 391 1736 3024 456
alloc 8 359 9104 2648 456
free 39 -1 3160 456
alloc 10 540 9480 2600 456
free 1 -1 2968 456
free 28 -1 3096 456
alloc 11 233 568 2840 456
free 30 -1 2904 456
free 5 -1 3288 456
alloc 32 58 16 3208 456
free 31 -1 3336 456
free 34 -1 3536 456
alloc 41 248 1280 3272 456
alloc 4 201 3600 3048 456
free 19 -1 3456 456
alloc 38 282 2648 3152 456
free 29 -1 3384 456
free 24 -1 3448 456
alloc 39 464 8464 2968 456
free 10 -1 3528 456
alloc 1 69 824 3440 456
free 12 -1 3792 456
free 43 -1 4312 456
alloc 30 359 4880 3936 456
alloc 5 521 9480 3392 456
alloc 0 567 10024 2808 456
free 15 -1 3280 456
free 2 -1 3832 456
free 41 -1 4096 456
alloc 36 490 2952 3584 456
free 3 -1 4136 456
alloc 22 108 912 4008 456
alloc 29 74 1040 3912 456
free 8 -1 4288 456
alloc 7 25 96 4216 456
alloc 42 316 1280 3880 456
free 1 -1 3968 456
alloc 12 390 5256 3560 456
alloc 43 353 5664 3184 456
free 46 -1 3272 456
alloc 37 134 3824 3112 456
free 32 -1 3192 456
alloc 15 81 1136 3088 456
alloc 34 121 6040 2944 456
free 25 -1 3064 456
free 36 -1 3576 456
alloc 19 439 2952 3120 456
free 38 -1 3424 456
free 13 -1 3840 456
alloc 8 100 448 3720 456
alloc 23 505 1616 3184 456
alloc 10 241 2648 2920 456
free 33 -1 3272 456
alloc 28 506 7912 2720 456
free 11 -1 2976 456
alloc 46 418 6184 2504 456
free 37 -1 2664 456
free 0 -1 3248 456
alloc 31 225 568 3000 456
alloc 2 518 8944 2464 456
alloc 9 7 16 2440 456
free 4 -1 2664 456
free 19 -1 3120 456
alloc 38 383 2912 2720 456
alloc 13 451 3312 2248 456
alloc 24 376 10024 1856 456
free 39 -1 2336 456
free 42 -1 2672 456
alloc 1 390 8464 2264 456
free 28 -1 2816 456
free 43 -1 3192 456
free 46 -1 3664 456
alloc 37 532 7912 3112 456
alloc 32 518 10416 2576 456
alloc 47 153 1240 2400 456
free 34 -1 2544 456
alloc 25 455 5664 2072 456
alloc 4 389 6136 1664 456
alloc 19 565 -1 1664 456
alloc 6 516 -1 1664 456
free 29 -1 1760 456
free 8 -1 1880 456
alloc 39 404 -1 1880 456
alloc 42 25 40 1824 456
alloc 33 547 -1 1824 456
alloc 28 504 -1 1824 456
free 27 -1 1968 456
alloc 14 342 2152 1608 456
free 37 -1 2160 456
alloc 0 507 7912 1608 456
free 31 -1 1856 456
alloc 18 257 448 1576 456
free 9 -1 1600 456
alloc 36 230 7184 1336 456
free 35 -1 1800 456
alloc 6 235 7448 1544 456
free 13 -1 2016 456
free 24 -1 2408 456
alloc 39 559 3312 1832 456
free 26 -1 2088 456
free 1 -1 2496 456
free 12 -1 2904 456
alloc 11 27 728 2856 456
free 30 -1 3232 456
alloc 21 205 4624 3008 456
free 32 -1 3544 456
free 15 -1 3648 456
free 2 -1 4184 456
alloc 9 392 4848 3776 456
free 4 -1 4184 456
alloc 3 62 776 4104 456
free 38 -1 4504 456
alloc 29 17 856 4448 456
alloc 8 8 16 4424 456
free 23 -1 4960 456
free 10 -1 5224 456
alloc 1 183 1040 5024 456
free 44 -1 5304 456
alloc 27 67 168 5216 456
free 14 -1 5576 456
free 5 -1 6120 456
alloc 32 467 1416 5632 456
alloc 15 104 256 5512 456
alloc 2 466 1904 5024 456
free 25 -1 5496 456
free 20 -1 5608 456
alloc 19 126 2392 5464 456
alloc 38 419 2536 5024 456
alloc 13 247 2976 4760 456
alloc 24 292 5256 4448 456
free 39 -1 5024 456
alloc 26 169 3240 4832 456
alloc 33 196 3432 4616 456
alloc 28 573 5568 4024 456
alloc 43 131 3648 3872 456
alloc 14 59 3800 3792 456
alloc 5 326 6160 3448 456
free 0 -1 4000 456
free 15 -1 4120 456
free 2 -1 4608 456
alloc 25 195 1904 4392 456
free 36 -1 4656 456
alloc 35 190 2120 4448 456
free 6 -1 4704 456
free 29 -1 4760 456
free 24 -1 5072 456
free 7 -1 5144 456
alloc 10 275 5256 4832 456
free 1 -1 5032 456
alloc 44 49 96 4960 456
free 11 -1 5008 456
alloc 30 447 7184 4544 456
alloc 37 195 3880 4328 456
alloc 0 399 7648 3912 456
alloc 31 523 8064 3368 456
alloc 34 442 8608 2904 456
free 9 -1 3312 456
alloc 36 346 4848 2944 456
free 35 -1 3152 456
alloc 6 127 256 3008 456
alloc 45 535 9072 2456 456
alloc 40 487 9624 1952 456
alloc 39 243 2120 1680 456
free 42 -1 1736 456
free 33 -1 1952 456
free 28 -1 2544 456
alloc 11 271 5568 2256 456
free 14 -1 2336 456
free 21 -1 2560 456
alloc 16 427 10128 2112 456
alloc 15 41 1040 2048 456
alloc 2 591 10576 1440 456
alloc 41 222 5856 1200 456
alloc 20 308 -1 1200 456
alloc 35 284 -1 1200 456
free 38 -1 1640 456
alloc 29 469 -1 1640 456
free 8 -1 1664 456
alloc 7 228 2536 1416 456
free 10 -1 1728 456
alloc 17 136 2784 1576 456
alloc 12 389 -1 1576 456
free 11 -1 1864 456
free 30 -1 2328 456
free 5 -1 2672 456
free 32 -1 3160 456
free 47 -1 3336 456
free 18 -1 3616 456
free 25 -1 3832 456
alloc 20 243 400 3568 456
free 3 -1 3648 456
free 22 -1 3776 456
free 13 -1 4040 456
alloc 24 352 664 3664 456
alloc 23 196 1104 3448 456
alloc 42 378 1320 3048 456
alloc 33 408 5216 2624 456
free 44 -1 2696 456
alloc 11 253 1720 2424 456
alloc 46 89 16 2312 456
alloc 21 303 6096 1992 456
alloc 32 14 128 1952 456
free 15 -1 2016 456
free 2 -1 2624 456
alloc 9 250 2936 2320 456
free 36 -1 2688 456
alloc 3 8 1040 2664 456
free 6 -1 2808 456
free 45 -1 3360 456
free 24 -1 3736 456
free 39 -1 4008 456
free 26 -1 4200 456
free 17 -1 4352 456
alloc 28 368 1992 3952 456
free 43 -1 4104 456
alloc 30 67 256 4016 456
free 21 -1 4336 456
free 32 -1 4376 456
alloc 47 172 664 4184 456
alloc 2 492 3240 3672 456
alloc 25 490 4624 3160 456
alloc 36 462 6096 2680 456
free 3 -1 2704 456
alloc 6 483 9072 2200 456
alloc 13 529 10576 1648 456
alloc 24 302 7184 1328 456
free 23 -1 1544 456
alloc 10 246 856 1280 456
alloc 17 337 -1 1280 456
alloc 12 314 -1 1280 456
free 27 -1 1368 456
free 46 -1 1480 456
alloc 21 237 -1 1480 456
free 0 -1 1896 456
free 31 -1 2440 456
alloc 18 592 7504 1832 456
free 9 -1 2136 456
alloc 4 195 16 1896 456
alloc 3 326 2784 1552 456
alloc 22 527 -1 1552 456
free 13 -1 2104 456
free 24 -1 2424 456
alloc 39 306 8112 2096 456
free 42 -1 2496 456
free 33 -1 2920 456
alloc 44 315 1120 2584 456
alloc 27 499 5136 2064 456
alloc 14 28 344 2008 456
free 37 -1 2224 456
alloc 0 433 10576 1768 456
free 47 -1 1960 456
free 34 -1 2424 456
free 41 -1 2664 456
free 20 -1 2928 456
free 19 -1 3072 456
alloc 22 582 8440 2440 456
alloc 45 89 400 2328 456
alloc 8 23 512 2288 456
free 7 -1 2536 456
alloc 42 454 -1 2536 456
alloc 33 404 5656 2096 456
free 44 -1 2432 456
alloc 43 555 1120 1832 456
free 30 -1 1920 456
alloc 5 430 -1 1920 456
free 0 -1 2376 456
alloc 15 459 10576 1896 456
alloc 34 419 -1 1896 456
free 25 -1 2408 456
free 36 -1 2888 456
free 3 -1 3232 456
free 6 -1 3736 456
alloc 13 138 552 3576 456
free 8 -1 3616 456
alloc 7 214 2392 3384 456
alloc 42 37 256 3296 456
free 33 -1 3736 456
alloc 44 249 2624 3464 456
free 43 -1 4064 456
alloc 30 215 1120 3832 456
alloc 21 550 5656 3264 456
free 16 -1 3712 456
alloc 47 504 9072 3160 456
free 2 -1 3672 456
alloc 41 571 2896 3080 456
alloc 36 138 1352 2920 456
alloc 3 111 712 2776 456
alloc 6 279 3488 2480 456
free 13 -1 2640 456
alloc 24 586 -1 2640 456
free 7 -1 2872 456
alloc 26 431 4624 2424 456
alloc 17 309 6224 2096 456
free 44 -1 2368 456
alloc 43 41 512 2304 456
free 30 -1 2536 456
alloc 37 14 576 2504 456
alloc 32 152 1120 2336 456
free 47 -1 2888 456
free 18 -1 3496 456
free 41 -1 4088 456
alloc 20 284 2392 3784 456
alloc 19 311 2696 3456 456
free 6 -1 3752 456
alloc 13 72 608 3648 456
alloc 8 428 3024 3200 456
alloc 23 249 3472 2928 456
free 42 -1 3016 456
alloc 33 261 3744 2736 456
alloc 12 197 7184 2520 456
free 27 -1 3040 456
alloc 46 474 5072 2544 456
free 37 -1 2576 456
alloc 16 306 7400 2248 456
alloc 47 54 256 2160 456
alloc 2 182 1512 1952 456
alloc 41 209 7728 1720 456
free 36 -1 1880 456
free 19 -1 2208 456
alloc 38 319 9072 1872 456
free 13 -1 1976 456
free 40 -1 2480 456
alloc 7 495 9408 1968 456
free 10 -1 2232 456
alloc 1 470 9920 1744 456
free 12 -1 1960 456
free 11 -1 2232 456
free 46 -1 2728 456
alloc 5 122 856 2584 456
free 16 -1 2912 456
free 47 -1 3000 456
alloc 18 218 1720 2728 456
alloc 25 191 1288 2504 456
free 20 -1 2808 456
alloc 19 501 2392 2288 456
free 38 -1 2624 456
alloc 29 427 5072 2176 456
alloc 24 95 576 2040 456
free 39 -1 2368 456
free 26 -1 2816 456
free 1 -1 3304 456
free 28 -1 3704 456
free 43 -1 3768 456
alloc 30 411 4624 3320 456
alloc 37 415 7184 2888 456
alloc 16 264 1992 2608 456
alloc 31 455 7960 2128 456
free 18 -1 2400 456
free 41 -1 2632 456
alloc 20 441 9920 2168 456
free 3 -1 2312 456
alloc 6 227 1720 2040 456
free 29 -1 2488 456
free 24 -1 2624 456
alloc 39 231 512 2376 456
alloc 42 432 5072 1928 456
alloc 1 252 7616 1656 456
alloc 44 572 -1 1656 456
alloc 11 435 -1 1656 456
free 14 -1 1712 456
free 37 -1 2144 456
alloc 0 50 256 2072 456
alloc 47 183 7184 1872 456
free 2 -1 2080 456
alloc 9 24 328 2008 456
free 4 -1 2248 456
alloc 3 302 9072 1912 456
free 6 -1 2184 456
alloc 29 273 1512 1888 456
alloc 24 165 16 1704 456
free 23 -1 1976 456
free 42 -1 2424 456
free 17 -1 2752 456
alloc 44 411 5072 2320 456
alloc 11 198 3472 2104 456
alloc 14 220 6224 1864 456
free 5 -1 2008 456
free 32 -1 2176 456
free 47 -1 2376 456
alloc 34 132 760 2224 456
free 25 -1 2448 456
free 20 -1 2912 456
free 3 -1 3248 456
alloc 6 241 912 2984 456
free 29 -1 3280 456
free 24 -1 3464 456
free 39 -1 3712 456
alloc 42 318 1176 3376 456
free 1 -1 3648 456
alloc 28 541 7184 3088 456
alloc 27 30 16 3040 456
free 30 -1 3488 456
alloc 5 302 1512 3168 456
alloc 32 242 4624 2904 456
free 15 -1 3384 456
alloc 2 193 512 3136 456
free 9 -1 3208 456
alloc 36 347 9920 2840 456
alloc 35 470 10288 2352 456
alloc 38 74 64 2256 456
alloc 29 319 9072 1920 456
alloc 24 323 10776 1576 456
alloc 23 115 1832 1416 456
alloc 26 168 4888 1232 456
alloc 17 114 5504 1080 456
alloc 12 279 -1 1080 456
alloc 43 502 -1 1080 456
free 14 -1 1320 456
alloc 37 579 -1 1320 456
free 16 -1 1600 456
alloc 15 326 1992 1256 456
free 34 -1 1408 456
alloc 25 526 -1 1408 456
alloc 4 88 760 1304 456
free 35 -1 1792 456
free 22 -1 2424 456
free 29 -1 2760 456
free 8 -1 3208 456
alloc 39 547 8440 2640 456
alloc 10 154 2912 2464 456
alloc 1 368 3088 2080 456
free 44 -1 2512 456
free 27 -1 2560 456
alloc 46 539 -1 2560 456
free 5 -1 2880 456
free 32 -1 3144 456
alloc 47 43 160 3048 456
alloc 34 57 1512 2968 456
alloc 25 529 -1 2968 456
free 36 -1 3336 456
alloc 3 66 1592 3248 456
free 38 -1 3344 456
alloc 13 144 4624 3184 456
free 24 -1 3528 456
free 23 -1 3688 456
free 42 -1 4024 456
free 1 -1 4408 456
alloc 12 445 9920 3944 456
alloc 43 84 16 3840 456
alloc 46 258 1176 3560 456
alloc 5 503 10384 3040 456
free 0 -1 3112 456
free 31 -1 3592 456
alloc 18 131 1680 3440 456
alloc 25 460 7744 2960 456
alloc 36 232 3088 2712 456
alloc 35 143 1832 2552 456
alloc 38 591 -1 2552 456
free 13 -1 2712 456
alloc 8 227 4624 2448 456
free 7 -1 2960 456
free 26 -1 3144 456
alloc 1 430 4888 2696 456
alloc 44 46 256 2632 456
free 43 -1 2736 456
free 46 -1 3016 456
alloc 37 284 1176 2680 456
alloc 16 73 16 2584 456
alloc 31 148 5336 2416 456
free 18 -1 2568 456
free 25 -1 3048 456
alloc 20 58 320 2968 456
free 19 -1 3488 456
alloc 38 454 2336 3016 456
alloc 13 110 1680 2864 456
free 8 -1 3128 456
alloc 23 455 7744 2656 456
alloc 42 529 9008 2104 456
free 33 -1 2384 456
free 28 -1 2944 456
alloc 43 570 -1 2944 456
alloc 14 22 112 2896 456
free 21 -1 3464 456
alloc 32 365 3688 3056 456
free 15 -1 3400 456
alloc 18 473 5656 2904 456
alloc 41 551 -1 2904 456
free 4 -1 3008 456
free 3 -1 3096 456
free 38 -1 3568 456
free 45 -1 3680 456
alloc 8 465 1992 3192 456
alloc 7 109 760 3040 456
free 42 -1 3592 456
free 1 -1 4040 456
free 12 -1 4504 456
alloc 27 24 400 4464 456
alloc 46 511 4624 3936 456
alloc 21 373 2480 3544 456
free 32 -1 3952 456
free 31 -1 4120 456
free 2 -1 4368 456
alloc 9 208 440 4144 456
alloc 4 467 6152 3640 456
free 35 -1 3800 456
free 6 -1 4064 456
alloc 45 534 7184 3504 456
alloc 24 285 3688 3200 456
free 23 -1 3672 456
free 10 -1 3848 456
free 17 -1 4000 456
alloc 28 318 5152 3664 456
free 27 -1 3704 456
alloc 30 65 664 3608 456
free 21 -1 4000 456
alloc 0 449 2480 3528 456
free 47 -1 3624 456
free 34 -1 3704 456
alloc 25 80 160 3608 456
free 4 -1 4112 456
alloc 35 243 912 3848 456
alloc 6 265 6152 3560 456
alloc 29 116 1512 3392 456
free 8 -1 3880 456
free 39 -1 4448 456
alloc 42 598 1832 3800 456
alloc 17 231 7744 3552 456
free 44 -1 3616 456
free 11 -1 3832 456
free 14 -1 3880 456
alloc 21 379 7992 3480 456
free 16 -1 3576 456
alloc 31 32 16 3528 456
alloc 2 265 3336 3240 456
free 9 -1 3464 456
free 36 -1 3712 456
alloc 3 436 8392 3256 456
alloc 38 546 8848 2688 456
free 29 -1 2856 456
alloc 40 168 400 2672 456
alloc 39 416 9416 2240 456
alloc 10 547 -1 2240 456
free 17 -1 2488 456
free 28 -1 2824 456
alloc 11 596 -1 2824 456
free 46 -1 3352 456
free 21 -1 3752 456
alloc 32 369 4624 3360 456
alloc 47 280 2952 3064 456
free 18 -1 3560 456
free 25 -1 3656 456
free 20 -1 3736 456
alloc 19 84 64 3632 456
alloc 22 516 5016 3096 456
free 13 -1 3248 456
free 24 -1 3552 456
free 7 -1 3704 456
alloc 26 55 168 3632 456
alloc 1 128 240 3472 456
alloc 12 102 760 3320 456
alloc 27 444 3624 2848 456
alloc 14 289 1512 2528 456
free 5 -1 3048 456
free 0 -1 3520 456
free 47 -1 3816 456
alloc 18 372 2480 3424 456
alloc 41 358 2872 3048 456
alloc 36 345 5552 2680 456
free 19 -1 2784 456
free 38 -1 3352 456
alloc 13 88 64 3248 456
alloc 8 540 7744 2688 456
alloc 23 561 9848 2104 456
free 26 -1 2176 456
free 1 -1 2336 456
alloc 44 103 168 2216 456
alloc 11 538 8848 1648 456
free 30 -1 1744 456
alloc 21 180 5920 1512 456
free 32 -1 1904 456
alloc 15 380 10432 1504 456
free 18 -1 1896 456
free 41 -1 2272 456
free 36 -1 2640 456
free 35 -1 2904 456
free 6 -1 3192 456
free 13 -1 3296 456
free 40 -1 3480 456
alloc 7 7 64 3456 456
alloc 10 368 288 3072 456
alloc 1 30 88 2992 456
free 44 -1 3112 456
alloc 43 135 912 2960 456
alloc 30 348 2480 2592 456
alloc 5 258 2848 2312 456
alloc 32 542 -1 2312 456
alloc 47 449 6152 1808 456
alloc 18 498 -1 1808 456
alloc 41 52 168 1736 456
alloc 36 231 4624 1488 456
free 3 -1 1944 456
alloc 38 478 8304 1448 456
alloc 29 83 1064 1336 456
alloc 40 308 5552 1008 456
free 7 -1 1032 456
alloc 26 548 -1 1032 456
free 1 -1 1112 456
free 12 -1 1264 456
free 27 -1 1736 456
alloc 46 432 3624 1264 456
free 21 -1 1496 456
alloc 16 344 10832 1136 456
free 15 -1 1536 456
alloc 34 566 -1 1536 456
alloc 25 466 -1 1536 456
alloc 20 409 -1 1536 456
alloc 19 72 64 1432 456
free 38 -1 1928 456
alloc 13 545 -1 1928 456
alloc 24 126 672 1784 456
alloc 7 5 240 1736 456
alloc 26 323 8304 1392 456
alloc 17 457 -1 1392 456
alloc 44 444 -1 1392 456
alloc 27 152 3128 1224 456
free 46 -1 1696 456
free 5 -1 1976 456
free 16 -1 2336 456
free 47 -1 2840 456
alloc 18 512 5880 2312 456
alloc 9 416 3624 1880 456
alloc 4 395 10432 1464 456
alloc 35 320 10848 1128 456
alloc 6 258 2848 848 456
alloc 13 12 816 816 456
free 8 -1 1376 456
free 23 -1 1960 456
free 42 -1 2608 456
alloc 17 380 1832 2208 456
alloc 28 550 9848 1624 456
free 27 -1 1792 456
free 14 -1 2112 456
alloc 5 219 1512 1872 456
alloc 0 521 7744 1312 456
alloc 47 410 -1 1312 456
free 18 -1 1840 456
alloc 25 216 2232 1592 456
free 4 -1 2008 456
free 35 -1 2344 456
alloc 38 323 5880 2000 456
free 29 -1 2112 456
free 24 -1 2256 456
free 39 -1 2688 456
free 10 -1 3072 456
alloc 1 162 288 2888 456
free 28 -1 3472 456
free 43 -1 3624 456
free 30 -1 3992 456
free 5 -1 4232 456
alloc 32 290 472 3888 456
alloc 15 467 9416 3400 456
alloc 18 94 848 3288 456
free 9 -1 3720 456
free 36 -1 3968 456
alloc 35 62 960 3888 456
free 38 -1 4232 456
alloc 29 423 3624 3760 456
free 40 -1 4088 456
alloc 23 275 1512 3768 456
alloc 10 83 1040 3632 456
free 1 -1 3816 456
alloc 12 23 288 3776 456
alloc 27 553 5552 3200 456
alloc 14 138 2480 3040 456
free 37 -1 3376 456
alloc 16 524 9904 2832 456
alloc 47 176 1176 2640 456
free 2 -1 2928 456
free 41 -1 3000 456
alloc 36 514 10448 2464 456
free 35 -1 2544 456
free 6 -1 2824 456
free 29 -1 3296 456
alloc 24 178 2640 3096 456
free 7 -1 3144 456
free 26 -1 3488 456
free 17 -1 3888 456
alloc 28 203 1832 3664 456
free 11 -1 4232 456
alloc 30 414 2840 3800 456
alloc 37 374 3272 3408 456
free 32 -1 3752 456
free 15 -1 4240 456
alloc 2 191 328 4032 456
free 25 -1 4280 456
alloc 4 159 536 4104 456
alloc 3 378 2056 3680 456
free 22 -1 4216 456
free 13 -1 4248 456
free 24 -1 4448 456
free 23 -1 4768 456
free 10 -1 4904 456
alloc 17 120 712 4768 456
free 12 -1 4808 456
free 27 -1 5384 456
alloc 46 378 1368 4984 456
free 37 -1 5376 456
free 16 -1 5920 456
free 47 -1 6112 456
free 18 -1 6224 456
alloc 25 348 848 5856 456
free 4 -1 6032 456
free 19 -1 6136 456
alloc 22 90 64 6024 456
free 45 -1 6584 456
alloc 40 125 176 6432 456
alloc 39 393 3272 6016 456
alloc 10 592 4624 5408 456
free 17 -1 5544 456
free 28 -1 5768 456
alloc 43 487 5232 5264 456
free 30 -1 5696 456
alloc 37 108 536 5568 456
free 0 -1 6128 456
alloc 47 401 2640 5704 456
free 2 -1 5912 456
free 25 -1 6280 456
free 36 -1 6816 456
alloc 35 266 664 6528 456
alloc 38 54 328 6456 456
alloc 45 120 400 6320 456
alloc 8 474 5736 5824 456
alloc 7 562 7184 5240 456
alloc 42 321 952 4896 456
alloc 33 483 7768 4392 456
alloc 28 56 1296 4320 456
alloc 27 541 8272 3760 456
free 14 -1 3920 456
alloc 5 557 8832 3344 456
alloc 16 224 1768 3104 456
free 31 -1 3152 456
alloc 2 92 2480 3040 456
alloc 41 511 9408 2512 456
alloc 20 241 3688 2248 456
free 3 -1 2672 456
alloc 6 275 2008 2376 456
free 45 -1 2512 456
free 8 -1 3008 456
free 39 -1 3424 456
free 10 -1 4032 456
alloc 17 345 3064 3664 456
alloc 12 258 4624 3384 456
alloc 11 59 400 3304 456
alloc 14 549 5736 2736 456
alloc 21 61 2304 2656 456
alloc 32 348 9936 2288 456
alloc 31 538 10304 1728 456
alloc 18 312 4904 1400 456
alloc 25 69 2384 1304 456
free 20 -1 1568 456
alloc 19 515 3432 1032 456
free 6 -1 1328 456
alloc 29 393 -1 1328 456
alloc 24 509 -1 1328 456
alloc 23 325 6304 976 456
free 42 -1 1320 456
free 33 -1 1824 456
free 12 -1 2104 456
free 43 -1 2608 456
free 46 -1 3008 456
free 21 -1 3088 456
alloc 0 497 -1 3088 456
free 47 -1 3512 456
free 2 -1 3624 456
free 41 -1 4152 456
alloc 4 194 952 3936 456
free 19 -1 4472 456
free 38 -1 4544 456
alloc 29 404 2480 4120 456
alloc 24 388 3432 3712 456
free 7 -1 4296 456
alloc 10 356 1368 3896 456
alloc 1 474 5232 3392 456
alloc 44 98 1168 3264 456
alloc 43 131 2008 3112 456
alloc 46 285 7184 2808 456
free 5 -1 3384 456
free 32 -1 3752 456
alloc 47 277 7488 3456 456
alloc 2 225 3840 3200 456
free 25 -1 3296 456
alloc 20 494 8832 2784 456
free 35 -1 3072 456
free 22 -1 3184 456
alloc 13 122 16 3024 456
free 40 -1 3176 456
alloc 7 278 2160 2856 456
alloc 42 341 7784 2496 456
alloc 33 239 664 2208 456
free 28 -1 2280 456
free 43 -1 2432 456
alloc 30 335 9344 2080 456
free 37 -1 2208 456
alloc 32 521 9696 1664 456
free 31 -1 2224 456
free 18 -1 2552 456
alloc 41 259 4624 2272 456
alloc 36 234 4904 2016 456
alloc 3 271 10240 1728 456
alloc 22 204 176 1504 456
free 13 -1 1664 456
alloc 8 133 16 1504 456
free 7 -1 1824 456
free 42 -1 2184 456
free 17 -1 2552 456
free 44 -1 2680 456
free 27 -1 3240 456
free 30 -1 3592 456
alloc 21 305 2008 3264 456
free 16 -1 3504 456
free 47 -1 3800 456
free 2 -1 4056 456
alloc 25 41 480 3992 456
free 20 -1 4504 456
free 3 -1 4792 456
alloc 38 72 544 4672 456
alloc 45 458 2904 4192 456
free 24 -1 4600 456
alloc 7 276 3384 4304 456
alloc 42 203 1768 4064 456
free 1 -1 4568 456
alloc 12 453 5160 4096 456
alloc 27 591 7488 3488 456
free 46 -1 3792 456
alloc 5 463 8096 3312 456
free 32 -1 3856 456
alloc 31 521 8576 3312 456
alloc 34 552 9120 2744 456
free 25 -1 2808 456
free 36 -1 3064 456
alloc 35 367 3680 2648 456
free 38 -1 2768 456
free 45 -1 3248 456
alloc 40 109 480 3120 456
free 23 -1 3472 456
alloc 26 453 2904 2992 456
free 33 -1 3280 456
alloc 44 150 608 3112 456
alloc 43 287 6304 2808 456
alloc 30 36 776 2752 456
free 21 -1 3080 456
alloc 16 41 832 3016 456
alloc 15 55 1168 2944 456
alloc 18 410 2008 2512 456
alloc 25 87 1240 2384 456
alloc 36 487 9688 1880 456
alloc 19 517 10192 1344 456
free 22 -1 1568 456
alloc 45 224 4904 1312 456
free 40 -1 1440 456
alloc 39 556 -1 1440 456
free 26 -1 1920 456
alloc 33 283 2904 1616 456
alloc 28 192 176 1392 456
free 43 -1 1696 456
free 30 -1 1752 456
alloc 21 394 10728 1336 456
alloc 0 259 6304 1056 456
alloc 47 44 480 992 456
alloc 2 180 7184 792 456
alloc 9 237 -1 792 456
free 36 -1 1296 456
free 35 -1 1712 456
alloc 22 184 3680 1512 456
alloc 13 457 9688 1008 456
alloc 24 182 3880 792 456
alloc 39 399 -1 792 456
alloc 26 67 3208 704 456
alloc 17 289 -1 704 456
free 28 -1 928 456
free 27 -1 1536 456
alloc 30 90 176 1424 456
alloc 37 18 288 1384 456
alloc 32 148 7384 1216 456
free 15 -1 1288 456
free 2 -1 1488 456
alloc 9 416 7552 1056 456
alloc 20 240 -1 1056 456
free 19 -1 1592 456
alloc 6 10 328 1560 456
free 29 -1 1984 456
free 24 -1 2200 456
free 7 -1 2496 456
free 26 -1 2584 456
free 33 -1 2888 456
free 44 -1 3056 456
alloc 27 27 544 3008 456
alloc 46 430 2440 2560 456
free 21 -1 2976 456
free 0 -1 3256 456
free 31 -1 3800 456
free 34 -1 4368 456
free 9 -1 4800 456
alloc 36 20 360 4760 456
alloc 35 323 2888 4416 456
alloc 38 307 3232 4088 456
free 45 -1 4344 456
alloc 24 428 7552 3896 456
alloc 23 216 592 3656 456
free 42 -1 3896 456
alloc 1 538 8576 3336 456
alloc 28 325 6304 2984 456
free 27 -1 3032 456
free 46 -1 3480 456
free 37 -1 3520 456
free 32 -1 3688 456
alloc 31 600 10192 3072 456
free 18 -1 3504 456
free 25 -1 3632 456
free 4 -1 3848 456
alloc 3 572 1768 3256 456
free 38 -1 3584 456
alloc 29 303 896 3264 456
free 24 -1 3712 456
alloc 7 182 2360 3512 456
alloc 26 232 2560 3264 456
alloc 17 170 3232 3072 456
free 28 -1 3424 456
alloc 43 46 1216 3360 456
free 30 -1 3472 456
alloc 21 382 7184 3072 456
free 16 -1 3136 456
free 47 -1 3200 456
alloc 2 112 176 3048 456
free 41 -1 3328 456
free 36 -1 3368 456
free 35 -1 3712 456
alloc 38 33 480 3656 456
free 13 -1 4160 456
alloc 40 423 4624 3720 456
free 23 -1 3960 456
alloc 42 548 9136 3392 456
free 17 -1 3584 456
alloc 28 323 536 3224 456
alloc 27 60 1280 3136 456
alloc 46 355 2808 2760 456
free 21 -1 3160 456
alloc 0 510 7184 2632 456
alloc 15 457 3184 2136 456
alloc 34 489 -1 2136 456
alloc 9 564 -1 2136 456
alloc 36 585 -1 2136 456
free 3 -1 2728 456
free 22 -1 2928 456
alloc 13 176 1768 2736 456
free 8 -1 2896 456
free 7 -1 3096 456
free 26 -1 3344 456
free 1 -1 3904 456
free 28 -1 4264 456
free 27 -1 4352 456
free 46 -1 4728 456
alloc 37 1 16 4704 456
alloc 16 10 40 4672 456
alloc 47 38 72 4616 456
alloc 34 432 1960 4168 456
alloc 25 20 128 4120 456
alloc 20 515 2408 3584 456
alloc 35 295 536 3272 456
free 38 -1 3328 456
free 29 -1 3648 456
free 40 -1 4088 456
alloc 39 345 848 3720 456
free 42 -1 4288 456
alloc 17 347 3680 3920 456
alloc 28 449 4624 3448 456
free 11 -1 3528 456
alloc 30 596 8576 2912 456
free 5 -1 3392 456
free 16 -1 3424 456
free 47 -1 3480 456
free 34 -1 3928 456
alloc 9 210 1960 3696 456
free 20 -1 4232 456
free 35 -1 4544 456
alloc 22 369 360 4152 456
free 13 -1 4344 456
alloc 8 82 1768 4240 456
free 39 -1 4608 456
alloc 42 593 2192 3992 456
alloc 1 105 752 3864 456
free 28 -1 4336 456
free 43 -1 4400 456
alloc 46 488 4624 3864 456
free 37 -1 3888 456
free 0 -1 4416 456
free 31 -1 5032 456
alloc 18 417 880 4592 456
free 9 -1 4824 456
alloc 4 364 7184 4440 456
alloc 19 128 1872 4296 456
alloc 38 565 7568 3712 456
alloc 45 187 2808 3504 456
free 8 -1 3608 456
alloc 23 42 16 3544 456
free 10 -1 3944 456
alloc 33 30 80 3896 456
alloc 44 108 1320 3768 456
alloc 27 368 1448 3384 456
free 14 -1 3952 456
alloc 21 549 5632 3384 456
alloc 32 244 6200 3120 456
alloc 31 570 9192 2528 456
alloc 34 189 8152 2320 456
alloc 41 162 6464 2128 456
alloc 20 600 9784 1512 456
alloc 3 438 10400 1056 456
free 38 -1 1640 456
free 45 -1 1848 456
alloc 40 106 2016 1720 456
alloc 39 298 2808 1400 456
alloc 26 562 7568 816 456
free 17 -1 1184 456
free 44 -1 1312 456
free 27 -1 1696 456
alloc 14 484 1320 1192 456
alloc 5 523 -1 1192 456
alloc 16 318 3680 856 456
free 15 -1 1352 456
free 34 -1 1560 456
alloc 9 35 3128 1504 456
free 4 -1 1888 456
free 19 -1 2032 456
free 6 -1 2064 456
alloc 13 31 1824 2016 456
alloc 8 343 3184 1656 456
free 39 -1 1976 456
free 26 -1 2560 456
free 1 -1 2688 456
free 12 -1 3160 456
alloc 27 310 5160 2832 456
free 30 -1 3448 456
alloc 5 510 7184 2920 456
free 16 -1 3256 456
free 31 -1 3848 456
free 2 -1 4000 456
free 25 -1 4048 456
free 20 -1 4664 456
alloc 19 177 128 4432 456
free 22 -1 4824 456
alloc 45 140 360 4664 456
free 40 -1 4792 456
alloc 39 88 520 4688 456
free 42 -1 5304 456
alloc 1 229 624 5048 456
alloc 12 423 1872 4608 456
alloc 43 462 2312 4128 456
alloc 30 567 7712 3544 456
alloc 37 459 3544 3064 456
alloc 16 228 2792 2816 456
alloc 47 504 8296 2296 456
alloc 34 522 8816 1752 456
free 9 -1 1808 456
alloc 20 165 9360 1624 456
free 19 -1 1856 456
alloc 6 527 9544 1312 456
free 45 -1 1472 456
free 8 -1 1832 456
free 39 -1 1936 456
alloc 10 538 -1 1936 456
free 33 -1 1984 456
free 12 -1 2424 456
free 27 -1 2752 456
free 14 -1 3256 456
free 21 -1 3824 456
free 16 -1 4072 456
alloc 31 70 80 3984 456
free 18 -1 4424 456
alloc 25 25 168 4376 456
alloc 36 441 880 3912 456
alloc 19 543 2792 3352 456
free 6 -1 3896 456
alloc 45 146 216 3728 456
alloc 24 449 1344 3248 456
free 23 -1 3312 456
alloc 10 273 1872 3016 456
alloc 17 136 384 2864 456
alloc 44 271 5160 2576 456
free 43 -1 3056 456
alloc 14 144 2168 2896 456
alloc 21 180 2328 2696 456
alloc 0 173 2528 2504 456
free 31 -1 2592 456
alloc 18 27 16 2544 456
free 41 -1 2736 456
free 36 -1 3200 456
alloc 35 519 5448 2664 456
alloc 38 23 64 2624 456
free 13 -1 2672 456
alloc 40 493 9544 2160 456
alloc 39 369 880 1768 456
free 10 -1 2064 456
free 1 -1 2320 456
alloc 12 132 536 2168 456
alloc 27 362 10856 1760 456
free 14 -1 1920 456
free 21 -1 2120 456
free 0 -1 2312 456
alloc 31 124 688 2168 456
alloc 2 309 1824 1840 456
alloc 9 458 2152 1360 456
alloc 4 269 10056 1072 456
free 35 -1 1608 456
free 38 -1 1648 456
alloc 13 414 5448 1216 456
free 40 -1 1728 456
alloc 23 159 3352 1536 456
alloc 42 481 9544 1024 456
alloc 33 275 5880 704 456
alloc 28 48 64 640 456
free 27 -1 1048 456
free 46 -1 1584 456
free 5 -1 2112 456
alloc 16 464 4624 1632 456
free 47 -1 2152 456
free 2 -1 2480 456
free 25 -1 2528 456
alloc 36 382 7184 2128 456
free 19 -1 2688 456
alloc 22 488 2632 2184 456
free 45 -1 2352 456
free 24 -1 2832 456
free 23 -1 3024 456
free 42 -1 3536 456
alloc 1 140 128 3376 456
free 12 -1 3528 456
alloc 27 336 1272 3176 456
alloc 14 101 536 3024 456
alloc 5 264 1624 2744 456
alloc 0 162 1904 2560 456
free 31 -1 2704 456
free 18 -1 2752 456
alloc 41 186 3136 2544 456
free 20 -1 2728 456
alloc 19 203 8296 2504 456
alloc 38 252 8520 2208 456
alloc 45 158 688 2016 456
alloc 8 200 9360 1800 456
alloc 7 200 9576 1584 456
alloc 42 287 10856 1280 456
free 33 -1 1600 456
alloc 12 353 -1 1600 456
free 27 -1 1952 456
free 30 -1 2536 456
free 37 -1 3016 456
free 16 -1 3496 456
alloc 47 42 288 3400 456
alloc 2 90 1272 3288 456
free 9 -1 3768 456
free 36 -1 4168 456
free 19 -1 4392 456
free 22 -1 4896 456
alloc 29 420 2088 4456 456
alloc 40 321 2528 4112 456
free 39 -1 4504 456
alloc 26 257 880 4224 456
free 17 -1 4376 456
alloc 12 480 3344 3880 456
alloc 27 558 7184 3304 456
free 14 -1 3456 456
free 5 -1 3736 456
alloc 16 133 384 3584 456
free 47 -1 3680 456
free 2 -1 3792 456
alloc 25 163 1160 3608 456
alloc 20 542 1344 3048 456
alloc 19 489 4624 2512 456
alloc 6 592 7760 1904 456
free 13 -1 2336 456
free 40 -1 2680 456
free 7 -1 2896 456
alloc 10 371 2528 2504 456
alloc 33 143 2920 2344 456
free 28 -1 2408 456
alloc 11 588 5448 1800 456
alloc 30 183 3840 1600 456
alloc 21 126 536 1448 456
free 32 -1 1712 456
alloc 47 72 16 1600 456
free 34 -1 2144 456
free 41 -1 2352 456
alloc 36 218 3080 2088 456
free 19 -1 2624 456
free 38 -1 2920 456
free 29 -1 3360 456
alloc 24 114 2088 3224 456
alloc 39 211 2224 2992 456
free 26 -1 3272 456
free 1 -1 3432 456
free 44 -1 3720 456
free 11 -1 4328 456
free 30 -1 4528 456
free 21 -1 4680 456
free 16 -1 4832 456
alloc 31 478 128 4336 456
alloc 18 108 880 4208 456
alloc 41 502 4624 3688 456
free 36 -1 3952 456
alloc 35 500 5144 3432 456
alloc 38 520 5664 2896 456
alloc 13 144 3080 2736 456
free 24 -1 2872 456
free 39 -1 3104 456
alloc 26 494 8368 2592 456
free 33 -1 2752 456
alloc 44 495 -1 2752 456
alloc 11 122 1008 2600 456
alloc 30 141 2088 2440 456
alloc 37 593 -1 2440 456
free 0 -1 2624 456
free 47 -1 2736 456
free 18 -1 2864 456
free 41 -1 3384 456
free 20 -1 3944 456
free 3 -1 4400 456
free 6 -1 5008 456
alloc 29 488 1344 4504 456
free 8 -1 4720 456
alloc 23 340 4624 4360 456
free 26 -1 4872 456
alloc 1 454 7760 4400 456
free 12 -1 4896 456
alloc 43 431 3240 4448 456
alloc 14 231 2248 4168 456
alloc 37 332 3688 3816 456
alloc 32 190 1848 3576 456
free 31 -1 4072 456
alloc 18 18 16 4032 456
alloc 9 138 56 3872 456
free 4 -1 4160 456
alloc 3 400 216 3744 456
alloc 6 68 880 3656 456
free 13 -1 3816 456
alloc 24 415 6200 3360 456
alloc 39 340 8232 3000 456
alloc 26 244 2920 2736 456
alloc 17 294 8592 2424 456
alloc 12 339 8904 2064 456
free 27 -1 2640 456
alloc 46 368 7184 2256 456
alloc 5 325 9264 1912 456
alloc 0 427 9608 1464 456
alloc 31 583 10056 864 456
alloc 34 118 4984 704 456
free 25 -1 888 456
alloc 4 268 -1 888 456
free 3 -1 1304 456
free 38 -1 1840 456
free 29 -1 2344 456
free 24 -1 2800 456
free 39 -1 3160 456
free 10 -1 3552 456
free 1 -1 4024 456
free 12 -1 4384 456
free 11 -1 4536 456
free 30 -1 4696 456
free 5 -1 5040 456
free 0 -1 5488 456
alloc 15 477 968 4992 456
alloc 2 219 216 4752 456
alloc 25 165 456 4568 456
alloc 4 315 1464 4232 456
free 35 -1 4752 456
alloc 22 95 2088 4640 456
free 45 -1 4832 456
alloc 8 504 5144 4312 456
alloc 7 512 5664 3784 456
alloc 10 461 7568 3304 456
alloc 1 335 2528 2952 456
alloc 12 121 640 2808 456
alloc 11 134 6192 2656 456
free 14 -1 2936 456
alloc 5 163 2200 2752 456
free 32 -1 2992 456
alloc 47 50 784 2896 456
free 2 -1 3136 456
alloc 41 325 8048 2792 456
alloc 20 383 8904 2392 456
alloc 19 438 9304 1936 456
free 22 -1 2048 456
alloc 29 244 1800 1784 456
alloc 24 324 -1 1784 456
alloc 39 469 -1 1784 456
free 42 -1 2088 456
alloc 33 572 10656 1480 456
alloc 44 122 216 1336 456
free 11 -1 1488 456
alloc 30 136 6192 1336 456
free 37 -1 1688 456
alloc 32 522 -1 1688 456
free 15 -1 2184 456
free 18 -1 2224 456
free 41 -1 2568 456
free 20 -1 2968 456
free 19 -1 3424 456
alloc 22 381 968 3024 456
alloc 45 364 3688 2616 456
free 8 -1 3136 456
free 23 -1 3496 456
free 26 -1 3760 456
free 17 -1 4072 456
free 44 -1 4216 456
free 43 -1 4664 456
alloc 14 178 216 4464 456
free 5 -1 4648 456
alloc 32 545 2880 4080 456
alloc 15 78 1368 3984 456
free 34 -1 4144 456
free 9 -1 4304 456
free 4 -1 4640 456
alloc 3 391 2064 4232 456
free 6 -1 4320 456
alloc 13 133 16 4168 456
alloc 40 263 1464 3888 456
free 7 -1 4416 456
alloc 42 164 3448 4232 456
free 1 -1 4584 456
free 12 -1 4728 456
alloc 27 340 2472 4368 456
free 46 -1 4752 456
alloc 5 244 4624 4488 456
free 32 -1 5056 456
free 47 -1 5152 456
alloc 34 241 640 4888 456
free 25 -1 5072 456
alloc 20 444 2832 4608 456
free 3 -1 5016 456
alloc 38 336 2064 4664 456
free 29 -1 4928 456
alloc 24 329 4888 4576 456
alloc 7 276 1744 4256 456
alloc 26 318 5240 3920 456
free 33 -1 4528 456
alloc 28 386 5576 4120 456
free 27 -1 4480 456
free 30 -1 4632 456
alloc 21 580 5984 4032 456
alloc 32 39 416 3976 456
free 31 -1 4576 456
free 34 -1 4840 456
alloc 9 103 472 4720 456
alloc 36 240 592 4464 456
alloc 19 42 848 4400 456
alloc 6 237 2416 4144 456
free 13 -1 4296 456
free 40 -1 4576 456
alloc 23 116 16 4440 456
free 10 -1 4920 456
alloc 33 472 7184 4432 456
alloc 44 334 7672 4080 456
alloc 27 394 8024 3664 456
free 14 -1 3864 456
alloc 37 84 152 3760 456
alloc 0 460 8440 3280 456
alloc 47 577 8920 2680 456
alloc 34 407 9520 2256 456
alloc 25 127 256 2096 456
alloc 4 517 9944 1560 456
alloc 35 18 912 1504 456
free 38 -1 1856 456
alloc 13 214 1464 1624 456
alloc 40 108 2064 1496 456
free 7 -1 1816 456
free 26 -1 2152 456
alloc 17 374 10480 1760 456
free 28 -1 2168 456
free 27 -1 2584 456
alloc 30 331 1696 2216 456
free 21 -1 2816 456
alloc 16 472 5240 2328 456
free 47 -1 2928 456
alloc 2 300 5728 2608 456
alloc 41 567 6048 2000 456
free 20 -1 2464 456
free 35 -1 2520 456
alloc 38 149 2192 2352 456
alloc 29 566 2672 1768 456
free 24 -1 2120 456
free 23 -1 2256 456
alloc 26 251 4888 1984 456
alloc 1 428 8920 1536 456
alloc 28 343 8024 1176 456
alloc 43 413 -1 1176 456
alloc 46 335 10872 824 456
free 37 -1 928 456
free 16 -1 1416 456
alloc 47 495 5160 904 456
free 2 -1 1224 456
free 9 -1 1344 456
free 36 -1 1600 456
free 19 -1 1664 456
free 38 -1 1832 456
free 13 -1 2064 456
alloc 8 136 16 1912 456
alloc 39 506 -1 1912 456
alloc 10 477 472 1416 456
free 17 -1 1808 456
free 44 -1 2160 456
alloc 43 488 -1 2160 456
alloc 14 340 5672 1784 456
alloc 21 320 7672 1432 456
alloc 16 294 10480 1120 456
free 15 -1 1216 456
alloc 18 303 1368 888 456
free 25 -1 1048 456
free 4 -1 1584 456
alloc 3 593 -1 1584 456
free 6 -1 1840 456
free 29 -1 2424 456
free 8 -1 2576 456
alloc 23 544 2192 2016 456
free 26 -1 2288 456
alloc 17 375 16 1888 456
free 28 -1 2248 456
alloc 27 86 2752 2144 456
free 14 -1 2520 456
alloc 37 488 2856 2016 456
free 0 -1 2496 456
free 47 -1 3008 456
free 18 -1 3336 456
free 41 -1 3944 456
alloc 36 379 4888 3544 456
alloc 19 449 5288 3072 456
free 22 -1 3472 456
free 45 -1 3880 456
free 40 -1 4008 456
alloc 7 230 968 3760 456
free 42 -1 3944 456
free 17 -1 4344 456
alloc 28 100 16 4224 456
alloc 11 68 136 4136 456
free 46 -1 4488 456
free 37 -1 4992 456
free 32 -1 5048 456
alloc 15 214 224 4800 456
free 34 -1 5224 456
alloc 9 481 2856 4720 456
free 36 -1 5120 456
free 19 -1 5592 456
alloc 38 169 1216 5400 456
alloc 13 77 1408 5304 456
alloc 8 77 1504 5208 456
alloc 39 387 3360 4800 456
free 10 -1 5296 456
free 33 -1 5784 456
free 28 -1 5904 456
free 11 -1 5992 456
alloc 14 401 472 5568 456
free 21 -1 5920 456
alloc 0 302 3768 5592 456
alloc 31 78 16 5496 456
alloc 2 231 4888 5248 456
alloc 25 329 5136 4896 456
alloc 4 319 5488 4560 456
alloc 19 407 5824 4136 456
alloc 22 139 6248 3976 456
free 13 -1 4072 456
free 8 -1 4168 456
free 39 -1 4576 456
alloc 42 339 3360 4216 456
alloc 33 493 7184 3704 456
alloc 44 343 7696 3344 456
alloc 11 466 8056 2856 456
free 30 -1 3224 456
alloc 21 564 1408 2640 456
alloc 32 135 1992 2488 456
alloc 47 574 9368 1896 456
free 2 -1 2144 456
alloc 41 593 -1 2144 456
alloc 20 211 4888 1896 456
free 19 -1 2320 456
alloc 6 509 -1 2320 456
alloc 45 29 112 2272 456
alloc 40 229 5824 2024 456
alloc 39 297 8544 1704 456
alloc 10 32 160 1640 456
free 1 -1 2088 456
alloc 12 340 8864 1728 456
free 27 -1 1832 456
free 14 -1 2256 456
free 21 -1 2840 456
free 0 -1 3168 456
free 47 -1 3760 456
alloc 34 335 472 3408 456
alloc 41 588 9224 2800 456
free 20 -1 3048 456
alloc 35 154 1408 2872 456
alloc 6 564 9832 2288 456
free 45 -1 2336 456
free 40 -1 2584 456
free 39 -1 2904 456
free 42 -1 3264 456
free 33 -1 3776 456
alloc 28 416 3360 3344 456
alloc 43 66 824 3256 456
alloc 14 30 112 3208 456
free 5 -1 3472 456
free 32 -1 3624 456
free 31 -1 3720 456
alloc 2 380 1584 3320 456
free 9 -1 3824 456
alloc 20 409 2752 3392 456
free 35 -1 3568 456
free 6 -1 4152 456
alloc 13 553 9832 3576 456
alloc 8 425 4624 3128 456
free 7 -1 3376 456
free 10 -1 3440 456
alloc 1 548 -1 3440 456
free 12 -1 3800 456
free 11 -1 4288 456
alloc 46 399 5824 3864 456
alloc 37 146 912 3696 456
alloc 32 572 8056 3104 456
alloc 47 63 16 3008 456
free 34 -1 3360 456
free 41 -1 3968 456
alloc 36 173 472 3776 456
alloc 35 280 3792 3472 456
alloc 6 186 1984 3264 456
alloc 29 321 7184 2920 456
free 8 -1 3368 456
free 23 -1 3928 456
alloc 26 330 2192 3576 456
alloc 33 33 160 3512 456
alloc 12 257 4624 3232 456
alloc 27 483 8648 2728 456
free 14 -1 2776 456
alloc 5 515 9152 2240 456
free 32 -1 2832 456
alloc 31 557 8056 2240 456
alloc 34 100 664 2120 456
free 25 -1 2472 456
free 20 -1 2904 456
alloc 19 222 2544 2664 456
free 6 -1 2872 456
free 29 -1 3216 456
alloc 40 73 1080 3120 456
alloc 39 53 1408 3048 456
free 26 -1 3400 456
free 33 -1 3464 456
free 28 -1 3896 456
free 27 -1 4400 456
alloc 14 523 1984 3840 456
alloc 21 443 2784 3376 456
free 16 -1 3688 456
free 31 -1 4280 456
free 2 -1 4680 456
alloc 25 291 1480 4368 456
free 36 -1 4560 456
alloc 3 20 112 4520 456
free 38 -1 4712 456
alloc 29 471 3248 4224 456
free 40 -1 4320 456
alloc 23 67 472 4232 456
alloc 42 333 4904 3880 456
alloc 1 381 7184 3480 456
alloc 28 580 8056 2880 456
free 43 -1 2968 456
free 14 -1 3528 456
free 5 -1 4064 456
alloc 16 500 1792 3544 456
free 15 -1 3792 456
alloc 2 488 8656 3288 456
free 25 -1 3600 456
free 4 -1 3936 456
free 3 -1 3976 456
free 22 -1 4136 456
alloc 45 103 112 4016 456
alloc 40 343 5256 3656 456
alloc 7 161 232 3472 456
alloc 10 322 6248 3128 456
free 1 -1 3528 456
free 44 -1 3888 456
alloc 11 543 7184 3328 456
alloc 30 14 416 3272 456
alloc 5 220 1080 3032 456
alloc 32 560 9160 2456 456
alloc 31 86 560 2352 456
alloc 18 364 10408 1968 456
alloc 25 233 1480 1712 456
alloc 4 319 10792 1376 456
free 35 -1 1680 456
alloc 6 70 784 1592 456
free 29 -1 2080 456
alloc 8 300 3248 1760 456
free 7 -1 1944 456
alloc 26 438 3568 1488 456
alloc 1 547 -1 1488 456
free 28 -1 2088 456
alloc 43 140 232 1904 456
free 46 -1 2328 456
free 21 -1 2792 456
free 32 -1 3368 456
alloc 15 436 2784 2904 456
free 2 -1 3408 456
alloc 9 431 5616 2960 456
alloc 20 539 7744 2400 456
alloc 35 55 1320 2312 456
alloc 22 250 8304 2040 456
free 13 -1 2616 456
free 40 -1 2976 456
free 39 -1 3048 456
free 10 -1 3392 456
alloc 33 320 5256 3032 456
alloc 28 385 6064 2624 456
free 43 -1 2808 456
alloc 14 303 8576 2488 456
free 37 -1 2656 456
free 16 -1 3176 456
free 15 -1 3640 456
alloc 2 461 1736 3160 456
alloc 41 228 2216 2912 456
alloc 36 143 232 2728 456
alloc 3 240 2784 2472 456
alloc 38 62 872 2392 456
alloc 29 387 8896 1984 456
alloc 40 108 952 1856 456
alloc 7 154 3040 1648 456
free 26 -1 2104 456
alloc 1 513 9304 1568 456
free 12 -1 1848 456
free 11 -1 2408 456
free 30 -1 2464 456
free 5 -1 2704 456
alloc 16 24 416 2648 456
alloc 15 466 3568 2160 456
free 34 -1 2280 456
free 41 -1 2528 456
free 20 -1 3088 456
free 3 -1 3344 456
free 22 -1 3616 456
free 29 -1 4024 456
free 8 -1 4344 456
alloc 39 391 7184 3936 456
alloc 26 59 664 3856 456
alloc 17 345 7592 3488 456
free 28 -1 3896 456
alloc 27 336 6064 3544 456
alloc 46 63 1080 3464 456
alloc 37 290 2216 3136 456
alloc 0 50 1160 3064 456
free 47 -1 3160 456
free 18 -1 3544 456
alloc 41 546 7960 2976 456
free 36 -1 3160 456
alloc 3 438 9840 2704 456
free 38 -1 2784 456
free 45 -1 2904 456
alloc 8 312 16 2576 456
free 39 -1 2984 456
free 42 -1 3336 456
free 33 -1 3696 456
alloc 12 481 4624 3192 456
alloc 11 430 5128 2744 456
alloc 30 513 -1 2744 456
free 37 -1 3072 456
free 0 -1 3144 456
free 15 -1 3632 456
alloc 34 284 2216 3304 456
free 9 -1 3752 456
alloc 20 87 1160 3648 456
free 3 -1 4104 456
alloc 38 539 3248 3544 456
alloc 13 207 2784 3288 456
free 8 -1 3616 456
free 7 -1 3824 456
alloc 10 188 16 3616 456
free 17 -1 3984 456
alloc 28 21 224 3944 456
free 27 -1 4296 456
free 46 -1 4376 456
alloc 37 232 3808 4128 456
free 16 -1 4184 456
alloc 15 587 5576 3576 456
free 2 -1 4056 456
alloc 9 46 264 3992 456
free 4 -1 4328 456
free 35 -1 4416 456
free 6 -1 4504 456
free 13 -1 4760 456
alloc 24 347 1736 4392 456
free 23 -1 4480 456
free 26 -1 4560 456
alloc 33 335 2784 4208 456
alloc 44 1 328 4184 456
free 11 -1 4632 456
alloc 30 455 6184 4160 456
alloc 21 254 664 3872 456
alloc 0 375 5128 3480 456
free 15 -1 4088 456
free 34 -1 4416 456
free 9 -1 4480 456
alloc 4 72 352 4392 456
alloc 3 207 2104 4168 456
alloc 22 180 1264 3952 456
alloc 29 202 5520 3728 456
free 24 -1 4096 456
alloc 23 230 1736 3848 456
free 10 -1 4056 456
alloc 17 341 5744 3696 456
free 44 -1 3720 456
alloc 27 220 7184 3480 456
free 14 -1 3800 456
free 21 -1 4088 456
alloc 32 216 664 3856 456
alloc 15 377 7424 3456 456
alloc 18 356 8528 3080 456
alloc 9 92 16 2968 456
alloc 36 193 2328 2752 456
alloc 35 180 8904 2552 456
free 38 -1 3112 456
free 29 -1 3336 456
free 40 -1 3464 456
free 23 -1 3712 456
alloc 42 379 3136 3312 456
free 17 -1 3672 456
free 12 -1 4176 456
alloc 43 108 896 4048 456
alloc 14 8 128 4024 456
alloc 5 447 4624 3560 456
free 0 -1 3952 456
free 15 -1 4352 456
alloc 2 454 5088 3880 456
free 9 -1 3992 456
free 20 -1 4096 456
free 19 -1 4336 456
alloc 38 559 5560 3760 456
alloc 13 363 7424 3376 456
alloc 40 461 9840 2896 456
alloc 39 393 10320 2480 456
free 42 -1 2880 456
free 1 -1 3416 456
alloc 12 28 16 3368 456
free 27 -1 3608 456
free 30 -1 4080 456
free 5 -1 4544 456
free 32 -1 4776 456
alloc 47 457 3136 4296 456
free 18 -1 4672 456
free 41 -1 5240 456
free 36 -1 5456 456
free 35 -1 5656 456
alloc 6 412 2328 5200 456
alloc 45 512 7808 4672 456
free 40 -1 5152 456
free 39 -1 5568 456
alloc 26 388 4624 5160 456
free 33 -1 5512 456
free 28 -1 5552 456
free 43 -1 5680 456
free 14 -1 5704 456
alloc 21 530 664 5152 456
alloc 32 37 64 5096 456
free 47 -1 5576 456
free 2 -1 6048 456
alloc 9 333 1736 5680 456
free 4 -1 5768 456
alloc 19 416 120 5328 456
free 22 -1 5544 456
free 13 -1 5928 456
alloc 40 475 2784 5432 456
alloc 23 2 1216 5408 456
alloc 10 230 3280 5160 456
alloc 1 276 5032 4864 456
free 12 -1 4912 456
alloc 43 53 1240 4840 456
alloc 30 18 16 4792 456
free 37 -1 5040 456
alloc 0 258 3528 4760 456
free 31 -1 4864 456
alloc 2 555 7184 4288 456
free 25 -1 4544 456
alloc 4 403 1312 4120 456
free 19 -1 4560 456
free 38 -1 5136 456
alloc 29 89 120 5024 456
alloc 24 405 232 4592 456
free 23 -1 4616 456
alloc 42 383 5328 4216 456
free 1 -1 4512 456
alloc 12 457 5728 4032 456
alloc 27 411 6208 3584 456
free 30 -1 3632 456
alloc 5 427 8336 3184 456
free 32 -1 3240 456
alloc 15 600 8784 2624 456
free 2 -1 3200 456
free 9 -1 3568 456
alloc 20 519 7184 3032 456
alloc 35 379 9400 2632 456
alloc 38 147 1736 2464 456
free 45 -1 2992 456
alloc 8 303 7720 2672 456
alloc 23 464 9800 2192 456
free 26 -1 2600 456
alloc 1 114 1904 2464 456
free 12 -1 2944 456
alloc 11 329 4624 2592 456
alloc 30 128 3808 2448 456
alloc 37 152 4976 2280 456
free 0 -1 2560 456
alloc 31 256 3528 2280 456
alloc 34 371 5728 1888 456
alloc 41 352 10280 1520 456
free 4 -1 1944 456
free 35 -1 2344 456
alloc 22 357 1312 1968 456
alloc 45 508 10648 1440 456
free 8 -1 1760 456
alloc 39 216 7720 1528 456
free 42 -1 1928 456
free 1 -1 2064 456
alloc 12 335 5144 1712 456
free 27 -1 2160 456
alloc 46 100 1904 2040 456
free 21 -1 2592 456
alloc 0 319 664 2256 456
free 15 -1 2872 456
free 34 -1 3264 456
alloc 9 273 5496 2968 456
free 20 -1 3504 456
alloc 35 113 1000 3368 456
free 22 -1 3744 456
free 29 -1 3856 456
free 40 -1 4352 456
alloc 7 225 1312 4104 456
alloc 26 279 2784 3808 456
alloc 33 338 5792 3448 456
alloc 44 128 16 3304 456
free 43 -1 3376 456
free 30 -1 3520 456
free 5 -1 3968 456
alloc 32 136 1136 3792 456
free 31 -1 4072 456
alloc 34 9 160 4040 456
free 9 -1 4336 456
alloc 4 407 3528 3912 456
free 35 -1 4048 456
free 6 -1 4504 456
alloc 13 280 2328 4208 456
alloc 8 588 7952 3600 456
free 23 -1 4080 456
free 10 -1 4328 456
alloc 1 291 3080 4016 456
alloc 28 354 6152 3640 456
free 11 -1 3992 456
alloc 30 269 4624 3704 456
free 37 -1 3872 456
free 32 -1 4048 456
alloc 47 550 8560 3480 456
alloc 2 358 7184 3104 456
alloc 25 340 9128 2744 456
free 4 -1 3168 456
free 3 -1 3392 456
alloc 6 277 1000 3080 456
alloc 29 136 1560 2904 456
free 8 -1 3512 456
free 7 -1 3760 456
free 26 -1 4056 456
free 1 -1 4368 456
free 44 -1 4512 456
alloc 27 178 1312 4312 456
free 30 -1 4600 456
alloc 21 167 2024 4416 456
free 0 -1 4752 456
alloc 31 172 664 4560 456
free 2 -1 4936 456
free 25 -1 5296 456
alloc 4 205 2624 5072 456
alloc 35 562 2848 4488 456
alloc 22 209 3432 4256 456
free 29 -1 4432 456
alloc 40 500 4624 3912 456
free 39 -1 4144 456
alloc 10 327 3664 3800 456
free 33 -1 4160 456
alloc 44 269 5496 3872 456
alloc 43 210 5784 3640 456
alloc 30 451 7184 3168 456
alloc 5 125 16 3024 456
alloc 0 547 7656 2456 456
alloc 15 242 8224 2192 456
free 34 -1 2224 456
free 41 -1 2592 456
alloc 36 350 9128 2224 456
free 35 -1 2808 456
free 22 -1 3040 456
alloc 29 158 1512 2864 456
free 24 -1 3296 456
alloc 39 495 2848 2784 456
free 10 -1 3128 456
alloc 17 425 160 2680 456
free 12 -1 3032 456
alloc 11 395 3360 2616 456
alloc 14 469 9496 2128 456
free 5 -1 2272 456
alloc 16 7 16 2248 456
free 47 -1 2816 456
alloc 18 96 40 2696 456
alloc 41 146 3776 2528 456
free 4 -1 2752 456
alloc 19 347 8488 2384 456
free 38 -1 2552 456
free 45 -1 3080 456
alloc 24 469 9984 2592 456
alloc 23 213 5144 2360 456
alloc 42 343 10472 2000 456
alloc 1 383 10832 1568 456
free 44 -1 1856 456
free 27 -1 2056 456
free 30 -1 2528 456
free 21 -1 2712 456
free 16 -1 2736 456
alloc 47 34 608 2680 456
free 18 -1 2800 456
alloc 25 312 5376 2472 456
alloc 4 490 -1 2472 456
free 19 -1 2840 456
alloc 38 427 7184 2368 456
alloc 45 529 8488 1816 456
free 40 -1 2336 456
free 39 -1 2848 456
free 42 -1 3208 456
alloc 33 580 2624 2608 456
free 28 -1 2984 456
free 43 -1 3216 456
alloc 30 376 4624 2824 456
alloc 21 155 1312 2624 456
free 0 -1 3192 456
free 47 -1 3248 456
alloc 2 401 5704 2824 456
alloc 9 174 1688 2608 456
alloc 20 574 -1 2608 456
alloc 19 89 16 2464 456
alloc 22 517 7656 1896 456
free 29 -1 2072 456
alloc 40 384 6128 1672 456
free 23 -1 1904 456
alloc 26 536 -1 1904 456
free 33 -1 2504 456
alloc 28 180 2024 2304 456
alloc 43 94 856 2160 456
free 46 -1 2280 456
alloc 5 249 2624 2008 456
alloc 32 585 -1 2008 456
alloc 47 368 2896 1624 456
free 2 -1 2048 456
free 9 -1 2264 456
alloc 20 557 -1 2264 456
free 19 -1 2408 456
free 6 -1 2720 456
alloc 29 194 1000 2504 456
free 40 -1 2904 456
alloc 23 374 1512 2512 456
alloc 26 551 5704 1944 456
free 17 -1 2392 456
alloc 12 494 16 1880 456
free 11 -1 2296 456
free 14 -1 2784 456
free 21 -1 2984 456
alloc 0 446 3280 2488 456
free 15 -1 2752 456
alloc 18 468 9496 2264 456
free 25 -1 2592 456
free 36 -1 2960 456
alloc 35 596 5016 2344 456
alloc 6 94 528 2208 456
free 13 -1 2504 456
alloc 8 324 2224 2160 456
alloc 7 212 1216 1928 456
free 26 -1 2496 456
alloc 17 408 5632 2072 456
free 12 -1 2584 456
free 43 -1 2728 456
alloc 14 408 16 2304 456
alloc 21 404 6056 1880 456
free 0 -1 2376 456
free 47 -1 2760 456
free 18 -1 3248 456
alloc 9 367 2896 2864 456
alloc 20 163 3280 2680 456
alloc 19 34 440 2592 456
free 6 -1 2728 456
free 45 -1 3280 456
free 8 -1 3624 456
free 7 -1 3856 456
alloc 42 170 1216 3664 456
free 17 -1 4088 456
free 28 -1 4288 456
alloc 43 207 1904 4064 456
alloc 46 105 528 3928 456
free 21 -1 4352 456
alloc 0 396 2128 3936 456
free 31 -1 4128 456
alloc 34 551 5632 3560 456
alloc 25 479 8224 3064 456
alloc 36 487 8720 2560 456
free 35 -1 3176 456
alloc 6 196 664 2960 456
alloc 13 254 3464 2688 456
alloc 40 348 5016 2320 456
alloc 7 458 9224 1840 456
free 42 -1 2032 456
alloc 17 294 6200 1720 456
alloc 44 349 -1 1720 456
alloc 11 424 -1 1720 456
free 30 -1 2112 456
alloc 37 335 4624 1760 456
alloc 32 5 880 1736 456
alloc 15 218 1216 1496 456
alloc 18 233 9704 1216 456
free 9 -1 1600 456
free 36 -1 2104 456
free 19 -1 2192 456
free 22 -1 2760 456
free 29 -1 2976 456
free 24 -1 3464 456
free 23 -1 3856 456
alloc 26 147 904 3688 456
free 1 -1 4120 456
alloc 44 540 7656 3552 456
free 43 -1 3776 456
free 14 -1 4200 456
alloc 21 493 16 3688 456
alloc 16 279 1456 3392 456
alloc 47 127 1072 3248 456
alloc 2 115 1752 3112 456
alloc 9 480 8720 2608 456
free 20 -1 2792 456
alloc 3 22 1888 2752 456
free 38 -1 3224 456
alloc 29 305 2896 2896 456
alloc 8 592 9984 2288 456
alloc 23 389 7184 1880 456
free 26 -1 2048 456
alloc 1 183 1928 1848 456
alloc 12 577 10592 1248 456
alloc 43 208 3224 1008 456
alloc 30 193 5384 760 456
free 37 -1 1112 456
free 32 -1 1136 456
free 15 -1 1376 456
free 2 -1 1512 456
free 41 -1 1680 456
alloc 4 106 880 1552 456
free 3 -1 1592 456
alloc 22 334 3736 1232 456
free 29 -1 1560 456
free 40 -1 1928 456
alloc 39 77 1216 1832 456
alloc 10 116 1312 1688 456
free 1 -1 1888 456
free 44 -1 2456 456
alloc 27 590 4624 1848 456
free 46 -1 1984 456
free 21 -1 2496 456
free 16 -1 2792 456
free 47 -1 2936 456
free 34 -1 3504 456
free 25 -1 4000 456
free 4 -1 4128 456
alloc 19 321 16 3784 456
free 22 -1 4144 456
alloc 29 39 360 4088 456
alloc 40 200 416 3840 456
free 7 -1 4320 456
alloc 42 573 1456 3728 456
alloc 33 95 880 3616 456
alloc 44 537 5632 3048 456
free 27 -1 3656 456
alloc 46 380 4624 3256 456
free 5 -1 3528 456
alloc 16 228 2544 3280 456
alloc 47 448 7592 2816 456
free 18 -1 3096 456
free 9 -1 3600 456
alloc 20 53 992 3528 456
alloc 35 17 1064 3488 456
free 6 -1 3704 456
free 29 -1 3760 456
free 40 -1 4008 456
alloc 7 193 360 3792 456
alloc 26 135 576 3640 456
free 33 -1 3752 456
free 12 -1 4352 456
alloc 27 436 8056 3896 456
free 30 -1 4144 456
alloc 37 310 2792 3816 456
alloc 32 440 5024 3360 456
alloc 31 478 8512 2864 456
alloc 18 476 9008 2368 456
alloc 25 25 728 2320 456
alloc 4 335 3736 1960 456
alloc 3 178 776 1744 456
alloc 38 344 9504 1384 456
alloc 45 346 10592 1016 456
alloc 40 334 -1 1016 456
free 23 -1 1424 456
free 26 -1 1576 456
free 17 -1 1888 456
free 44 -1 2456 456
free 43 -1 2696 456
free 46 -1 3096 456
alloc 5 303 3120 2752 456
free 32 -1 3208 456
free 47 -1 3672 456
alloc 2 574 4624 3080 456
free 25 -1 3128 456
free 20 -1 3200 456
free 35 -1 3240 456
alloc 22 186 992 3016 456
alloc 29 352 5216 2648 456
alloc 40 373 5584 2256 456
alloc 23 196 5976 2040 456
free 42 -1 2632 456
alloc 1 142 576 2472 456
alloc 44 222 1456 2232 456
alloc 43 255 1696 1960 456
alloc 46 321 6192 1616 456
free 5 -1 1960 456
free 0 -1 2376 456
alloc 47 9 736 2336 456
free 18 -1 2832 456
alloc 9 322 1968 2488 456
alloc 36 327 3120 2144 456
alloc 35 306 7184 1816 456
alloc 6 284 7512 1512 456
free 29 -1 1880 456
free 8 -1 2488 456
free 39 -1 2584 456
free 10 -1 2728 456
alloc 33 131 1216 2576 456
alloc 28 184 2312 2344 456
free 43 -1 2616 456
free 46 -1 2960 456
free 37 -1 3288 456
alloc 32 581 9864 2688 456
free 47 -1 2728 456
alloc 18 73 1696 2632 456
free 9 -1 2976 456
alloc 20 569 -1 2976 456
free 3 -1 3192 456
free 38 -1 3552 456
free 45 -1 3920 456
free 40 -1 4312 456
free 7 -1 4528 456
alloc 26 483 1792 4008 456
free 1 -1 4168 456
alloc 12 242 360 3904 456
alloc 11 395 5216 3488 456
alloc 30 450 9008 3016 456
alloc 21 421 6192 2552 456
free 16 -1 2800 456
alloc 47 487 2544 2296 456
free 18 -1 2392 456
alloc 41 538 10464 1832 456
free 4 -1 2192 456
free 35 -1 2520 456
free 6 -1 2824 456
alloc 29 537 7184 2264 456
alloc 40 234 624 2008 456
free 23 -1 2224 456
free 26 -1 2744 456
free 33 -1 2896 456
free 12 -1 3160 456
alloc 43 304 1696 2840 456
alloc 14 44 360 2776 456
free 21 -1 3240 456
alloc 16 286 3736 2936 456
free 47 -1 3440 456
free 2 -1 4032 456
free 41 -1 4592 456
free 36 -1 4936 456
alloc 3 425 2544 4488 456
alloc 38 251 2016 4192 456
free 13 -1 4464 456
alloc 24 420 2992 4024 456
alloc 23 112 424 3896 456
alloc 10 596 5632 3280 456
alloc 17 567 4624 2688 456
alloc 12 88 880 2576 456
free 11 -1 2992 456
free 30 -1 3464 456
alloc 5 190 1216 3224 456
free 32 -1 3824 456
free 31 -1 4320 456
alloc 34 155 3432 4144 456
alloc 25 299 5216 3824 456
alloc 4 185 6248 3616 456
free 19 -1 3960 456
alloc 6 400 8512 3544 456
free 29 -1 4104 456
free 40 -1 4360 456
alloc 7 510 7184 3832 456
alloc 42 101 16 3712 456
alloc 1 301 552 3384 456
free 28 -1 3616 456
alloc 11 252 7712 3344 456
alloc 46 596 8928 2728 456
free 5 -1 2968 456
free 16 -1 3272 456
alloc 31 363 3608 2888 456
alloc 18 541 9544 2328 456
alloc 41 499 10104 1808 456
free 4 -1 2016 456
free 3 -1 2464 456
free 38 -1 2760 456
alloc 13 101 136 2640 456
alloc 8 493 2016 2128 456
alloc 39 395 2528 1712 456
free 10 -1 2328 456
free 17 -1 2920 456
alloc 28 507 4624 2392 456
free 43 -1 2712 456
alloc 30 150 1216 2544 456
alloc 21 529 5536 1992 456
alloc 16 131 1696 1840 456
free 31 -1 2224 456
free 34 -1 2400 456
alloc 9 76 256 2296 456
alloc 36 377 3432 1896 456
alloc 19 375 6088 1504 456
alloc 38 512 10624 976 456
alloc 29 477 -1 976 456
alloc 40 566 -1 976 456
free 7 -1 1504 456
alloc 26 494 7184 976 456
free 1 -1 1304 456
free 28 -1 1832 456
free 11 -1 2104 456
free 30 -1 2272 456
alloc 37 113 552 2136 456
alloc 0 349 4624 1768 456
alloc 47 22 688 1728 456
free 18 -1 2288 456
free 9 -1 2392 456
alloc 4 534 9544 1832 456
alloc 3 437 -1 1832 456
free 6 -1 2248 456
alloc 45 85 256 2144 456
free 24 -1 2584 456
free 23 -1 2712 456
alloc 10 568 -1 2712 456
alloc 1 222 1216 2472 456
free 12 -1 2584 456
alloc 11 277 2944 2288 456
alloc 30 172 728 2096 456
free 21 -1 2648 456
free 0 -1 3016 456
free 47 -1 3056 456
alloc 18 418 4624 2616 456
alloc 9 130 1848 2448 456
free 4 -1 3008 456
alloc 3 176 3240 2816 456
alloc 6 500 5536 2264 456
alloc 29 131 3832 2112 456
alloc 24 79 424 1984 456
alloc 23 535 9544 1424 456
free 26 -1 1952 456
alloc 33 579 7184 1352 456
alloc 12 59 3984 1240 456
alloc 43 266 8512 952 456
free 46 -1 1568 456
free 37 -1 1704 456
alloc 0 499 8800 1184 456
alloc 31 471 -1 1184 456
free 18 -1 1624 456
free 25 -1 1944 456
alloc 20 465 4624 1456 456
free 19 -1 1848 456
free 38 -1 2376 456
free 13 -1 2496 456
alloc 40 515 6088 1928 456
alloc 7 221 5112 1688 456
alloc 26 187 7784 1480 456
free 33 -1 2080 456
free 44 -1 2320 456
free 43 -1 2608 456
free 14 -1 2672 456
alloc 37 18 136 2632 456
alloc 32 148 552 2456 456
alloc 47 215 1456 2216 456
alloc 2 363 7184 1832 456
free 41 -1 2352 456
free 20 -1 2840 456
free 3 -1 3032 456
alloc 38 380 4624 2632 456
free 29 -1 2784 456
free 8 -1 3296 456
free 7 -1 3536 456
free 42 -1 3656 456
alloc 17 244 2016 3392 456
alloc 44 243 5024 3128 456
alloc 43 280 10104 2832 456
alloc 14 420 10400 2392 456
free 37 -1 2432 456
free 0 -1 2952 456
alloc 15 200 16 2712 456
alloc 18 583 8512 2112 456
free 9 -1 2280 456
alloc 4 474 -1 2280 456
alloc 3 321 9112 1936 456
free 22 -1 2160 456
free 45 -1 2264 456
free 24 -1 2392 456
free 39 -1 2808 456
alloc 42 270 256 2512 456
free 1 -1 2752 456
free 12 -1 2864 456
free 43 -1 3160 456
free 30 -1 3352 456
alloc 5 470 728 2864 456
free 32 -1 3040 456
free 15 -1 3280 456
free 18 -1 3880 456
alloc 25 187 16 3640 456
alloc 4 361 2280 3256 456
free 3 -1 3600 456
free 6 -1 4152 456
alloc 45 196 1216 3912 456
alloc 24 43 552 3848 456
alloc 7 206 2664 3624 456
alloc 10 571 5288 3032 456
alloc 33 23 616 2992 456
alloc 28 444 8512 2528 456
free 11 -1 2824 456
alloc 46 460 2888 2344 456
free 5 -1 2832 456
alloc 32 569 -1 2832 456
alloc 15 150 656 2664 456
alloc 34 370 824 2272 456
free 25 -1 2512 456
free 36 -1 2912 456
alloc 35 281 3368 2608 456
alloc 6 327 3672 2264 456
alloc 13 93 16 2152 456
alloc 8 221 8976 1912 456
free 7 -1 2136 456
free 26 -1 2344 456
alloc 1 64 128 2264 456
alloc 12 126 1848 2096 456
free 27 -1 2552 456
free 14 -1 2992 456
alloc 21 265 7568 2704 456
alloc 0 14 208 2656 456
alloc 31 582 7856 2056 456
alloc 18 548 10104 1488 456
alloc 9 268 9216 1200 456
alloc 36 329 10672 848 456
free 35 -1 1152 456
alloc 22 139 2664 992 456
free 13 -1 1104 456
free 40 -1 1672 456
alloc 7 452 5880 1200 456
free 10 -1 1792 456
free 1 -1 1872 456
free 28 -1 2336 456
alloc 43 500 5288 1816 456
free 46 -1 2296 456
alloc 5 31 16 2248 456
free 0 -1 2296 456
free 15 -1 2464 456
free 2 -1 2848 456
free 9 -1 3136 456
free 36 -1 3488 456
alloc 35 7 64 3464 456
free 22 -1 3624 456
alloc 13 267 2664 3336 456
free 24 -1 3400 456
free 7 -1 3872 456
free 42 -1 4168 456
free 33 -1 4208 456
free 12 -1 4376 456
alloc 11 597 88 3760 456
alloc 46 577 2952 3160 456
free 5 -1 3208 456
alloc 32 446 5808 2744 456
alloc 15 167 6272 2560 456
free 34 -1 2952 456
alloc 9 410 704 2520 456
alloc 20 138 1848 2352 456
alloc 3 592 -1 2352 456
free 38 -1 2752 456
alloc 29 27 16 2704 456
free 8 -1 2944 456
alloc 7 170 4624 2752 456
alloc 42 9 1136 2720 456
alloc 33 51 3552 2648 456
alloc 12 259 7184 2368 456
free 11 -1 2984 456
free 46 -1 3584 456
alloc 37 591 88 2968 456
free 16 -1 3120 456
free 15 -1 3304 456
free 18 -1 3872 456
alloc 41 311 2952 3544 456
free 4 -1 3928 456
alloc 19 168 2280 3744 456
alloc 38 333 6272 3360 456
free 13 -1 3648 456
alloc 40 179 2464 3448 456
free 7 -1 3640 456
alloc 10 582 8456 3040 456
free 33 -1 3112 456
alloc 28 447 9056 2624 456
free 43 -1 3144 456
alloc 14 477 5288 2624 456
free 21 -1 2912 456
free 32 -1 3376 456
alloc 15 333 3280 3024 456
alloc 34 109 1696 2872 456
alloc 25 85 2664 2768 456
alloc 4 187 4624 2560 456
free 35 -1 2584 456
free 38 -1 2968 456
free 29 -1 3016 456
free 40 -1 3216 456
alloc 7 184 2464 3016 456
free 10 -1 3616 456
alloc 33 217 5808 3376 456
free 28 -1 3864 456
alloc 11 334 6048 3512 456
free 14 -1 4032 456
alloc 5 51 16 3960 456
alloc 16 574 8456 3368 456
free 47 -1 3608 456
free 34 -1 3760 456
free 41 -1 4088 456
free 4 -1 4296 456
alloc 35 563 10104 3712 456
free 6 -1 4056 456
alloc 29 332 1456 3704 456
alloc 8 439 2768 3248 456
free 23 -1 3808 456
alloc 10 92 3632 3696 456
alloc 1 426 5288 3248 456
free 12 -1 3528 456
alloc 27 102 3744 3408 456
alloc 46 349 4624 3008 456
alloc 21 499 7184 2488 456
free 16 -1 3080 456
alloc 47 237 6400 2824 456
alloc 18 534 8456 2272 456
alloc 41 328 9008 1928 456
free 20 -1 2096 456
free 19 -1 2280 456
alloc 6 248 9352 2016 456
alloc 13 442 9616 1528 456
alloc 40 448 10688 1064 456
free 7 -1 1264 456
alloc 26 176 1808 1056 456
free 33 -1 1296 456
alloc 28 564 -1 1296 456
alloc 43 598 -1 1296 456
free 46 -1 1696 456
free 5 -1 1768 456
alloc 16 460 -1 1768 456
free 47 -1 2024 456
alloc 34 346 2280 1640 456
free 41 -1 1984 456
alloc 36 522 -1 1984 456
alloc 19 380 4624 1584 456
free 6 -1 1848 456
free 45 -1 2088 456
alloc 24 554 9008 1480 456
alloc 7 329 -1 1480 456
free 10 -1 1592 456
alloc 33 466 -1 1592 456
alloc 28 219 1168 1352 456
free 11 -1 1704 456
alloc 14 209 3864 1472 456
alloc 5 300 5736 1152 456
alloc 32 584 6056 552 456
free 31 -1 1152 456
alloc 2 15 16 1120 456
free 9 -1 1552 456
alloc 4 55 704 1480 456
alloc 3 522 7704 936 456
alloc 22 451 -1 936 456
free 29 -1 1288 456
free 40 -1 1752 456
alloc 23 65 776 1664 456
free 26 -1 1872 456
free 1 -1 2320 456
free 44 -1 2584 456
free 27 -1 2704 456
alloc 46 146 864 2536 456
free 21 -1 3056 456
alloc 0 77 1032 2952 456
alloc 47 46 1408 2888 456
free 34 -1 3272 456
alloc 9 183 1472 3072 456
alloc 20 499 5024 2552 456
free 19 -1 2952 456
alloc 38 591 -1 2952 456
free 13 -1 3440 456
alloc 40 237 1672 3184 456
alloc 39 113 2280 3048 456
alloc 26 477 7184 2528 456
alloc 33 168 2416 2344 456
alloc 12 156 3632 2168 456
alloc 27 570 -1 2168 456
alloc 30 428 9616 1720 456
alloc 21 47 1928 1632 456
free 0 -1 1736 456
free 47 -1 1800 456
free 18 -1 2352 456
alloc 41 124 4624 2208 456
free 20 -1 2728 456
alloc 19 501 4768 2208 456
alloc 6 108 5288 2080 456
alloc 45 536 8248 1528 456
free 24 -1 2136 456
free 23 -1 2224 456
alloc 10 327 8800 1880 456
alloc 1 217 5416 1640 456
free 12 -1 1816 456
alloc 27 349 9144 1448 456
free 46 -1 1616 456
free 5 -1 1936 456
alloc 16 544 10688 1360 456
free 15 -1 1712 456
alloc 34 334 776 1352 456
free 9 -1 1552 456
free 4 -1 1624 456
free 19 -1 2144 456
alloc 38 421 3224 1704 456
alloc 29 350 4768 1336 456
free 40 -1 1592 456
free 39 -1 1728 456
free 42 -1 1760 456
free 17 -1 2024 456
alloc 44 436 1408 1568 456
alloc 43 373 2016 1168 456
alloc 46 55 704 1096 456
alloc 5 376 5656 696 456
alloc 0 322 -1 696 456
alloc 15 405 -1 696 456
alloc 18 568 -1 696 456
alloc 9 128 3664 552 456
alloc 36 269 -1 552 456
alloc 19 19 48 512 456
alloc 22 175 -1 512 456
alloc 13 588 -1 512 456
free 8 -1 968 456
alloc 23 597 -1 968 456
alloc 42 455 -1 968 456
free 1 -1 1208 456
free 28 -1 1448 456
free 27 -1 1816 456
free 46 -1 1888 456
free 21 -1 1976 456
alloc 0 297 2768 1656 456
alloc 15 568 -1 1656 456
free 2 -1 1688 456
free 9 -1 1832 456
alloc 4 50 704 1760 456
free 35 -1 2344 456
alloc 22 246 1136 2072 456
alloc 13 311 9144 1744 456
alloc 24 340 10064 1384 456
alloc 39 77 1864 1288 456
alloc 42 182 3664 1088 456
alloc 17 247 10424 824 456
alloc 12 424 -1 824 456
alloc 27 270 -1 824 456
free 30 -1 1272 456
free 5 -1 1672 456
free 32 -1 2272 456
alloc 15 515 5416 1736 456
alloc 2 137 5952 1576 456
free 41 -1 1720 456
alloc 36 59 3088 1640 456
free 3 -1 2184 456
free 22 -1 2456 456
free 45 -1 3008 456
alloc 8 438 6112 2552 456
free 39 -1 2648 456
free 42 -1 2848 456
alloc 1 101 1136 2728 456
alloc 28 52 1256 2656 456
alloc 27 17 1328 2616 456
alloc 30 439 7704 2160 456
free 37 -1 2776 456
free 0 -1 3096 456
free 15 -1 3632 456
free 2 -1 3792 456
alloc 41 323 88 3448 456
free 36 -1 3528 456
free 19 -1 3568 456
free 38 -1 4008 456
free 29 -1 4376 456
alloc 40 367 2768 3992 456
alloc 39 403 3152 3568 456
free 26 -1 4088 456
free 17 -1 4352 456
alloc 12 230 432 4080 456
alloc 11 455 4624 3608 456
free 14 -1 3840 456
alloc 21 585 5416 3232 456
alloc 32 168 3576 3048 456
alloc 15 289 3760 2712 456
alloc 2 95 1864 2600 456
free 41 -1 2944 456
alloc 20 132 16 2792 456
alloc 3 394 7184 2376 456
alloc 22 275 8160 2080 456
alloc 45 2 168 2056 456
free 8 -1 2512 456
alloc 7 532 6024 1960 456
free 10 -1 2304 456
free 1 -1 2424 456
free 28 -1 2496 456
free 11 -1 2968 456
alloc 46 74 192 2872 456
free 21 -1 3480 456
free 32 -1 3664 456
alloc 47 486 4624 3160 456
free 2 -1 3272 456
alloc 9 551 5416 2704 456
free 4 -1 2776 456
free 3 -1 3192 456
free 22 -1 3488 456
free 13 -1 3816 456
free 40 -1 4200 456
free 7 -1 4752 456
alloc 26 381 5984 4352 456
alloc 1 462 7184 3872 456
free 12 -1 4144 456
free 27 -1 4184 456
alloc 14 415 288 3752 456
alloc 5 66 1136 3664 456
free 16 -1 4240 456
alloc 31 220 2768 4000 456
alloc 18 130 1224 3816 456
free 9 -1 4384 456
alloc 36 463 5416 3904 456
alloc 35 394 8160 3488 456
alloc 22 153 3576 3304 456
alloc 13 118 1864 3152 456
alloc 8 498 8576 2632 456
free 39 -1 3056 456
alloc 10 487 3008 2552 456
alloc 17 318 9096 2216 456
alloc 12 235 6384 1944 456
free 43 -1 2344 456
free 46 -1 2440 456
free 5 -1 2528 456
alloc 16 464 9432 2048 456
free 31 -1 2288 456
alloc 2 188 2016 2080 456
alloc 41 63 192 1984 456
free 36 -1 2464 456
free 35 -1 2880 456
free 6 -1 3008 456
alloc 29 278 5128 2712 456
alloc 40 67 1136 2624 456
alloc 23 458 5424 2144 456
alloc 42 192 2768 1904 456
free 1 -1 2384 456
free 12 -1 2656 456
alloc 11 155 2224 2464 456
free 30 -1 2920 456
alloc 37 554 7184 2344 456
free 16 -1 2824 456
free 15 -1 3160 456
free 2 -1 3368 456
alloc 9 520 7760 2832 456
alloc 36 221 3760 2592 456
alloc 19 507 9432 2064 456
free 22 -1 2248 456
free 29 -1 2544 456
free 40 -1 2632 456
alloc 39 242 5128 2336 456
free 42 -1 2576 456
alloc 1 287 10424 2272 456
alloc 28 486 10728 1736 456
alloc 27 403 -1 1736 456
alloc 30 409 -1 1736 456
free 37 -1 2312 456
alloc 16 238 6384 2040 456
free 47 -1 2544 456
alloc 2 482 4624 2040 456
free 41 -1 2136 456
free 20 -1 2288 456
alloc 35 451 7184 1816 456
alloc 38 499 -1 1816 456
alloc 29 508 -1 1816 456
free 24 -1 2176 456
free 23 -1 2656 456
alloc 42 294 5424 2344 456
free 17 -1 2680 456
free 44 -1 3136 456
free 11 -1 3328 456
alloc 30 160 1408 3152 456
alloc 5 46 16 3088 456
alloc 0 136 1584 2936 456
alloc 15 443 9960 2472 456
free 34 -1 2832 456
alloc 41 80 192 2736 456
alloc 20 510 -1 2736 456
alloc 3 500 -1 2736 456
alloc 38 530 -1 2736 456
alloc 29 591 -1 2736 456
alloc 24 443 720 2272 456
alloc 23 355 2016 1872 456
free 42 -1 2184 456
alloc 17 282 5424 1880 456
free 28 -1 2416 456
alloc 43 110 1736 2288 456
free 30 -1 2464 456
free 5 -1 2528 456
free 0 -1 2680 456
alloc 47 272 1408 2392 456
alloc 34 514 10728 1856 456
free 9 -1 2392 456
alloc 4 456 7656 1920 456
free 19 -1 2448 456
alloc 38 17 16 2408 456
alloc 29 538 9096 1848 456
alloc 40 335 8128 1496 456
alloc 7 465 -1 1496 456
alloc 42 180 2768 1296 456
free 1 -1 1600 456
alloc 12 86 56 1488 456
alloc 27 340 -1 1488 456
alloc 30 478 -1 1488 456
alloc 21 217 3512 1240 456
alloc 0 462 -1 1240 456
free 47 -1 1528 456
free 18 -1 1712 456
free 25 -1 1816 456
free 4 -1 2288 456
alloc 3 242 1184 2024 456
free 38 -1 2064 456
free 29 -1 2624 456
free 8 -1 3144 456
free 39 -1 3440 456
free 26 -1 3840 456
alloc 1 571 5728 3248 456
free 12 -1 3360 456
alloc 27 399 7656 2944 456
alloc 30 53 16 2872 456
alloc 5 551 8480 2304 456
alloc 0 173 1448 2112 456
alloc 31 41 88 2032 456
alloc 18 187 5128 1824 456
alloc 9 463 9048 1344 456
alloc 4 286 9528 1040 456
free 3 -1 1304 456
alloc 22 594 -1 1304 456
free 13 -1 1456 456
alloc 8 203 1184 1232 456
free 23 -1 1632 456
alloc 26 253 1864 1360 456
free 33 -1 1544 456
alloc 12 500 2136 1024 456
free 27 -1 1440 456
free 14 -1 1872 456
alloc 37 172 288 1680 456
alloc 32 526 -1 1680 456
free 15 -1 2144 456
free 18 -1 2352 456
alloc 25 511 9832 1824 456
free 36 -1 2064 456
free 35 -1 2536 456
alloc 6 204 480 2296 456
free 45 -1 2320 456
free 8 -1 2544 456
alloc 39 580 7184 1944 456
free 42 -1 2144 456
free 17 -1 2448 456
alloc 28 96 1184 2336 456
alloc 11 592 -1 2336 456
free 30 -1 2408 456
free 21 -1 2656 456
alloc 32 253 2656 2384 456
free 31 -1 2464 456
alloc 18 41 16 2400 456
free 41 -1 2496 456
alloc 20 521 3512 1952 456
alloc 35 437 5128 1496 456
free 6 -1 1736 456
alloc 29 334 10360 1368 456
free 40 -1 1720 456
free 39 -1 2320 456
free 26 -1 2592 456
free 1 -1 3184 456
alloc 44 516 5584 2648 456
free 43 -1 2776 456
alloc 30 570 7184 2184 456
alloc 21 413 1640 1752 456
free 32 -1 2024 456
alloc 31 130 80 1872 456
free 2 -1 2376 456
free 9 -1 2856 456
alloc 36 21 232 2800 456
alloc 3 502 7776 2280 456
alloc 6 242 2656 2016 456
free 29 -1 2384 456
alloc 8 16 480 2352 456
alloc 23 421 4624 1912 456
free 10 -1 2416 456
alloc 33 209 2920 2184 456
free 12 -1 2704 456
alloc 27 99 512 2584 456
alloc 46 166 2072 2400 456
free 5 -1 2968 456
free 16 -1 3240 456
free 31 -1 3392 456
alloc 2 314 2256 3056 456
alloc 9 11 80 3024 456
free 20 -1 3568 456
free 3 -1 4088 456
free 6 -1 4352 456
alloc 13 199 2592 4136 456
free 24 -1 4600 456
alloc 7 75 112 4480 456
alloc 26 65 632 4392 456
alloc 1 498 3152 3872 456
free 44 -1 4408 456
free 27 -1 4528 456
free 46 -1 4712 456
free 37 -1 4904 456
alloc 32 138 288 4712 456
alloc 15 443 720 4248 456
free 34 -1 4784 456
alloc 41 360 3672 4408 456
free 4 -1 4712 456
free 35 -1 5168 456
alloc 6 80 512 5048 456
free 13 -1 5264 456
free 8 -1 5296 456
alloc 39 208 2592 5072 456
free 26 -1 5160 456
alloc 17 490 5064 4648 456
alloc 12 303 5576 4328 456
alloc 43 246 5896 4064 456
alloc 14 186 6160 3856 456
free 21 -1 4288 456
alloc 16 340 1640 3928 456
alloc 31 451 7776 3456 456
free 2 -1 3792 456
free 41 -1 4168 456
alloc 4 424 2000 3728 456
alloc 19 52 632 3640 456
alloc 38 321 3672 3296 456
alloc 13 61 1296 3216 456
alloc 40 47 1376 3144 456
free 39 -1 3368 456
alloc 26 47 2440 3304 456
free 33 -1 3536 456
free 12 -1 3856 456
alloc 11 135 2504 3704 456
free 30 -1 4296 456
alloc 5 348 2656 3928 456
free 16 -1 4288 456
free 15 -1 4752 456
free 18 -1 4816 456
alloc 41 230 720 4568 456
free 4 -1 5008 456
alloc 3 442 1640 4544 456
alloc 22 507 7184 4016 456
alloc 29 517 8248 3480 456
free 40 -1 3552 456
alloc 39 142 968 3392 456
free 26 -1 3456 456
free 1 -1 3976 456
alloc 12 509 3024 3448 456
alloc 27 303 2104 3128 456
free 14 -1 3336 456
alloc 21 564 8784 2752 456
alloc 16 178 5576 2552 456
alloc 15 204 6160 2328 456
alloc 2 486 10360 1824 456
free 25 -1 2352 456
alloc 20 179 6384 2152 456
free 19 -1 2240 456
free 6 -1 2360 456
alloc 45 213 480 2120 456
alloc 24 472 9368 1632 456
free 39 -1 1792 456
alloc 26 445 9856 1328 456
alloc 33 368 10864 928 456
free 12 -1 1456 456
free 43 -1 1720 456
alloc 46 417 3024 1280 456
free 21 -1 1864 456
free 16 -1 2064 456
free 31 -1 2536 456
free 2 -1 3040 456
free 41 -1 3288 456
free 20 -1 3488 456
alloc 19 349 720 3120 456
free 22 -1 3648 456
free 29 -1 4184 456
alloc 40 12 16 4120 456
alloc 39 116 3464 3984 456
free 26 -1 4448 456
free 33 -1 4848 456
alloc 44 453 5576 4376 456
free 27 -1 4696 456
alloc 30 283 2104 4392 456
alloc 21 506 7184 3864 456
alloc 16 280 7712 3568 456
alloc 31 159 6384 3392 456
alloc 34 310 8008 3064 456
alloc 41 95 6048 2952 456
alloc 20 145 8336 2784 456
alloc 35 533 8504 2232 456
alloc 6 67 1088 2136 456
free 13 -1 2216 456
free 40 -1 2280 456
free 7 -1 2400 456
alloc 26 499 9856 1880 456
alloc 33 22 16 1816 456
alloc 12 578 10376 1216 456
alloc 27 240 9056 960 456
free 46 -1 1400 456
free 5 -1 1768 456
free 0 -1 1960 456
free 31 -1 2136 456
alloc 18 520 2656 1600 456
free 41 -1 1712 456
alloc 4 19 112 1672 456
free 3 -1 2136 456
free 38 -1 2480 456
alloc 29 393 1296 2064 456
free 24 -1 2552 456
free 39 -1 2688 456
free 26 -1 3208 456
alloc 1 351 1712 2816 456
free 12 -1 3416 456
free 11 -1 3568 456
free 30 -1 3872 456
alloc 37 253 2104 3600 456
alloc 0 105 2376 3472 456
alloc 47 234 3192 3216 456
free 18 -1 3752 456
free 9 -1 3784 456
free 36 -1 3840 456
free 35 -1 4392 456
alloc 38 291 2504 4080 456
alloc 13 599 3448 3432 456
alloc 24 596 9312 2816 456
alloc 7 579 9928 2216 456
alloc 42 102 152 2080 456
free 33 -1 2144 456
free 44 -1 2616 456
alloc 43 355 2816 2240 456
alloc 46 317 5576 1904 456
alloc 5 78 16 1808 456
free 16 -1 2104 456
free 47 -1 2360 456
alloc 18 214 3192 2104 456
alloc 41 432 8504 1656 456
free 20 -1 1824 456
alloc 35 254 6384 1552 456
free 6 -1 1648 456
free 13 -1 2296 456
free 24 -1 2912 456
alloc 39 288 3448 2608 456
alloc 26 360 9312 2232 456
free 1 -1 2624 456
alloc 44 65 1088 2528 456
alloc 11 508 10528 2000 456
free 46 -1 2336 456
free 21 -1 2864 456
free 32 -1 3056 456
alloc 31 283 1712 2752 456
alloc 2 200 3752 2536 456
free 41 -1 2984 456
alloc 20 573 7184 2392 456
free 19 -1 2760 456
free 38 -1 3072 456
alloc 13 565 5576 2488 456
alloc 24 178 720 2288 456
free 39 -1 2592 456
free 42 -1 2728 456
free 17 -1 3240 456
free 28 -1 3352 456
free 11 -1 3880 456
alloc 14 457 5064 3368 456
free 5 -1 3464 456
free 0 -1 3592 456
free 15 -1 3816 456
free 2 -1 4032 456
alloc 25 321 2376 3688 456
alloc 36 57 16 3592 456
free 35 -1 3864 456
alloc 38 368 3448 3480 456
free 13 -1 4064 456
alloc 8 252 152 3792 456
free 23 -1 4232 456
alloc 10 425 5576 3784 456
alloc 33 421 4624 3344 456
free 44 -1 3440 456
alloc 11 586 6024 2808 456
alloc 30 525 8336 2264 456
alloc 21 404 10528 1840 456
alloc 16 378 -1 1840 456
alloc 47 182 920 1640 456
alloc 2 166 3832 1456 456
alloc 41 169 7776 1264 456
free 4 -1 1304 456
alloc 3 437 -1 1304 456
free 38 -1 1688 456
free 45 -1 1928 456
free 8 -1 2200 456
free 7 -1 2800 456
alloc 42 594 9688 2184 456
free 33 -1 2624 456
alloc 12 196 112 2408 456
free 11 -1 3040 456
free 14 -1 3552 456
alloc 5 202 328 3328 456
alloc 16 561 4624 2744 456
alloc 15 415 6024 2312 456
free 34 -1 2640 456
free 41 -1 2832 456
free 20 -1 3424 456
alloc 19 333 3448 3040 456
alloc 22 57 552 2960 456
free 29 -1 3376 456
free 24 -1 3576 456
alloc 7 530 1120 3024 456
free 42 -1 3640 456
alloc 17 254 632 3352 456
alloc 28 392 7184 2944 456
alloc 11 200 5208 2728 456
alloc 14 302 7592 2408 456
free 21 -1 2832 456
alloc 32 197 7912 2616 456
free 15 -1 3048 456
free 2 -1 3232 456
free 25 -1 3576 456
free 36 -1 3672 456
alloc 3 283 2376 3368 456
free 22 -1 3448 456
alloc 13 497 6024 2928 456
alloc 8 593 9688 2312 456
alloc 39 367 10304 1928 456
free 26 -1 2304 456
alloc 1 28 16 2256 456
alloc 44 348 9312 1880 456
free 43 -1 2256 456
alloc 46 375 2680 1864 456
free 5 -1 2088 456
free 16 -1 2672 456
free 47 -1 2872 456
alloc 2 187 328 2664 456
alloc 25 397 4624 2248 456
alloc 4 307 10688 1920 456
alloc 35 400 -1 1920 456
alloc 22 335 -1 1920 456
alloc 45 326 -1 1920 456
alloc 24 77 536 1824 456
free 39 -1 2208 456
free 10 -1 2656 456
free 1 -1 2704 456
free 28 -1 3112 456
alloc 43 56 16 3016 456
free 14 -1 3336 456
free 37 -1 3608 456
alloc 0 537 5424 3048 456
free 31 -1 3352 456
free 2 -1 3560 456
alloc 9 275 1672 3264 456
alloc 36 476 7184 2768 456
free 19 -1 3152 456
alloc 6 369 1968 2744 456
alloc 29 268 3448 2456 456
free 8 -1 3072 456
alloc 39 525 9688 2528 456
alloc 42 158 328 2320 456
alloc 1 370 10232 1928 456
alloc 28 461 -1 1928 456
free 11 -1 2144 456
free 46 -1 2536 456
alloc 5 286 2680 2232 456
free 32 -1 2448 456
alloc 31 376 7680 2056 456
alloc 34 411 -1 2056 456
alloc 41 344 3736 1696 456
free 36 -1 2192 456
alloc 35 270 5040 1904 456
alloc 22 413 7184 1472 456
alloc 45 28 920 1424 456
free 24 -1 1520 456
free 7 -1 2072 456
free 42 -1 2280 456
free 17 -1 2568 456
alloc 28 452 328 2096 456
alloc 11 492 968 1584 456
free 30 -1 2128 456
alloc 37 195 8072 1912 456
alloc 16 452 8288 1440 456
alloc 47 176 1480 1248 456
alloc 34 258 8760 952 456
free 41 -1 1312 456
alloc 20 525 -1 1312 456
alloc 19 484 -1 1312 456
alloc 38 257 3736 1032 456
free 13 -1 1552 456
alloc 8 317 5984 1216 456
alloc 23 550 -1 1216 456
alloc 26 79 800 1096 456
alloc 33 194 6320 880 456
free 12 -1 1096 456
free 27 -1 1352 456
alloc 30 182 112 1136 456
free 37 -1 1352 456
free 16 -1 1824 456
free 31 -1 2216 456
free 34 -1 2512 456
free 25 -1 2928 456
alloc 36 553 7616 2352 456
free 3 -1 2656 456
free 22 -1 3088 456
free 29 -1 3376 456
alloc 24 241 2376 3112 456
alloc 7 404 7184 2680 456
free 26 -1 2800 456
free 33 -1 3016 456
alloc 12 333 4624 2664 456
alloc 27 15 800 2632 456
alloc 46 114 2984 2496 456
alloc 21 380 8192 2096 456
alloc 32 55 832 2008 456
alloc 31 385 8592 1600 456
free 18 -1 1856 456
alloc 41 33 3120 1800 456
free 36 -1 2376 456
alloc 19 482 3176 1872 456
free 38 -1 2152 456
alloc 29 456 7616 1680 456
free 24 -1 1944 456
free 7 -1 2376 456
alloc 10 224 2376 2136 456
alloc 17 323 3680 1792 456
free 28 -1 2264 456
free 43 -1 2360 456
alloc 14 455 328 1888 456
free 21 -1 2288 456
alloc 16 33 16 2232 456
free 31 -1 2640 456
alloc 18 362 7184 2256 456
free 9 -1 2552 456
alloc 36 79 1672 2456 456
alloc 3 32 1768 2408 456
alloc 22 513 8088 1872 456
alloc 13 590 8624 1264 456
alloc 24 567 -1 1264 456
free 39 -1 1808 456
free 10 -1 2048 456
alloc 33 115 1816 1896 456
free 12 -1 2248 456
free 11 -1 2760 456
free 14 -1 3232 456
alloc 21 170 328 3040 456
free 16 -1 3096 456
free 47 -1 3288 456
alloc 2 532 968 2736 456
alloc 25 570 -1 2736 456
free 4 -1 3064 456
free 19 -1 3568 456
free 6 -1 3976 456
free 29 -1 4448 456
alloc 40 291 1968 4136 456
alloc 7 525 9688 3592 456
alloc 26 515 10624 3056 456
free 33 -1 3208 456
free 44 -1 3584 456
free 27 -1 3616 456
alloc 14 325 2280 3272 456
free 21 -1 3464 456
free 32 -1 3552 456
alloc 15 173 328 3360 456
alloc 34 373 520 2960 456
alloc 9 248 3176 2696 456
alloc 20 520 -1 2696 456
alloc 19 227 4624 2448 456
free 22 -1 2984 456
alloc 29 553 7568 2408 456
free 8 -1 2744 456
alloc 39 18 16 2704 456
free 26 -1 3240 456
alloc 33 457 5984 2760 456
alloc 12 249 8144 2488 456
alloc 11 598 10624 1848 456
free 30 -1 2064 456
alloc 21 104 56 1944 456
free 0 -1 2504 456
free 15 -1 2696 456
free 18 -1 3080 456
free 41 -1 3136 456
free 36 -1 3232 456
free 35 -1 3520 456
alloc 22 326 176 3176 456
free 29 -1 3752 456
alloc 8 103 1520 3632 456
free 7 -1 4176 456
alloc 42 470 4872 3688 456
free 1 -1 4080 456
alloc 28 597 5360 3456 456
free 11 -1 4096 456
alloc 30 320 7184 3760 456
free 5 -1 4064 456
alloc 32 218 2624 3824 456
alloc 47 525 7520 3280 456
free 2 -1 3832 456
free 9 -1 4096 456
alloc 4 57 968 4016 456
free 19 -1 4264 456
alloc 6 536 3120 3704 456
free 45 -1 3752 456
alloc 24 291 1048 3440 456
alloc 7 246 9232 3176 456
alloc 26 552 9496 2608 456
free 17 -1 2952 456
free 12 -1 3224 456
alloc 11 396 3680 2808 456
free 14 -1 3152 456
alloc 37 203 2280 2928 456
alloc 0 223 4624 2680 456
free 47 -1 3224 456
alloc 2 216 7520 2992 456
alloc 41 107 1360 2832 456
alloc 20 501 7752 2312 456
free 3 -1 2360 456
alloc 38 313 8272 2008 456
free 13 -1 2616 456
free 8 -1 2736 456
free 39 -1 2776 456
free 26 -1 3344 456
alloc 1 424 1520 2896 456
alloc 44 360 8624 2520 456
free 11 -1 2936 456
alloc 14 129 3680 2784 456
alloc 5 428 9496 2336 456
free 32 -1 2576 456
alloc 31 222 2504 2336 456
free 34 -1 2736 456
alloc 9 28 520 2688 456
alloc 36 121 568 2544 456
alloc 19 23 16 2504 456
free 6 -1 3064 456
alloc 13 384 3120 2664 456
free 24 -1 2976 456
alloc 39 190 712 2768 456
alloc 26 582 9944 2168 456
alloc 17 512 10544 1640 456
alloc 12 397 -1 1640 456
alloc 27 103 1048 1520 456
free 14 -1 1672 456
free 21 -1 1792 456
alloc 16 434 3520 1336 456
free 31 -1 1576 456
free 2 -1 1808 456
free 41 -1 1968 456
free 36 -1 2112 456
alloc 35 223 1168 1872 456
alloc 6 549 -1 1872 456
alloc 45 389 2504 1464 456
free 40 -1 1776 456
free 7 -1 2040 456
free 26 -1 2640 456
free 1 -1 3088 456
free 28 -1 3712 456
alloc 43 503 1408 3192 456
free 30 -1 3528 456
free 5 -1 3976 456
alloc 32 126 568 3832 456
alloc 15 583 5360 3208 456
alloc 34 167 1928 3024 456
free 9 -1 3072 456
free 20 -1 3592 456
alloc 3 536 7184 3040 456
free 38 -1 3392 456
free 13 -1 3792 456
alloc 24 575 7736 3200 456
alloc 7 362 3120 2800 456
alloc 10 119 2112 2632 456
free 17 -1 3160 456
alloc 28 128 6464 3016 456
free 43 -1 3536 456
free 46 -1 3672 456
free 37 -1 3896 456
free 32 -1 4040 456
alloc 47 436 1408 3584 456
alloc 18 1 56 3560 456
alloc 25 10 80 3528 456
alloc 20 225 8328 3280 456
free 3 -1 3832 456
free 22 -1 4176 456
alloc 29 286 112 3872 456
alloc 40 467 7184 3384 456
alloc 23 258 416 3088 456
free 42 -1 3576 456
free 33 -1 4056 456
free 28 -1 4200 456
free 27 -1 4320 456
alloc 46 55 1048 4248 456
alloc 5 408 4872 3824 456
free 16 -1 4280 456
free 15 -1 4904 456
free 34 -1 5088 456
alloc 41 378 3520 4688 456
alloc 36 37 1864 4632 456
free 35 -1 4872 456
alloc 6 554 5296 4296 456
free 45 -1 4704 456
alloc 8 96 1120 4592 456
free 7 -1 4992 456
alloc 42 487 2280 4488 456
alloc 1 135 1232 4312 456
alloc 28 198 2784 4096 456
alloc 43 224 3000 3856 456
alloc 14 244 3240 3576 456
alloc 21 104 1920 3456 456
free 0 -1 3704 456
alloc 31 37 2040 3632 456
alloc 2 106 3920 3504 456
free 25 -1 3536 456
free 36 -1 3592 456
alloc 3 89 4624 3480 456
alloc 38 547 5872 2912 456
alloc 13 567 9000 2328 456
free 40 -1 2816 456
free 39 -1 3024 456
free 10 -1 3192 456
free 1 -1 3368 456
free 44 -1 3744 456
alloc 11 137 712 3584 456
alloc 30 8 80 3552 456
free 5 -1 3976 456
alloc 0 352 4736 3608 456
free 47 -1 4064 456
free 18 -1 4088 456
alloc 25 515 1232 3552 456
free 4 -1 3632 456
alloc 35 86 872 3528 456
free 38 -1 4096 456
free 13 -1 4680 456
alloc 40 512 5872 4152 456
alloc 7 582 8576 3552 456
alloc 26 296 7184 3240 456
alloc 1 341 9176 2880 456
alloc 44 497 9536 2360 456
free 43 -1 2600 456
free 46 -1 2672 456
free 21 -1 2792 456
free 0 -1 3160 456
alloc 47 120 976 3016 456
alloc 34 258 4736 2736 456
alloc 9 329 10056 2384 456
alloc 4 8 56 2360 456
free 3 -1 2472 456
alloc 22 340 10408 2112 456
free 29 -1 2416 456
free 8 -1 2528 456
alloc 39 259 112 2224 456
free 26 -1 2536 456
free 1 -1 2896 456
alloc 12 198 1768 2680 456
alloc 27 492 7184 2168 456
alloc 46 387 10768 1760 456
alloc 5 564 -1 1760 456
alloc 0 78 1120 1648 456
alloc 15 81 2112 1544 456
alloc 18 108 3000 1416 456
free 41 -1 1816 456
free 20 -1 2064 456
alloc 3 530 -1 2064 456
free 22 -1 2424 456
alloc 29 45 2216 2360 456
free 40 -1 2888 456
free 7 -1 3488 456
alloc 26 262 3520 3208 456
alloc 1 163 5016 3024 456
free 44 -1 3544 456
free 11 -1 3704 456
free 14 -1 3984 456
alloc 37 521 5872 3440 456
alloc 16 82 712 3336 456
free 15 -1 3440 456
free 34 -1 3720 456
free 9 -1 4072 456
alloc 20 11 816 4016 456
free 19 -1 4056 456
alloc 22 210 3128 3824 456
alloc 45 333 4624 3472 456
alloc 8 579 8328 2872 456
free 23 -1 3168 456
free 42 -1 3672 456
free 1 -1 3856 456
alloc 44 214 416 3624 456
alloc 11 453 2280 3120 456
free 46 -1 3528 456
alloc 5 18 16 3488 456
alloc 32 366 8928 3104 456
free 31 -1 3176 456
alloc 34 135 1984 3024 456
free 25 -1 3560 456
free 4 -1 3584 456
alloc 19 77 1232 3488 456
alloc 38 358 1328 3112 456
free 29 -1 3176 456
free 8 -1 3776 456
alloc 23 239 4976 3520 456
alloc 42 441 8328 3056 456
alloc 17 342 9312 2696 456
free 28 -1 2912 456
free 11 -1 3416 456
alloc 46 480 2136 2920 456
free 37 -1 3464 456
free 32 -1 3848 456
alloc 15 442 5872 3384 456
free 2 -1 3512 456
alloc 25 450 8792 3040 456
alloc 4 316 2632 2672 456
free 19 -1 2768 456
free 22 -1 3000 456
free 45 -1 3352 456
alloc 8 481 9672 2848 456
free 39 -1 3152 456
free 42 -1 3616 456
alloc 1 452 10176 3144 456
alloc 28 399 8328 2728 456
alloc 11 219 112 2488 456
free 46 -1 2984 456
alloc 21 37 352 2920 456
free 16 -1 3024 456
alloc 31 410 2136 2592 456
alloc 2 371 3128 2200 456
alloc 9 352 10648 1832 456
alloc 36 37 648 1776 456
alloc 3 342 -1 1776 456
alloc 22 191 3800 1568 456
alloc 45 326 4624 1216 456
alloc 40 90 704 1104 456
alloc 39 546 -1 1104 456
free 26 -1 1384 456
free 1 -1 1856 456
free 44 -1 2088 456
free 27 -1 2600 456
alloc 14 308 7184 2272 456
free 5 -1 2312 456
alloc 32 267 6336 1992 456
free 15 -1 2456 456
free 34 -1 2608 456
alloc 41 341 5872 2248 456
free 20 -1 2304 456
alloc 19 406 10176 1880 456
free 22 -1 2088 456
free 45 -1 2440 456
free 8 -1 2944 456
free 23 -1 3200 456
alloc 26 297 3520 2880 456
free 17 -1 3240 456
alloc 44 130 416 3088 456
alloc 43 563 4624 2504 456
alloc 46 37 16 2440 456
alloc 5 334 9264 2088 456
free 32 -1 2408 456
free 47 -1 2552 456
free 2 -1 2944 456
free 9 -1 3312 456
free 36 -1 3368 456
free 19 -1 3792 456
free 38 -1 4168 456
alloc 29 575 9616 3576 456
free 24 -1 4168 456
alloc 39 32 568 4120 456
alloc 10 475 1232 3624 456
alloc 17 538 7512 3064 456
free 44 -1 3216 456
free 11 -1 3456 456
free 30 -1 3488 456
alloc 37 459 10208 3008 456
alloc 16 460 10688 2528 456
alloc 47 272 3128 2240 456
free 18 -1 2368 456
free 41 -1 2728 456
alloc 36 466 5872 2240 456
alloc 3 479 -1 2240 456
free 6 -1 2816 456
alloc 13 333 5208 2464 456
alloc 8 469 -1 2464 456
alloc 23 486 -1 2464 456
alloc 42 4 80 2440 456
alloc 1 512 -1 2440 456
alloc 44 136 104 2288 456
alloc 11 319 -1 2288 456
free 46 -1 2352 456
free 37 -1 2832 456
free 0 -1 2944 456
free 47 -1 3232 456
alloc 2 495 3000 2712 456
free 25 -1 3184 456
free 36 -1 3672 456
alloc 3 410 5560 3240 456
alloc 22 459 5992 2760 456
free 29 -1 3352 456
alloc 8 540 9616 2792 456
free 39 -1 2840 456
free 10 -1 3336 456
free 17 -1 3896 456
free 28 -1 4312 456
free 43 -1 4896 456
free 14 -1 5224 456
alloc 37 449 976 4752 456
alloc 0 453 4624 4280 456
free 31 -1 4712 456
free 2 -1 5232 456
alloc 9 199 416 5016 456
alloc 36 496 1984 4504 456
alloc 19 298 1448 4184 456
alloc 38 239 3000 3928 456
alloc 29 48 16 3864 456
free 8 -1 4424 456
alloc 23 356 7184 4048 456
free 42 -1 4072 456
alloc 1 222 3256 3808 456
alloc 28 209 3840 3552 456
alloc 43 231 7560 3304 456
alloc 46 537 7808 2744 456
free 37 -1 3216 456
free 0 -1 3688 456
alloc 15 495 4624 3176 456
alloc 34 95 976 3064 456
free 9 -1 3280 456
free 4 -1 3648 456
free 35 -1 3752 456
free 22 -1 4232 456
free 13 -1 4584 456
free 40 -1 4696 456
alloc 7 482 416 4192 456
alloc 10 367 2496 3808 456
alloc 33 419 5992 3368 456
free 28 -1 3624 456
free 43 -1 3872 456
alloc 30 227 1088 3624 456
alloc 37 383 5136 3200 456
alloc 0 523 8368 2656 456
free 15 -1 3168 456
free 34 -1 3280 456
alloc 9 125 920 3112 456
alloc 20 569 9616 2520 456
alloc 35 325 4624 2176 456
free 38 -1 2432 456
alloc 45 579 -1 2432 456
alloc 8 521 -1 2432 456
alloc 39 111 2880 2304 456
alloc 42 512 -1 2304 456
free 1 -1 2568 456
free 44 -1 2720 456
alloc 27 536 -1 2720 456
free 30 -1 2968 456
free 21 -1 3032 456
alloc 32 100 80 2912 456
alloc 47 143 200 2752 456
alloc 2 299 1088 2432 456
alloc 25 445 3008 1968 456
free 20 -1 2560 456
free 35 -1 2904 456
alloc 6 282 4624 2600 456
free 29 -1 2664 456
alloc 40 298 8912 2312 456
free 7 -1 2816 456
free 10 -1 3200 456
free 33 -1 3640 456
free 12 -1 3856 456
alloc 11 294 360 3544 456
alloc 30 577 5992 2944 456
alloc 21 344 2496 2560 456
free 0 -1 3104 456
free 47 -1 3264 456
free 2 -1 3584 456
free 9 -1 3752 456
alloc 20 543 672 3192 456
free 3 -1 3624 456
alloc 38 459 8368 3144 456
alloc 29 172 1232 2928 456
alloc 24 548 9616 2360 456
free 39 -1 2488 456
alloc 42 286 5560 2184 456
alloc 33 228 3840 1928 456
alloc 28 213 7560 1680 456
alloc 43 11 16 1616 456
free 30 -1 2216 456
free 5 -1 2568 456
free 16 -1 3048 456
alloc 47 53 200 2976 456
alloc 34 443 5864 2512 456
alloc 41 320 9264 2160 456
alloc 4 313 10184 1824 456
free 19 -1 2144 456
alloc 22 333 1448 1792 456
alloc 45 564 10520 1208 456
free 40 -1 1560 456
free 23 -1 1936 456
alloc 10 139 1800 1752 456
alloc 1 13 272 1720 456
alloc 12 295 6328 1392 456
free 43 -1 1456 456
alloc 14 18 16 1392 456
alloc 5 241 7184 1128 456
alloc 16 348 8848 760 456
free 47 -1 832 456
alloc 18 93 2880 704 456
free 25 -1 1168 456
free 4 -1 1504 456
alloc 19 268 3008 1216 456
free 6 -1 1520 456
free 29 -1 1736 456
free 24 -1 2304 456
alloc 23 390 4624 1896 456
free 42 -1 2200 456
free 33 -1 2456 456
alloc 44 104 1232 2336 456
alloc 27 180 3296 2112 456
free 46 -1 2672 456
free 37 -1 3096 456
alloc 0 342 5032 2736 456
alloc 31 310 5392 2408 456
alloc 2 279 7808 2112 456
alloc 25 505 9616 1584 456
free 20 -1 2144 456
free 19 -1 2432 456
free 22 -1 2784 456
alloc 13 584 -1 2784 456
alloc 24 113 672 2648 456
alloc 7 556 -1 2648 456
free 26 -1 2968 456
alloc 33 597 -1 2968 456
free 12 -1 3296 456
alloc 43 116 808 3160 456
alloc 46 290 1352 2848 456
free 21 -1 3232 456
free 32 -1 3352 456
free 31 -1 3680 456
free 18 -1 3808 456
free 41 -1 4160 456
alloc 20 107 80 4032 456
alloc 19 554 2496 3456 456
alloc 6 421 3520 3016 456
alloc 13 379 5392 2616 456
free 24 -1 2752 456
free 23 -1 3160 456
alloc 26 317 4624 2824 456
alloc 17 83 672 2688 456
alloc 12 212 944 2456 456
free 11 -1 2768 456
alloc 30 84 304 2664 456
alloc 21 159 408 2488 456
free 16 -1 2856 456
alloc 47 449 8848 2384 456
free 2 -1 2680 456
alloc 9 50 584 2592 456
free 20 -1 2720 456
alloc 35 290 6328 2392 456
free 6 -1 2832 456
alloc 29 475 3520 2336 456
alloc 40 276 7808 2040 456
alloc 7 362 -1 2040 456
free 26 -1 2376 456
free 17 -1 2512 456
free 28 -1 2760 456
free 43 -1 2896 456
free 14 -1 2960 456
alloc 37 95 16 2848 456
alloc 32 349 4624 2480 456
alloc 15 154 672 2304 456
alloc 2 492 -1 2304 456
free 9 -1 2392 456
alloc 4 492 -1 2392 456
alloc 3 219 7448 2152 456
free 38 -1 2632 456
free 45 -1 3216 456
alloc 8 177 3072 2992 456
alloc 7 205 8104 2768 456
alloc 42 8 128 2744 456
alloc 33 278 8328 2448 456
free 12 -1 2680 456
alloc 11 323 848 2336 456
alloc 14 413 10144 1904 456
free 5 -1 2168 456
free 0 -1 2528 456
free 47 -1 3000 456
alloc 18 496 8624 2488 456
free 25 -1 3016 456
alloc 4 227 4992 2768 456
free 3 -1 3008 456
alloc 22 367 7184 2624 456
alloc 45 246 9136 2360 456
free 40 -1 2656 456
alloc 39 594 9400 2040 456
free 10 -1 2224 456
free 33 -1 2520 456
free 44 -1 2640 456
alloc 43 416 7568 2208 456
free 14 -1 2640 456
free 37 -1 2752 456
free 32 -1 3120 456
free 15 -1 3296 456
free 34 -1 3760 456
alloc 41 541 10016 3200 456
free 36 -1 3712 456
free 35 -1 4040 456
alloc 38 203 584 3816 456
free 29 -1 4312 456
free 8 -1 4536 456
free 7 -1 4760 456
alloc 10 52 16 4688 456
alloc 17 7 88 4648 456
alloc 28 325 1664 4304 456
free 11 -1 4648 456
free 46 -1 4960 456
free 21 -1 5136 456
alloc 32 418 808 4696 456
alloc 15 35 152 4640 456
alloc 2 313 1248 4304 456
alloc 25 283 2008 4000 456
alloc 20 382 3520 3600 456
free 19 -1 4176 456
free 22 -1 4560 456
free 45 -1 4824 456
alloc 24 235 2312 4568 456
alloc 23 539 2568 4008 456
free 42 -1 4032 456
alloc 33 63 408 3952 456
alloc 12 343 4624 3584 456
alloc 11 380 5792 3184 456
alloc 46 492 8000 2672 456
alloc 21 318 6192 2336 456
free 32 -1 2776 456
alloc 31 347 808 2408 456
free 2 -1 2744 456
free 41 -1 3304 456
free 4 -1 3552 456
alloc 35 369 1176 3160 456
alloc 22 52 488 3064 456
free 13 -1 3464 456
alloc 8 285 4992 3160 456
free 39 -1 3776 456
free 10 -1 3848 456
free 1 -1 3880 456
free 12 -1 4248 456
free 27 -1 4472 456
free 30 -1 4576 456
free 21 -1 4912 456
alloc 0 430 5296 4464 456
free 31 -1 4832 456
free 18 -1 5344 456
alloc 9 596 8512 4728 456
free 20 -1 5128 456
free 35 -1 5520 456
free 38 -1 5744 456
alloc 13 152 208 5544 456
alloc 40 62 584 5464 456
alloc 7 348 664 5096 456
alloc 42 555 1032 4520 456
free 33 -1 4600 456
free 28 -1 4944 456
free 11 -1 5344 456
alloc 30 29 16 5272 456
alloc 21 252 1608 5000 456
alloc 32 175 3128 4808 456
alloc 31 457 3320 4328 456
alloc 34 600 5744 3712 456
alloc 41 17 408 3672 456
alloc 4 150 3800 3504 456
alloc 19 466 9128 3016 456
alloc 6 309 4624 2688 456
free 13 -1 2888 456
free 40 -1 2968 456
free 23 -1 3528 456
free 42 -1 4104 456
alloc 33 528 1032 3528 456
alloc 12 380 2568 3128 456
alloc 27 410 9616 2696 456
free 30 -1 2768 456
alloc 37 572 10048 2176 456
free 32 -1 2368 456
free 31 -1 2848 456
alloc 18 570 2968 2256 456
free 9 -1 2872 456
alloc 36 599 8512 2256 456
alloc 35 170 208 2056 456
free 22 -1 2152 456
alloc 45 48 16 2080 456
free 24 -1 2336 456
free 7 -1 2704 456
alloc 10 319 448 2368 456
free 17 -1 2408 456
alloc 44 397 10640 1992 456
free 43 -1 2424 456
alloc 14 510 7184 1896 456
free 37 -1 2488 456
free 0 -1 2936 456
alloc 47 76 784 2840 456
free 34 -1 3456 456
alloc 9 317 5296 3120 456
free 4 -1 3288 456
free 35 -1 3488 456
alloc 22 576 5632 2896 456
alloc 13 225 2312 2640 456
alloc 24 494 3560 2104 456
alloc 39 447 10048 1640 456
alloc 42 176 208 1440 456
alloc 1 52 880 1368 456
free 12 -1 1768 456
free 27 -1 2200 456
free 46 -1 2712 456
alloc 37 130 2568 2560 456
alloc 16 279 6224 2264 456
free 15 -1 2320 456
alloc 2 307 7712 1992 456
free 25 -1 2296 456
alloc 20 144 1880 2136 456
alloc 3 302 8040 1816 456
alloc 38 588 -1 1816 456
free 13 -1 2072 456
free 8 -1 2376 456
alloc 23 61 88 2296 456
alloc 26 434 2040 1840 456
alloc 17 148 2720 1672 456
free 44 -1 2088 456
alloc 43 184 4952 1888 456
free 14 -1 2416 456
alloc 5 387 7184 2008 456
alloc 0 385 9616 1576 456
alloc 31 389 10512 1168 456
free 18 -1 1760 456
alloc 25 552 2888 1192 456
alloc 4 362 -1 1192 456
free 19 -1 1680 456
free 22 -1 2272 456
alloc 13 103 5152 2128 456
alloc 8 327 5632 1784 456
free 23 -1 1864 456
free 10 -1 2200 456
free 1 -1 2272 456
alloc 12 24 88 2232 456
alloc 11 17 128 2192 456
alloc 30 336 9128 1840 456
free 21 -1 2112 456
free 0 -1 2544 456
free 31 -1 2952 456
alloc 34 435 9480 2496 456
free 41 -1 2536 456
free 36 -1 3152 456
alloc 19 401 8360 2728 456
alloc 22 373 10512 2336 456
free 45 -1 2408 456
free 8 -1 2752 456
alloc 7 254 408 2480 456
alloc 10 531 5632 1928 456
free 17 -1 2096 456
alloc 28 556 -1 2096 456
alloc 27 153 1608 1920 456
free 30 -1 2272 456
free 5 -1 2680 456
free 16 -1 2976 456
alloc 15 486 7184 2448 456
free 2 -1 2776 456
free 25 -1 3344 456
free 20 -1 3504 456
free 19 -1 3928 456
free 6 -1 4256 456
free 13 -1 4400 456
free 24 -1 4936 456
alloc 23 262 2720 4656 456
free 26 -1 5112 456
alloc 17 557 1784 4536 456
free 12 -1 4576 456
free 43 -1 4776 456
alloc 46 531 3000 4224 456
alloc 21 185 2360 4016 456
alloc 32 264 3552 3736 456
free 47 -1 3832 456
free 34 -1 4288 456
alloc 25 529 4624 3736 456
alloc 4 343 6184 3376 456
alloc 19 15 16 3344 456
alloc 38 160 680 3168 456
alloc 13 456 8360 2696 456
alloc 40 590 8832 2088 456
free 7 -1 2360 456
alloc 26 62 48 2280 456
free 33 -1 2856 456
alloc 12 317 856 2520 456
free 11 -1 2560 456
alloc 14 136 408 2408 456
alloc 5 375 1192 1992 456
alloc 16 34 128 1912 456
alloc 47 566 9440 1304 456
alloc 18 451 -1 1304 456
free 25 -1 1856 456
alloc 36 16 560 1824 456
free 3 -1 2144 456
alloc 6 173 3832 1952 456
alloc 45 269 4624 1664 456
alloc 24 240 4912 1408 456
alloc 7 287 7712 1104 456
free 26 -1 1184 456
free 17 -1 1760 456
free 12 -1 2096 456
alloc 11 261 856 1816 456
alloc 30 244 1784 1552 456
free 37 -1 1704 456
alloc 0 316 8016 1360 456
free 47 -1 1968 456
alloc 18 2 48 1944 456
free 9 -1 2280 456
free 4 -1 2640 456
alloc 35 362 5168 2256 456
free 6 -1 2448 456
alloc 29 547 9440 1880 456
free 24 -1 2136 456
free 7 -1 2440 456
free 10 -1 2992 456
alloc 17 350 5552 2624 456
alloc 28 144 2048 2464 456
alloc 43 186 3832 2256 456
free 46 -1 2808 456
free 5 -1 3224 456
free 32 -1 3504 456
alloc 31 511 3000 2976 456
free 18 -1 3000 456
alloc 9 189 1136 2792 456
alloc 20 345 5920 2424 456
free 19 -1 2456 456
alloc 6 515 -1 2456 456
free 13 -1 2928 456
free 40 -1 3536 456
alloc 7 213 1344 3272 456
alloc 10 54 16 3200 456
free 17 -1 3568 456
free 28 -1 3728 456
free 11 -1 4008 456
free 30 -1 4272 456
alloc 5 224 856 4032 456
free 16 -1 4112 456
free 31 -1 4640 456
alloc 2 19 88 4600 456
free 9 -1 4808 456
free 20 -1 5176 456
alloc 3 478 1784 4680 456
free 38 -1 4856 456
free 45 -1 5144 456
alloc 40 266 3000 4856 456
free 39 -1 5320 456
free 42 -1 5520 456
alloc 17 172 128 5328 456
alloc 28 542 5552 4768 456
free 27 -1 4944 456
alloc 46 382 3288 4544 456
free 21 -1 4752 456
free 0 -1 5096 456
free 15 -1 5624 456
free 2 -1 5664 456
alloc 9 35 320 5576 456
alloc 20 263 2280 5296 456
alloc 19 286 4624 4992 456
alloc 6 385 6112 4584 456
free 29 -1 5152 456
free 40 -1 5440 456
alloc 39 53 592 5368 456
alloc 26 433 7184 4912 456
alloc 1 370 7640 4520 456
alloc 12 552 8032 3952 456
alloc 27 254 3000 3664 456
free 46 -1 4064 456
alloc 37 424 3288 3624 456
alloc 32 18 88 3584 456
alloc 47 509 8600 3056 456
alloc 18 270 9128 2768 456
alloc 25 259 9416 2488 456
alloc 4 497 9696 1968 456
free 19 -1 2272 456
alloc 38 474 4624 1776 456
alloc 45 388 -1 1776 456
alloc 8 542 -1 1776 456
free 39 -1 1848 456
alloc 42 533 -1 1848 456
free 1 -1 2240 456
free 28 -1 2800 456
free 43 -1 3008 456
alloc 30 47 592 2944 456
free 37 -1 3384 456
free 32 -1 3424 456
free 47 -1 3952 456
alloc 34 226 1096 3704 456
free 9 -1 3792 456
free 20 -1 4072 456
alloc 19 12 88 4032 456
free 22 -1 4424 456
alloc 13 461 3288 3944 456
alloc 8 469 5552 3456 456
free 23 -1 3736 456
free 10 -1 3808 456
free 17 -1 4000 456
free 12 -1 4568 456
alloc 11 287 2280 4264 456
free 30 -1 4328 456
alloc 21 65 128 4240 456
alloc 0 342 2584 3880 456
alloc 47 179 592 3680 456
free 18 -1 3968 456
alloc 41 582 7640 3368 456
free 36 -1 3400 456
free 3 -1 3896 456
free 6 -1 4304 456
alloc 29 69 216 4216 456
alloc 40 558 1608 3640 456
alloc 39 270 3768 3352 456
free 26 -1 3808 456
alloc 1 595 6040 3192 456
alloc 44 527 8240 2648 456
free 27 -1 2936 456
alloc 46 458 8784 2456 456
free 5 -1 2696 456
free 0 -1 3056 456
alloc 31 297 2584 2736 456
alloc 18 267 792 2432 456
free 41 -1 3032 456
free 4 -1 3552 456
alloc 3 533 7184 3000 456
free 38 -1 3496 456
alloc 45 205 2904 3272 456
free 8 -1 3760 456
alloc 23 548 9696 3192 456
alloc 26 5 16 3168 456
free 1 -1 3784 456
alloc 28 553 5552 3208 456
alloc 27 130 3128 3048 456
free 14 -1 3200 456
alloc 37 388 4624 2792 456
alloc 16 417 6128 2352 456
free 47 -1 2552 456
free 34 -1 2800 456
alloc 9 130 304 2648 456
alloc 36 559 10264 2072 456
free 19 -1 2112 456
alloc 38 182 456 1912 456
free 45 -1 2136 456
free 40 -1 2712 456
free 39 -1 3000 456
alloc 42 329 1608 2648 456
alloc 1 585 -1 2648 456
alloc 12 299 1960 2328 456
alloc 43 162 1096 2144 456
free 46 -1 2624 456
free 21 -1 2712 456
alloc 32 77 40 2616 456
free 31 -1 2936 456
alloc 2 124 2584 2792 456
free 25 -1 3072 456
alloc 4 4 136 3048 456
free 35 -1 3432 456
free 38 -1 3632 456
free 13 -1 4112 456
alloc 24 14 160 4056 456
free 23 -1 4624 456
free 42 -1 4976 456
alloc 17 169 456 4784 456
free 28 -1 5360 456
free 43 -1 5544 456
alloc 46 583 3288 4944 456
free 37 -1 5352 456
free 32 -1 5448 456
alloc 31 90 648 5304 456
alloc 34 61 40 5208 456
alloc 25 29 1096 5160 456
free 4 -1 5184 456
alloc 35 488 4624 4680 456
alloc 22 143 1144 4520 456
alloc 13 228 1608 4272 456
free 24 -1 4328 456
alloc 39 98 2728 4208 456
free 26 -1 4232 456
alloc 1 191 2848 4024 456
free 12 -1 4344 456
alloc 43 416 5128 3912 456
free 46 -1 4512 456
alloc 37 509 3288 3984 456
alloc 0 545 5560 3416 456
free 31 -1 3560 456
free 18 -1 3864 456
free 9 -1 4016 456
free 36 -1 4592 456
free 35 -1 5096 456
free 22 -1 5256 456
free 13 -1 5504 456
alloc 40 569 1608 4912 456
free 7 -1 5176 456
alloc 26 209 648 4944 456
alloc 33 180 880 4728 456
free 44 -1 5272 456
free 27 -1 5432 456
alloc 14 563 7736 4848 456
free 37 -1 5376 456
alloc 32 562 3056 4792 456
alloc 31 504 8320 4272 456
free 34 -1 4368 456
free 25 -1 4416 456
alloc 36 155 16 4216 456
alloc 19 25 304 4168 456
alloc 6 160 1096 3992 456
free 29 -1 4080 456
free 40 -1 4672 456
alloc 23 251 1272 4400 456
alloc 10 371 1544 4008 456
free 33 -1 4224 456
alloc 44 537 8840 3664 456
alloc 27 33 216 3576 456
free 14 -1 4160 456
alloc 37 107 880 4032 456
free 16 -1 4472 456
alloc 15 518 7736 3936 456
free 2 -1 4080 456
alloc 9 305 1936 3736 456
alloc 4 496 6128 3208 456
alloc 35 561 9400 2624 456
alloc 22 540 9984 2064 456
alloc 29 410 3640 1608 456
alloc 24 218 4624 1368 456
alloc 7 281 10544 1064 456
free 26 -1 1296 456
free 1 -1 1504 456
alloc 12 470 -1 1504 456
free 43 -1 1936 456
alloc 30 438 4864 1480 456
alloc 5 140 648 1320 456
free 32 -1 1904 456
free 31 -1 2424 456
alloc 2 359 2848 2048 456
alloc 25 433 8272 1592 456
free 36 -1 1792 456
free 35 -1 2376 456
alloc 38 32 16 2328 456
free 29 -1 2784 456
free 24 -1 3024 456
free 23 -1 3296 456
alloc 26 526 3224 2752 456
alloc 33 397 9400 2336 456
alloc 12 29 64 2288 456
free 27 -1 2376 456
alloc 14 360 10848 2000 456
free 5 -1 2160 456
free 0 -1 2728 456
alloc 31 57 112 2648 456
free 2 -1 3024 456
alloc 41 1 192 3000 456
free 4 -1 3528 456
free 19 -1 3576 456
free 6 -1 3752 456
alloc 13 539 5320 3192 456
alloc 24 392 1008 2784 456
alloc 23 172 216 2592 456
alloc 42 74 648 2496 456
free 33 -1 2912 456
alloc 28 529 5880 2360 456
alloc 43 343 2848 1984 456
free 30 -1 2440 456
alloc 21 39 744 2384 456
alloc 16 385 4624 1976 456
alloc 47 353 9400 1600 456
alloc 2 549 -1 1600 456
free 25 -1 2056 456
alloc 4 125 2584 1912 456
alloc 35 98 1416 1784 456
free 22 -1 2344 456
alloc 45 360 8272 1968 456
alloc 8 98 3768 1848 456
free 23 -1 2040 456
free 42 -1 2136 456
alloc 33 227 5032 1888 456
free 28 -1 2440 456
alloc 27 365 5880 2056 456
alloc 46 256 6264 1784 456
free 21 -1 1840 456
free 16 -1 2248 456
free 47 -1 2624 456
alloc 18 81 216 2520 456
free 41 -1 2544 456
alloc 36 102 320 2408 456
free 35 -1 2536 456
alloc 6 19 648 2496 456
free 45 -1 2872 456
alloc 40 451 8272 2400 456
free 39 -1 2520 456
free 26 -1 3064 456
alloc 1 340 3224 2704 456
alloc 28 319 4624 2368 456
free 11 -1 2672 456
free 14 -1 3048 456
alloc 21 61 688 2968 456
alloc 16 119 2280 2832 456
alloc 47 583 9400 2232 456
alloc 2 123 2416 2064 456
alloc 25 29 768 2016 456
free 4 -1 2160 456
free 3 -1 2712 456
free 38 -1 2760 456
alloc 45 206 2584 2536 456
free 8 -1 2656 456
alloc 23 413 3584 2224 456
free 10 -1 2616 456
free 1 -1 2976 456
free 44 -1 3536 456
free 27 -1 3920 456
alloc 14 540 8744 3360 456
free 21 -1 3440 456
alloc 32 43 688 3360 456
free 15 -1 3896 456
free 18 -1 4000 456
free 25 -1 4048 456
alloc 4 442 1416 3584 456
alloc 3 353 5880 3200 456
free 6 -1 3240 456
alloc 29 596 7184 2624 456
free 40 -1 3096 456
free 7 -1 3400 456
alloc 42 110 192 3272 456
alloc 1 314 3224 2912 456
free 28 -1 3248 456
alloc 11 169 4624 3056 456
free 14 -1 3616 456
alloc 5 550 7800 3048 456
free 32 -1 3128 456
alloc 15 43 648 3064 456
free 2 -1 3232 456
alloc 41 104 712 3112 456
free 36 -1 3248 456
free 3 -1 3632 456
alloc 22 285 5880 3328 456
free 13 -1 3888 456
alloc 40 288 5280 3584 456
alloc 39 392 8368 3176 456
free 42 -1 3304 456
free 1 -1 3664 456
alloc 44 161 192 3480 456
alloc 27 305 3224 3120 456
free 46 -1 3392 456
free 5 -1 3960 456
free 16 -1 4096 456
free 31 -1 4176 456
alloc 34 2 16 4128 456
free 9 -1 4472 456
free 4 -1 4936 456
alloc 35 297 1416 4616 456
alloc 38 561 1736 4032 456
alloc 13 309 6184 3704 456
alloc 8 277 5584 3408 456
free 23 -1 3840 456
alloc 42 588 8776 3216 456
free 17 -1 3408 456
alloc 28 483 3584 2896 456
free 27 -1 3256 456
alloc 30 54 112 3176 456
alloc 5 476 7800 2680 456
alloc 32 552 10000 2112 456
free 15 -1 2176 456
free 34 -1 2224 456
alloc 25 473 10568 1728 456
alloc 4 63 376 1648 456
alloc 19 159 456 1472 456
free 38 -1 2056 456
free 29 -1 2672 456
free 24 -1 3080 456
alloc 7 268 1008 2792 456
alloc 26 158 1736 2616 456
free 33 -1 2864 456
free 44 -1 3048 456
alloc 27 415 1912 2616 456
free 30 -1 2696 456
free 37 -1 2824 456
alloc 16 354 4816 2448 456
alloc 15 140 112 2288 456
alloc 2 30 16 2240 456
free 41 -1 2360 456
free 4 -1 2440 456
free 35 -1 2760 456
alloc 38 231 632 2512 456
free 13 -1 2840 456
free 40 -1 3144 456
free 39 -1 3552 456
alloc 10 560 7184 2976 456
alloc 17 11 272 2944 456
free 28 -1 3456 456
free 27 -1 3888 456
alloc 30 284 1296 3584 456
alloc 21 207 1912 3360 456
alloc 0 116 304 3208 456
alloc 31 4 880 3184 456
alloc 34 95 1600 3048 456
free 25 -1 3544 456
alloc 4 509 3224 3016 456
alloc 3 280 2136 2720 456
free 22 -1 3024 456
free 45 -1 3248 456
free 8 -1 3544 456
alloc 39 420 5192 3104 456
free 10 -1 3680 456
alloc 33 91 2432 3568 456
alloc 44 61 904 3464 456
alloc 27 277 2544 3160 456
alloc 46 320 3752 2816 456
alloc 37 223 5632 2576 456
free 0 -1 2728 456
free 31 -1 2752 456
free 2 -1 2800 456
alloc 25 154 5872 2624 456
alloc 36 262 6048 2344 456
free 3 -1 2640 456
alloc 6 123 304 2488 456
alloc 45 507 7184 1960 456
alloc 8 393 8296 1544 456
alloc 23 218 2136 1304 456
alloc 10 174 6328 1112 456
free 17 -1 1144 456
alloc 28 527 10568 600 456
free 11 -1 792 456
free 30 -1 1096 456
free 21 -1 1320 456
free 16 -1 1696 456
free 15 -1 1856 456
free 34 -1 1992 456
alloc 41 242 1296 1728 456
free 36 -1 2008 456
alloc 3 318 4624 1672 456
alloc 22 359 -1 1672 456
free 45 -1 2200 456
alloc 40 306 7184 1872 456
free 39 -1 2312 456
free 26 -1 2488 456
free 33 -1 2600 456
free 44 -1 2704 456
alloc 11 566 4960 2120 456
alloc 14 420 1560 1680 456
free 37 -1 1920 456
alloc 0 169 112 1728 456
alloc 31 277 5544 1400 456
alloc 2 130 2376 1232 456
alloc 9 91 880 1104 456
alloc 20 447 -1 1104 456
alloc 35 571 -1 1104 456
alloc 22 262 6048 824 456
alloc 29 364 -1 824 456
free 40 -1 1152 456
alloc 39 445 7184 688 456
free 42 -1 1312 456
alloc 33 140 8712 1152 456
free 28 -1 1696 456
free 11 -1 2280 456
alloc 30 448 4960 1816 456
alloc 21 291 8872 1504 456
free 32 -1 2072 456
free 47 -1 2672 456
alloc 18 62 2000 2592 456
free 41 -1 2856 456
free 4 -1 3384 456
alloc 35 510 3224 2856 456
free 38 -1 3104 456
alloc 13 362 9184 2720 456
free 8 -1 3136 456
free 39 -1 3600 456
alloc 42 13 16 3552 456
alloc 1 365 7184 3168 456
free 12 -1 3216 456
free 43 -1 3592 456
free 46 -1 3936 456
free 5 -1 4432 456
free 0 -1 4624 456
alloc 15 590 7568 4016 456
free 2 -1 4184 456
alloc 41 147 64 4016 456
alloc 20 485 8176 3480 456
free 35 -1 4008 456
free 22 -1 4288 456
free 13 -1 4672 456
alloc 40 119 632 4536 456
free 7 -1 4824 456
free 42 -1 4872 456
alloc 17 37 232 4800 456
alloc 12 182 1008 4600 456
alloc 43 345 2848 4232 456
alloc 46 451 3216 3760 456
alloc 37 54 768 3688 456
alloc 32 592 9184 3080 456
alloc 47 483 9792 2576 456
alloc 34 121 1208 2432 456
free 9 -1 2560 456
alloc 4 591 10296 1952 456
free 3 -1 2288 456
alloc 22 275 3688 1992 456
alloc 13 192 1352 1784 456
free 40 -1 1920 456
alloc 39 510 -1 1920 456
free 10 -1 2112 456
free 17 -1 2184 456
alloc 44 215 4624 1952 456
free 27 -1 2256 456
free 46 -1 2728 456
alloc 5 367 2376 2344 456
alloc 0 277 3216 2048 456
free 31 -1 2376 456
free 34 -1 2520 456
free 41 -1 2688 456
free 4 -1 3296 456
alloc 3 117 16 3160 456
free 6 -1 3312 456
alloc 29 264 152 3008 456
alloc 40 413 5424 2560 456
alloc 39 481 6048 2056 456
alloc 10 384 10296 1656 456
alloc 17 387 10696 1248 456
free 44 -1 1480 456
alloc 27 218 4624 1240 456
free 14 -1 1680 456
free 5 -1 2064 456
free 0 -1 2360 456
free 47 -1 2864 456
free 18 -1 2944 456
free 25 -1 3120 456
alloc 4 261 1560 2840 456
alloc 35 18 632 2800 456
free 22 -1 3096 456
free 13 -1 3304 456
alloc 24 199 1208 3088 456
free 39 -1 3592 456
alloc 26 572 3216 3000 456
free 33 -1 3160 456
alloc 28 240 1840 2904 456
free 27 -1 3144 456
alloc 46 224 2376 2904 456
free 21 -1 3216 456
alloc 16 512 5872 2688 456
free 15 -1 3296 456
alloc 18 97 840 3176 456
alloc 41 383 7568 2776 456
alloc 36 590 -1 2776 456
free 35 -1 2816 456
alloc 6 259 3808 2528 456
free 29 -1 2832 456
alloc 8 513 -1 2832 456
free 23 -1 3072 456
alloc 42 176 152 2880 456
free 17 -1 3288 456
alloc 44 84 344 3176 456
alloc 11 531 10696 2608 456
alloc 14 421 8712 2136 456
free 37 -1 2208 456
alloc 0 202 2096 1984 456
alloc 15 13 632 1952 456
alloc 2 307 4624 1616 456
alloc 9 576 -1 1616 456
free 4 -1 1896 456
alloc 35 544 -1 1896 456
alloc 22 399 1424 1480 456
alloc 29 457 9792 976 456
free 24 -1 1192 456
alloc 39 394 -1 1192 456
free 42 -1 1384 456
alloc 33 345 -1 1384 456
free 12 -1 1584 456
free 11 -1 2152 456
free 30 -1 2616 456
alloc 5 411 960 2152 456
free 16 -1 2680 456
alloc 47 458 5872 2200 456
free 18 -1 2320 456
alloc 9 323 4960 1976 456
free 20 -1 2512 456
alloc 35 491 7968 2000 456
free 22 -1 2416 456
alloc 13 71 152 2328 456
alloc 8 559 -1 2328 456
alloc 7 275 664 2032 456
free 26 -1 2624 456
free 1 -1 3008 456
alloc 12 120 1424 2872 456
alloc 11 385 3216 2464 456
alloc 30 304 7184 2144 456
alloc 37 592 -1 2144 456
free 32 -1 2752 456
alloc 31 240 1560 2472 456
alloc 18 46 240 2408 456
free 41 -1 2808 456
alloc 36 563 9184 2200 456
free 3 -1 2336 456
alloc 38 418 7504 1872 456
alloc 45 556 -1 1872 456
free 40 -1 2320 456
alloc 23 435 5304 1864 456
alloc 42 293 10696 1552 456
alloc 17 578 -1 1552 456
free 44 -1 1664 456
alloc 27 241 6352 1400 456
free 46 -1 1640 456
alloc 21 478 2320 1112 456
alloc 32 441 -1 1112 456
free 47 -1 1592 456
free 2 -1 1928 456
alloc 25 414 5760 1496 456
alloc 4 152 3624 1312 456
alloc 3 431 -1 1312 456
free 38 -1 1776 456
free 13 -1 1864 456
alloc 40 535 -1 1864 456
free 7 -1 2160 456
alloc 26 439 7504 1696 456
alloc 1 184 16 1472 456
alloc 44 208 664 1248 456
free 43 -1 1616 456
free 30 -1 1936 456
alloc 37 142 2848 1776 456
alloc 16 203 4624 1552 456
alloc 47 435 -1 1552 456
alloc 34 585 -1 1552 456
free 9 -1 1896 456
alloc 20 260 4848 1616 456
free 35 -1 2128 456
alloc 38 48 304 2064 456
alloc 13 440 7968 1608 456
alloc 8 436 -1 1608 456
alloc 39 30 368 1560 456
free 42 -1 1872 456
alloc 33 173 3008 1664 456
free 12 -1 1800 456
free 11 -1 2208 456
alloc 46 242 3216 1944 456
free 37 -1 2104 456
alloc 32 63 1424 2024 456
alloc 47 390 10696 1616 456
free 18 -1 1680 456
free 25 -1 2112 456
free 4 -1 2296 456
alloc 35 183 3480 2096 456
free 38 -1 2160 456
free 13 -1 2616 456
alloc 8 155 5128 2440 456
free 39 -1 2488 456
free 10 -1 2888 456
free 1 -1 3112 456
free 28 -1 3368 456
free 27 -1 3632 456
alloc 30 76 16 3536 456
free 5 -1 4000 456
free 16 -1 4224 456
free 15 -1 4256 456
alloc 2 429 888 3808 456
alloc 25 479 5760 3312 456
alloc 4 445 7968 2848 456
alloc 3 176 112 2656 456
alloc 38 358 6256 2256 456
free 29 -1 2760 456
alloc 24 359 9792 2384 456
alloc 7 2 304 2360 456
alloc 10 463 10168 1880 456
alloc 1 393 -1 1880 456
free 44 -1 2104 456
alloc 27 389 -1 2104 456
free 14 -1 2576 456
alloc 5 525 8432 2032 456
free 0 -1 2256 456
free 47 -1 2664 456
alloc 34 158 632 2488 456
alloc 9 125 1840 2344 456
free 4 -1 2808 456
free 3 -1 3000 456
alloc 22 96 112 2888 456
alloc 45 155 1984 2712 456
free 24 -1 3088 456
free 23 -1 3544 456
free 26 -1 4008 456
alloc 1 172 4624 3784 456
alloc 12 234 5304 3528 456
alloc 43 205 7184 3304 456
alloc 14 101 328 3176 456
alloc 37 402 7408 2752 456
free 32 -1 2832 456
alloc 15 365 7832 2448 456
free 2 -1 2896 456
free 9 -1 3040 456
free 20 -1 3320 456
free 35 -1 3520 456
free 22 -1 3632 456
free 45 -1 3808 456
alloc 24 141 112 3616 456
alloc 39 34 808 3560 456
alloc 42 63 864 3480 456
alloc 17 588 944 2864 456
alloc 44 547 10648 2296 456
free 43 -1 2520 456
free 14 -1 2648 456
free 21 -1 3176 456
alloc 0 313 1840 2840 456
free 15 -1 3224 456
free 34 -1 3400 456
alloc 41 85 328 3272 456
alloc 20 567 2176 2688 456
free 19 -1 2864 456
alloc 22 174 456 2672 456
alloc 29 76 648 2576 456
free 8 -1 2752 456
free 7 -1 2776 456
alloc 26 169 2760 2584 456
free 1 -1 2808 456
free 44 -1 3376 456
alloc 43 555 4624 2800 456
free 46 -1 3064 456
free 37 -1 3488 456
alloc 16 533 3216 2936 456
alloc 47 285 7184 2632 456
alloc 18 150 5560 2432 456
alloc 9 166 7488 2248 456
free 36 -1 2856 456
alloc 19 233 7672 2600 456
free 22 -1 2792 456
alloc 13 562 8976 2208 456
free 24 -1 2400 456
alloc 23 195 112 2184 456
free 26 -1 2376 456
free 33 -1 2584 456
free 12 -1 2840 456
alloc 27 185 2760 2632 456
alloc 46 516 9560 2096 456
alloc 37 267 5200 1808 456
free 0 -1 2144 456
alloc 15 22 456 2104 456
alloc 2 600 10648 1488 456
free 9 -1 1672 456
alloc 36 18 496 1632 456
alloc 3 151 1840 1464 456
free 38 -1 1864 456
alloc 45 151 2008 1696 456
alloc 8 285 6256 1392 456
free 23 -1 1608 456
free 42 -1 1688 456
free 17 -1 2304 456
alloc 12 6 112 2280 456
alloc 11 319 864 1944 456
alloc 14 441 7928 1480 456
free 5 -1 2024 456
alloc 0 366 8392 1640 456
free 47 -1 1944 456
free 18 -1 2144 456
free 41 -1 2272 456
free 20 -1 2856 456
free 19 -1 3112 456
free 6 -1 3400 456
free 29 -1 3496 456
alloc 40 166 136 3312 456
alloc 7 244 536 3040 456
alloc 42 587 7184 2432 456
alloc 33 141 1200 2272 456
alloc 28 18 320 2232 456
free 11 -1 2568 456
free 14 -1 3032 456
alloc 21 260 864 2752 456
alloc 32 567 2176 2168 456
free 31 -1 2448 456
alloc 18 267 1360 2160 456
free 25 -1 2656 456
alloc 20 291 3768 2328 456
free 3 -1 2496 456
alloc 38 575 5488 1904 456
free 45 -1 2072 456
free 8 -1 2376 456
alloc 23 420 1648 1936 456
free 42 -1 2544 456
free 33 -1 2704 456
alloc 44 302 6080 2384 456
free 43 -1 2960 456
free 46 -1 3496 456
free 21 -1 3776 456
free 32 -1 4360 456
free 15 -1 4400 456
free 18 -1 4688 456
alloc 9 66 360 4600 456
free 20 -1 4928 456
alloc 19 413 864 4496 456
free 38 -1 5088 456
alloc 29 259 1296 4808 456
free 40 -1 4992 456
free 7 -1 5264 456
free 10 -1 5744 456
alloc 17 542 2088 5184 456
free 28 -1 5224 456
alloc 43 154 136 5048 456
alloc 14 30 312 5000 456
alloc 5 141 536 4840 456
free 0 -1 5224 456
alloc 31 535 4624 4648 456
alloc 34 486 5488 4144 456
free 9 -1 4232 456
alloc 4 236 3768 3976 456
alloc 3 123 2968 3832 456
alloc 22 504 7184 3312 456
alloc 45 539 7704 2752 456
alloc 40 387 8264 2344 456
alloc 7 117 360 2208 456
alloc 26 107 6400 2080 456
alloc 1 324 9560 1736 456
alloc 28 47 696 1672 456
free 27 -1 1880 456
alloc 46 303 2648 1560 456
free 5 -1 1720 456
alloc 0 530 9904 1168 456
free 31 -1 1744 456
alloc 18 440 4624 1288 456
alloc 41 82 536 1184 456
free 4 -1 1440 456
alloc 35 272 3768 1152 456
alloc 6 362 -1 1152 456
free 13 -1 1736 456
alloc 24 365 8672 1352 456
free 23 -1 1792 456
alloc 10 205 1576 1568 456
free 1 -1 1912 456
free 44 -1 2232 456
free 43 -1 2408 456
free 14 -1 2456 456
alloc 5 283 5992 2152 456
alloc 32 123 136 2008 456
alloc 47 298 9056 1688 456
free 2 -1 2304 456
alloc 25 128 1800 2160 456
alloc 4 410 9376 1728 456
free 19 -1 2160 456
alloc 6 137 864 2000 456
free 45 -1 2560 456
free 40 -1 2968 456
alloc 23 200 1024 2752 456
free 10 -1 2976 456
alloc 1 82 1576 2872 456
free 12 -1 2896 456
alloc 11 593 7704 2280 456
free 46 -1 2600 456
free 5 -1 2904 456
free 0 -1 3456 456
alloc 31 192 2648 3248 456
alloc 2 433 9808 2792 456
alloc 9 54 280 2712 456
free 36 -1 2752 456
alloc 19 273 5992 2456 456
free 6 -1 2616 456
alloc 13 266 8320 2328 456
alloc 8 438 10264 1872 456
free 7 -1 2008 456
free 26 -1 2136 456
free 1 -1 2240 456
alloc 44 105 360 2112 456
alloc 43 414 10720 1680 456
alloc 14 98 864 1560 456
free 37 -1 1848 456
free 32 -1 1992 456
alloc 15 78 112 1896 456
free 34 -1 2400 456
free 9 -1 2480 456
free 4 -1 2912 456
free 3 -1 3056 456
free 22 -1 3576 456
free 29 -1 3856 456
alloc 40 271 1240 3568 456
alloc 7 153 1528 3392 456
alloc 10 34 208 3336 456
alloc 1 216 2856 3104 456
free 44 -1 3232 456
free 43 -1 3664 456
free 14 -1 3784 456
alloc 37 198 264 3568 456
alloc 0 6 480 3512 456
free 47 -1 3832 456
free 18 -1 4288 456
alloc 9 388 4624 3880 456
alloc 20 564 5032 3296 456
free 35 -1 3584 456
alloc 38 232 3768 3336 456
free 13 -1 3624 456
free 24 -1 4008 456
free 39 -1 4064 456
free 10 -1 4120 456
free 17 -1 4680 456
alloc 44 367 1944 4296 456
alloc 43 308 5616 3968 456
alloc 14 536 8320 3416 456
alloc 21 36 208 3360 456
free 0 -1 3416 456
free 31 -1 3624 456
free 2 -1 4080 456
free 25 -1 4224 456
free 20 -1 4808 456
free 19 -1 5104 456
alloc 22 74 760 5008 456
alloc 45 349 2328 4640 456
free 40 -1 4928 456
alloc 39 209 1240 4696 456
alloc 26 317 5032 4360 456
alloc 33 88 856 4256 456
free 28 -1 4320 456
free 11 -1 4936 456
alloc 46 169 1704 4744 456
alloc 5 18 480 4688 456
alloc 32 390 5944 4280 456
alloc 47 113 2696 4120 456
alloc 18 530 7184 3568 456
free 9 -1 3976 456
alloc 36 223 4624 3736 456
alloc 35 506 7736 3208 456
free 38 -1 3456 456
alloc 13 278 3768 3128 456
alloc 40 172 5368 2936 456
free 23 -1 3152 456
alloc 42 553 8872 2576 456
free 1 -1 2808 456
alloc 12 563 9448 2224 456
alloc 11 304 2856 1904 456
free 30 -1 2000 456
free 21 -1 2056 456
free 16 -1 2608 456
free 15 -1 2704 456
alloc 2 68 16 2616 456
alloc 25 594 -1 2616 456
alloc 4 596 -1 2616 456
free 35 -1 3144 456
alloc 6 67 104 3056 456
alloc 29 62 640 2976 456
alloc 24 406 3176 2552 456
free 39 -1 2784 456
free 26 -1 3120 456
free 33 -1 3224 456
free 12 -1 3808 456
free 11 -1 4128 456
free 46 -1 4320 456
free 5 -1 4376 456
alloc 16 391 856 3968 456
alloc 31 338 4864 3608 456
free 2 -1 3696 456
free 41 -1 3800 456
alloc 4 171 1264 3608 456
alloc 35 296 2856 3288 456
free 6 -1 3376 456
free 29 -1 3456 456
free 40 -1 3648 456
free 7 -1 3824 456
free 42 -1 4400 456
alloc 1 183 16 4200 456
alloc 28 382 1456 3800 456
alloc 11 182 480 3600 456
alloc 46 518 7736 3064 456
free 37 -1 3280 456
free 16 -1 3688 456
free 47 -1 3848 456
alloc 34 476 8872 3352 456
alloc 25 256 856 3080 456
alloc 20 479 9368 2584 456
alloc 19 270 5224 2296 456
alloc 38 339 9864 1936 456
alloc 29 164 216 1752 456
free 24 -1 2176 456
alloc 7 155 3176 2000 456
alloc 42 62 400 1920 456
free 1 -1 2120 456
alloc 12 40 16 2064 456
free 11 -1 2264 456
free 14 -1 2816 456
alloc 37 184 480 2616 456
alloc 16 445 8272 2152 456
alloc 47 381 3352 1736 456
alloc 2 353 10720 1360 456
free 25 -1 1632 456
free 4 -1 1824 456
free 35 -1 2144 456
alloc 6 152 856 1976 456
free 45 -1 2344 456
free 8 -1 2800 456
free 7 -1 2976 456
alloc 10 187 1024 2768 456
alloc 1 53 72 2696 456
free 12 -1 2752 456
free 43 -1 3080 456
alloc 14 2 16 3024 456
free 37 -1 3224 456
free 16 -1 3688 456
free 47 -1 4104 456
free 2 -1 4480 456
alloc 9 497 2328 3960 456
free 20 -1 4456 456
alloc 35 305 2848 4128 456
free 38 -1 4488 456
free 29 -1 4672 456
alloc 8 341 3176 4312 456
alloc 39 11 144 4280 456
free 10 -1 4488 456
alloc 33 298 1024 4168 456
alloc 12 398 5512 3736 456
alloc 43 441 8272 3272 456
free 14 -1 3328 456
alloc 37 414 9368 2896 456
alloc 16 219 480 2656 456
free 31 -1 3016 456
alloc 2 327 4864 2656 456
free 9 -1 3176 456
free 36 -1 3416 456
free 35 -1 3744 456
free 22 -1 3840 456
alloc 45 210 2328 3608 456
free 8 -1 3968 456
free 39 -1 4000 456
alloc 10 153 144 3824 456
free 33 -1 4144 456
free 12 -1 4576 456
alloc 27 519 2560 4040 456
alloc 30 29 16 3984 456
alloc 21 140 1024 3824 456
free 16 -1 4064 456
alloc 47 438 3096 3608 456
free 18 -1 4160 456
alloc 9 359 480 3784 456
alloc 36 520 7184 3232 456
alloc 35 343 5512 2872 456
alloc 38 247 1184 2600 456
free 13 -1 2928 456
alloc 24 256 3552 2656 456
alloc 39 393 9800 2240 456
free 10 -1 2416 456
alloc 17 395 10216 2000 456
free 28 -1 2400 456
alloc 11 453 1456 1912 456
free 30 -1 1968 456
alloc 5 146 144 1800 456
alloc 16 321 10632 1456 456
alloc 31 356 -1 1456 456
alloc 18 594 -1 1456 456
alloc 41 204 3824 1232 456
alloc 20 146 4624 1064 456
free 35 -1 1424 456
free 38 -1 1696 456
free 45 -1 1928 456
free 24 -1 2200 456
alloc 7 490 -1 2200 456
alloc 26 28 16 2144 456
free 17 -1 2560 456
free 44 -1 2944 456
free 43 -1 3408 456
free 46 -1 3944 456
free 21 -1 4104 456
alloc 0 227 1024 3856 456
alloc 15 98 1272 3736 456
alloc 18 33 312 3648 456
free 41 -1 3872 456
alloc 4 580 1944 3256 456
alloc 35 389 3552 2848 456
alloc 38 253 5512 2576 456
alloc 45 283 6352 2272 456
alloc 8 417 7736 1832 456
alloc 23 434 8176 1376 456
free 26 -1 1432 456
free 1 -1 1504 456
alloc 44 548 -1 1504 456
free 27 -1 2040 456
alloc 14 557 -1 2040 456
free 37 -1 2472 456
free 16 -1 2816 456
alloc 31 290 2560 2504 456
free 18 -1 2592 456
alloc 41 282 9368 2288 456
free 20 -1 2456 456
free 19 -1 2744 456
alloc 22 231 5224 2496 456
alloc 13 540 10216 1936 456
alloc 24 101 16 1808 456
free 39 -1 2224 456
free 42 -1 2304 456
alloc 17 332 9672 1952 456
alloc 44 275 10776 1656 456
alloc 43 512 -1 1656 456
alloc 46 470 -1 1656 456
free 5 -1 1824 456
alloc 16 118 144 1688 456
free 15 -1 1808 456
free 34 -1 2304 456
free 41 -1 2608 456
free 4 -1 3224 456
alloc 19 550 1944 2656 456
free 22 -1 2904 456
free 45 -1 3208 456
free 24 -1 3336 456
alloc 7 19 16 3296 456
alloc 42 414 8632 2864 456
alloc 1 2 56 2840 456
alloc 12 392 9064 2432 456
free 11 -1 2920 456
alloc 14 251 1272 2648 456
alloc 21 595 -1 2648 456
free 32 -1 3056 456
free 31 -1 3368 456
alloc 18 454 2512 2896 456
alloc 41 368 1544 2496 456
alloc 20 30 80 2432 456
alloc 3 588 5784 1824 456
free 38 -1 2096 456
alloc 29 351 5224 1728 456
free 8 -1 2168 456
free 7 -1 2208 456
alloc 10 227 6392 1944 456
free 1 -1 1968 456
free 44 -1 2264 456
alloc 11 516 -1 2264 456
alloc 30 447 10776 1776 456
alloc 37 139 280 1616 456
alloc 32 385 7736 1176 456
alloc 31 395 -1 1176 456
free 2 -1 1536 456
alloc 25 86 2984 1424 456
free 36 -1 1976 456
free 19 -1 2544 456
alloc 22 332 1944 2192 456
free 13 -1 2752 456
alloc 40 311 4624 2424 456
alloc 7 41 16 2360 456
free 42 -1 2792 456
free 17 -1 3144 456
alloc 28 363 7184 2760 456
alloc 27 580 9472 2160 456
alloc 46 459 10072 1680 456
alloc 21 321 8632 1336 456
free 0 -1 1584 456
free 47 -1 2040 456
free 18 -1 2512 456
free 41 -1 2912 456
alloc 4 231 1024 2664 456
free 35 -1 3072 456
free 22 -1 3424 456
alloc 13 104 1544 3304 456
alloc 24 529 1664 2752 456
free 23 -1 3208 456
free 10 -1 3472 456
alloc 17 328 2216 3128 456
free 28 -1 3512 456
alloc 43 4 440 3472 456
free 30 -1 3960 456
alloc 5 167 2560 3776 456
free 16 -1 3912 456
alloc 47 278 3096 3616 456
alloc 34 448 3392 3152 456
free 25 -1 3264 456
free 20 -1 3328 456
free 3 -1 3936 456
free 6 -1 4104 456
free 29 -1 4472 456
free 24 -1 5024 456
alloc 23 116 80 4888 456
alloc 26 573 4952 4296 456
alloc 33 560 5544 3720 456
alloc 28 433 1664 3264 456
alloc 11 421 6120 2824 456
free 46 -1 3304 456
free 5 -1 3488 456
free 32 -1 3928 456
free 47 -1 4224 456
free 34 -1 4688 456
alloc 25 111 856 4560 456
alloc 36 71 2120 4464 456
alloc 19 477 2560 3968 456
alloc 22 457 3056 3488 456
free 13 -1 3608 456
alloc 8 370 3536 3216 456
alloc 39 284 7184 2912 456
alloc 10 39 216 2848 456
alloc 1 201 7488 2624 456
alloc 44 69 1544 2504 456
free 43 -1 2544 456
alloc 30 451 7712 2072 456
free 37 -1 2232 456
alloc 0 475 10072 1736 456
alloc 15 234 8184 1480 456
alloc 2 84 280 1376 456
free 25 -1 1504 456
free 4 -1 1752 456
alloc 35 309 856 1424 456
alloc 38 133 3928 1256 456
alloc 45 19 384 1216 456
alloc 24 494 10568 704 456
free 39 -1 1008 456
free 10 -1 1072 456
free 1 -1 1296 456
free 44 -1 1416 456
alloc 43 533 -1 1416 456
free 30 -1 1888 456
free 21 -1 2232 456
alloc 16 559 7184 1656 456
alloc 47 495 8440 1144 456
free 2 -1 1248 456
free 9 -1 1624 456
alloc 4 115 216 1456 456
free 19 -1 1952 456
free 38 -1 2120 456
alloc 29 9 424 2088 456
free 40 -1 2416 456
alloc 39 202 456 2192 456
alloc 10 445 2560 1696 456
free 17 -1 2040 456
free 12 -1 2448 456
free 27 -1 3048 456
alloc 30 489 8952 2536 456
alloc 21 104 680 2416 456
free 0 -1 2912 456
alloc 31 469 9464 2424 456
alloc 2 306 2216 2080 456
alloc 25 280 4624 1752 456
free 36 -1 1848 456
alloc 3 281 7760 1544 456
free 22 -1 2024 456
free 29 -1 2056 456
free 8 -1 2448 456
free 23 -1 2584 456
alloc 42 38 80 2528 456
free 33 -1 3104 456
alloc 12 528 3056 2560 456
free 11 -1 3000 456
free 30 -1 3512 456
free 21 -1 3632 456
alloc 32 410 3600 3200 456
free 31 -1 3688 456
free 2 -1 4032 456
free 25 -1 4360 456
alloc 36 459 5544 3880 456
free 3 -1 4184 456
alloc 6 592 6024 3552 456
alloc 29 23 136 3512 456
alloc 40 496 8952 3000 456
alloc 23 459 9464 2520 456
free 42 -1 2576 456
alloc 33 591 9944 1952 456
free 28 -1 2408 456
alloc 43 182 1544 2208 456
alloc 46 196 1744 1992 456
alloc 5 249 1960 1720 456
free 16 -1 2296 456
free 15 -1 2552 456
alloc 34 186 2232 2344 456
alloc 9 129 680 2168 456
free 4 -1 2336 456
alloc 19 364 7184 1952 456
alloc 22 292 4624 1624 456
free 45 -1 1664 456
alloc 8 29 80 1608 456
free 39 -1 1832 456
free 10 -1 2328 456
alloc 1 336 176 1976 456
free 12 -1 2520 456
alloc 27 404 2440 2096 456
alloc 30 398 2864 1680 456
alloc 37 470 7568 1192 456
alloc 16 379 -1 1192 456
alloc 31 526 -1 1192 456
alloc 2 23 528 1152 456
alloc 25 241 3280 888 456
free 36 -1 1368 456
alloc 3 378 5544 968 456
free 6 -1 1600 456
free 29 -1 1640 456
free 24 -1 2152 456
free 23 -1 2632 456
alloc 10 425 5944 2184 456
free 33 -1 2808 456
alloc 44 463 9464 2328 456
alloc 11 162 6392 2144 456
free 30 -1 2560 456
alloc 21 540 9944 2000 456
alloc 0 477 10504 1504 456
alloc 31 553 -1 1504 456
free 2 -1 1544 456
alloc 41 153 2864 1368 456
alloc 4 126 528 1216 456
free 35 -1 1544 456
alloc 6 581 -1 1544 456
alloc 45 485 -1 1544 456
free 40 -1 2056 456
free 7 -1 2120 456
alloc 42 354 856 1744 456
alloc 17 211 3040 1504 456
alloc 28 145 8056 1336 456
free 43 -1 1536 456
free 14 -1 1808 456
free 21 -1 2368 456
free 0 -1 2864 456
free 47 -1 3376 456
free 34 -1 3584 456
free 25 -1 3848 456
alloc 36 463 1232 3336 456
free 3 -1 3736 456
free 22 -1 4064 456
alloc 13 158 2232 3856 456
alloc 24 103 3280 3736 456
alloc 39 324 5544 3392 456
free 42 -1 3768 456
alloc 33 467 8224 3280 456
free 28 -1 3448 456
free 11 -1 3632 456
free 46 -1 3848 456
free 5 -1 4120 456
alloc 16 120 856 3984 456
alloc 31 303 1744 3664 456
alloc 2 36 16 3600 456
free 41 -1 3776 456
alloc 20 49 992 3704 456
alloc 35 597 8712 3088 456
alloc 6 91 1064 2976 456
alloc 29 230 4624 2728 456
alloc 40 227 6392 2464 456
alloc 23 578 9944 1864 456
alloc 42 112 2064 1736 456
free 17 -1 1976 456
alloc 12 130 2864 1824 456
free 27 -1 2248 456
alloc 46 335 2440 1896 456
alloc 5 144 3016 1736 456
alloc 0 402 10544 1312 456
free 31 -1 1632 456
alloc 34 261 1744 1352 456
free 9 -1 1528 456
free 20 -1 1600 456
free 35 -1 2216 456
alloc 38 476 8712 1720 456
free 13 -1 1928 456
free 8 -1 1984 456
free 39 -1 2328 456
free 26 -1 2920 456
alloc 17 372 4872 2528 456
free 12 -1 2680 456
alloc 11 334 5264 2328 456
alloc 30 537 -1 2328 456
free 5 -1 2488 456
free 32 -1 2920 456
alloc 31 21 80 2880 456
free 2 -1 2944 456
alloc 25 16 16 2880 456
alloc 20 343 2792 2520 456
alloc 3 81 680 2416 456
alloc 22 422 3400 1976 456
alloc 13 455 -1 1976 456
free 24 -1 2096 456
alloc 39 21 120 2040 456
free 42 -1 2168 456
free 17 -1 2560 456
alloc 28 5 784 2536 456
free 11 -1 2888 456
alloc 30 64 2024 2808 456
alloc 5 166 2104 2624 456
alloc 32 178 3152 2424 456
alloc 15 11 808 2376 456
alloc 2 209 3840 2120 456
alloc 9 374 4872 1728 456
free 4 -1 1880 456
free 19 -1 2264 456
free 38 -1 2760 456
free 29 -1 3008 456
alloc 24 211 4624 2760 456
free 23 -1 3360 456
alloc 42 357 5264 2984 456
free 1 -1 3336 456
alloc 12 303 176 3016 456
alloc 27 465 8712 2528 456
free 30 -1 2608 456
alloc 21 598 -1 2608 456
free 0 -1 3032 456
free 15 -1 3080 456
free 34 -1 3360 456
free 25 -1 3424 456
free 36 -1 3936 456
alloc 35 257 1176 3656 456
free 22 -1 4096 456
alloc 45 71 496 4008 456
free 24 -1 4256 456
alloc 7 585 1456 3648 456
free 42 -1 4024 456
alloc 1 488 5264 3520 456
free 44 -1 4000 456
alloc 11 583 9200 3400 456
free 46 -1 3752 456
free 37 -1 4240 456
free 32 -1 4440 456
alloc 15 97 2288 4320 456
alloc 18 196 2408 4104 456
alloc 25 97 2624 3984 456
free 20 -1 4344 456
free 3 -1 4448 456
alloc 22 491 2744 3936 456
alloc 29 373 3256 3544 456
free 40 -1 3808 456
free 7 -1 4416 456
alloc 26 422 1456 3976 456
free 33 -1 4464 456
free 28 -1 4488 456
alloc 43 588 7184 3880 456
alloc 30 45 16 3816 456
free 5 -1 4000 456
alloc 0 109 584 3872 456
free 15 -1 3992 456
alloc 34 320 1896 3656 456
free 9 -1 4048 456
alloc 20 347 4624 3680 456
free 35 -1 3960 456
free 22 -1 4472 456
alloc 13 347 2744 4104 456
alloc 40 29 712 4056 456
alloc 23 180 1176 3856 456
free 26 -1 4296 456
alloc 33 32 760 4248 456
free 12 -1 4568 456
free 43 -1 5176 456
alloc 14 455 1376 4704 456
alloc 37 132 176 4552 456
alloc 32 166 3648 4360 456
alloc 47 297 7184 4040 456
free 34 -1 4376 456
alloc 41 500 1848 3856 456
alloc 4 101 328 3736 456
alloc 3 8 448 3688 456
alloc 38 62 3112 3608 456
free 45 -1 3696 456
free 40 -1 3744 456
free 39 -1 3800 456
free 10 -1 4248 456
free 33 -1 4296 456
alloc 28 344 5768 3936 456
alloc 43 562 7504 3352 456
alloc 46 472 6128 2864 456
free 37 -1 3016 456
free 0 -1 3144 456
free 47 -1 3464 456
alloc 34 190 120 3256 456
alloc 9 565 8088 2672 456
alloc 36 462 9800 2192 456
alloc 19 72 496 2104 456
alloc 22 280 7184 1784 456
free 13 -1 2152 456
alloc 40 291 2744 1840 456
alloc 7 101 584 1720 456
alloc 42 112 704 1568 456
free 1 -1 2072 456
free 28 -1 2432 456
free 43 -1 3016 456
free 14 -1 3488 456
alloc 37 154 1376 3312 456
free 16 -1 3448 456
free 31 -1 3488 456
free 2 -1 3744 456
free 9 -1 4328 456
free 4 -1 4448 456
free 19 -1 4536 456
free 22 -1 4856 456
alloc 45 206 1552 4632 456
free 40 -1 4944 456
free 23 -1 5144 456
alloc 26 10 80 5104 456
alloc 33 89 328 4984 456
alloc 12 345 2744 4616 456
alloc 43 104 856 4496 456
alloc 14 348 4992 4128 456
free 37 -1 4304 456
free 32 -1 4496 456
alloc 47 90 1176 4384 456
alloc 2 170 1288 4192 456
alloc 9 91 3648 4080 456
alloc 4 330 5360 3728 456
alloc 19 454 7184 3256 456
free 6 -1 3368 456
free 45 -1 3592 456
alloc 40 25 496 3544 456
free 7 -1 3664 456
free 26 -1 3704 456
free 33 -1 3824 456
free 12 -1 4192 456
free 43 -1 4312 456
free 46 -1 4800 456
alloc 21 59 328 4720 456
alloc 0 56 544 4648 456
free 47 -1 4760 456
free 2 -1 4952 456
free 25 -1 5072 456
free 4 -1 5424 456
free 3 -1 5472 456
alloc 22 469 856 4984 456
free 29 -1 5376 456
free 40 -1 5424 456
alloc 39 64 408 5344 456
alloc 10 323 1344 5000 456
alloc 33 95 1688 4888 456
alloc 12 375 2624 4496 456
free 27 -1 4984 456
free 14 -1 5352 456
alloc 5 297 3192 5032 456
free 0 -1 5104 456
alloc 47 472 4992 4616 456
free 34 -1 4824 456
free 41 -1 5344 456
alloc 4 576 1800 4736 456
alloc 3 247 3760 4472 456
alloc 6 231 80 4224 456
alloc 45 407 5480 3800 456
alloc 8 61 488 3720 456
alloc 23 358 5904 3344 456
alloc 26 111 568 3208 456
alloc 17 13 3016 3176 456
alloc 28 563 7656 2592 456
free 11 -1 3192 456
alloc 46 219 6280 2952 456
alloc 37 422 8240 2512 456
alloc 32 472 8680 2024 456
alloc 15 105 3512 1888 456
free 18 -1 2104 456
alloc 41 582 9168 1472 456
free 4 -1 2080 456
free 3 -1 2344 456
free 6 -1 2592 456
free 45 -1 3016 456
alloc 24 377 1800 2616 456
free 39 -1 2696 456
free 26 -1 2832 456
alloc 1 531 10280 2280 456
free 28 -1 2864 456
alloc 43 52 80 2792 456
free 30 -1 2856 456
free 37 -1 3296 456
alloc 16 178 2200 3096 456
free 47 -1 3584 456
alloc 18 115 152 3448 456
alloc 25 404 4992 3024 456
free 20 -1 3392 456
alloc 3 261 3760 3112 456
free 38 -1 3192 456
alloc 13 59 408 3112 456
free 8 -1 3192 456
free 23 -1 3568 456
free 42 -1 3720 456
free 33 -1 3832 456
alloc 28 585 5416 3224 456
alloc 27 122 488 3080 456
alloc 14 479 7656 2584 456
alloc 37 332 4624 2216 456
free 16 -1 2416 456
free 15 -1 2552 456
alloc 34 119 632 2416 456
free 9 -1 2528 456
free 36 -1 3008 456
alloc 35 186 2200 2800 456
alloc 6 140 2408 2640 456
alloc 29 227 3512 2392 456
alloc 8 170 6024 2200 456
alloc 39 372 8152 1808 456
alloc 26 516 -1 1808 456
free 1 -1 2360 456
free 12 -1 2752 456
free 27 -1 2896 456
alloc 30 595 9800 2280 456
free 37 -1 2648 456
alloc 0 531 10416 2096 456
alloc 15 586 -1 2096 456
free 18 -1 2232 456
alloc 9 341 2568 1872 456
alloc 20 185 4624 1664 456
free 19 -1 2136 456
alloc 38 485 -1 2136 456
free 29 -1 2384 456
free 8 -1 2576 456
alloc 7 125 152 2400 456
alloc 26 155 3512 2224 456
free 17 -1 2256 456
free 28 -1 2864 456
alloc 27 592 5416 2256 456
free 30 -1 2872 456
free 21 -1 2952 456
alloc 16 399 7184 2536 456
alloc 47 455 9800 2064 456
alloc 18 32 16 2000 456
free 9 -1 2360 456
alloc 36 293 2568 2048 456
alloc 19 99 488 1904 456
free 22 -1 2392 456
alloc 29 225 768 2144 456
free 24 -1 2544 456
free 7 -1 2720 456
alloc 42 191 152 2512 456
alloc 1 375 1688 2120 456
alloc 12 49 1016 2048 456
free 43 -1 2120 456
free 14 -1 2616 456
alloc 21 440 7600 2160 456
free 16 -1 2576 456
alloc 15 600 -1 2576 456
free 34 -1 2712 456
free 25 -1 3136 456
free 36 -1 3448 456
free 19 -1 3592 456
alloc 38 491 2568 3080 456
alloc 45 425 4832 2632 456
alloc 24 180 488 2432 456
alloc 23 128 1088 2288 456
free 10 -1 2632 456
alloc 17 127 1232 2488 456
alloc 44 410 -1 2488 456
free 27 -1 3096 456
free 46 -1 3336 456
free 5 -1 3656 456
free 32 -1 4144 456
alloc 15 203 1376 3920 456
free 18 -1 3984 456
free 41 -1 4616 456
free 20 -1 4824 456
free 35 -1 5032 456
free 38 -1 5544 456
free 45 -1 5992 456
alloc 40 416 2568 5560 456
alloc 7 534 4624 5008 456
free 42 -1 5216 456
free 17 -1 5360 456
alloc 28 324 16 5016 456
alloc 27 553 5176 4440 456
alloc 46 4 360 4392 456
alloc 5 369 3000 4000 456
alloc 32 289 2080 3672 456
free 15 -1 3896 456
alloc 2 224 1232 3656 456
alloc 9 377 5752 3256 456
alloc 20 293 6152 2944 456
free 3 -1 3224 456
alloc 38 377 3688 2816 456
alloc 45 31 688 2736 456
free 40 -1 3168 456
free 7 -1 3720 456
alloc 42 492 4624 3208 456
alloc 17 453 8544 2736 456
free 28 -1 3080 456
free 27 -1 3656 456
alloc 30 398 2568 3224 456
alloc 37 358 5136 2848 456
free 0 -1 3400 456
alloc 15 1 16 3376 456
alloc 18 172 40 3184 456
free 9 -1 3584 456
alloc 36 129 1472 3432 456
alloc 19 591 5512 2792 456
free 6 -1 2952 456
free 13 -1 3032 456
alloc 40 110 232 2904 456
alloc 7 588 9016 2296 456
alloc 10 113 2408 2136 456
alloc 33 101 3392 2016 456
free 12 -1 2088 456
alloc 27 551 10272 1520 456
free 46 -1 1568 456
free 5 -1 1960 456
free 32 -1 2288 456
free 15 -1 2312 456
alloc 34 208 2080 2088 456
alloc 9 55 360 2016 456
alloc 4 334 3000 1664 456
alloc 3 133 6464 1512 456
alloc 22 146 7184 1344 456
free 29 -1 1592 456
alloc 8 179 768 1392 456
free 7 -1 2000 456
free 26 -1 2176 456
free 33 -1 2296 456
alloc 12 84 968 2176 456
free 27 -1 2744 456
free 30 -1 3176 456
alloc 5 146 2568 3008 456
alloc 32 598 9016 2392 456
alloc 31 524 10272 1848 456
free 34 -1 2072 456
free 9 -1 2144 456
free 36 -1 2296 456
free 19 -1 2936 456
free 38 -1 3344 456
alloc 13 126 1472 3200 456
free 40 -1 3328 456
free 23 -1 3472 456
free 10 -1 3632 456
free 1 -1 4024 456
free 12 -1 4144 456
alloc 11 32 232 4096 456
alloc 30 275 1616 3800 456
free 5 -1 3968 456
alloc 0 3 16 3944 456
free 31 -1 4488 456
alloc 34 142 280 4328 456
alloc 9 277 1912 4032 456
free 4 -1 4384 456
alloc 35 141 968 4224 456
free 22 -1 4392 456
free 13 -1 4536 456
free 24 -1 4736 456
alloc 23 394 2208 4320 456
alloc 26 363 2624 3936 456
alloc 1 28 440 3888 456
alloc 44 268 3008 3600 456
alloc 27 352 3296 3232 456
alloc 46 375 3664 2840 456
free 37 -1 3216 456
free 32 -1 3832 456
alloc 31 354 5136 3456 456
free 2 -1 3696 456
alloc 41 338 1128 3336 456
free 20 -1 3648 456
alloc 19 403 5512 3224 456
alloc 6 18 488 3184 456
free 45 -1 3264 456
free 8 -1 3464 456
alloc 7 360 528 3088 456
free 26 -1 3472 456
free 1 -1 3520 456
alloc 12 441 5936 3056 456
alloc 43 8 440 3008 456
free 46 -1 3400 456
alloc 37 133 2624 3248 456
free 0 -1 3272 456
free 47 -1 3744 456
free 18 -1 3936 456
free 9 -1 4232 456
alloc 4 122 16 4088 456
free 35 -1 4248 456
alloc 22 590 9016 3640 456
alloc 13 23 160 3568 456
alloc 8 559 9624 2992 456
free 23 -1 3408 456
alloc 10 60 904 3328 456
alloc 1 138 1912 3168 456
free 12 -1 3632 456
free 11 -1 3680 456
alloc 14 275 2072 3384 456
alloc 5 510 5936 2856 456
alloc 32 322 3664 2512 456
alloc 15 11 232 2464 456
alloc 18 342 7184 2104 456
alloc 9 422 10200 1664 456
free 4 -1 1808 456
free 3 -1 1960 456
alloc 38 482 10640 1456 456
free 13 -1 1528 456
free 8 -1 2104 456
free 7 -1 2480 456
alloc 26 168 16 2264 456
free 17 -1 2736 456
alloc 28 436 8544 2264 456
free 43 -1 2312 456
alloc 46 20 440 2264 456
free 37 -1 2416 456
alloc 16 492 2368 1904 456
alloc 47 568 -1 1904 456
alloc 2 376 9624 1512 456
free 41 -1 1872 456
alloc 20 437 984 1416 456
alloc 3 359 528 1040 456
free 6 -1 1080 456
alloc 13 389 -1 1080 456
alloc 8 293 -1 1080 456
alloc 23 54 1440 1008 456
free 42 -1 1520 456
alloc 33 578 -1 1520 456
free 28 -1 1992 456
alloc 43 385 4624 1584 456
free 14 -1 1880 456
alloc 37 318 8544 1544 456
free 16 -1 2056 456
free 15 -1 2104 456
free 2 -1 2496 456
alloc 25 121 2072 2352 456
free 20 -1 2808 456
free 19 -1 3232 456
free 38 -1 3736 456
alloc 13 480 2216 3240 456
alloc 40 126 984 3096 456
free 23 -1 3168 456
free 26 -1 3384 456
alloc 17 88 16 3280 456
alloc 28 522 9624 2704 456
alloc 11 482 10640 2200 456
free 46 -1 2248 456
free 21 -1 2704 456
alloc 0 13 120 2672 456
alloc 47 438 1128 2184 456
free 18 -1 2544 456
alloc 41 73 152 2416 456
alloc 20 427 7184 1968 456
alloc 35 567 -1 1968 456
alloc 6 53 440 1880 456
alloc 29 272 2712 1584 456
free 40 -1 1728 456
free 39 -1 2120 456
alloc 42 162 5512 1936 456
alloc 33 536 7632 1384 456
alloc 12 44 984 1320 456
free 43 -1 1728 456
alloc 46 9 1048 1696 456
free 5 -1 2224 456
free 32 -1 2568 456
free 47 -1 3056 456
alloc 2 237 1080 2800 456
free 25 -1 2944 456
alloc 36 439 4624 2488 456
alloc 19 277 3664 2192 456
free 6 -1 2280 456
free 13 -1 2776 456
alloc 8 402 2072 2352 456
alloc 39 68 440 2264 456
alloc 26 164 1336 2080 456
free 17 -1 2184 456
free 28 -1 2760 456
alloc 43 498 5696 2240 456
free 30 -1 2536 456
alloc 5 237 1520 2280 456
alloc 32 485 9624 1776 456
free 31 -1 2152 456
free 34 -1 2312 456
free 9 -1 2752 456
alloc 4 500 -1 2752 456
free 3 -1 3128 456
alloc 38 221 528 2888 456
alloc 13 297 5080 2568 456
free 8 -1 2992 456
free 39 -1 3080 456
free 42 -1 3264 456
alloc 17 545 2072 2696 456
free 12 -1 2760 456
free 27 -1 3128 456
alloc 30 434 10128 2672 456
free 5 -1 2928 456
alloc 16 463 -1 2928 456
alloc 31 274 1520 2632 456
free 2 -1 2888 456
free 41 -1 3016 456
free 36 -1 3472 456
free 19 -1 3768 456
free 38 -1 4008 456
alloc 45 142 152 3848 456
alloc 24 21 16 3808 456
alloc 7 240 312 3552 456
alloc 42 239 568 3296 456
free 33 -1 3848 456
alloc 28 6 56 3824 456
alloc 27 307 3296 3496 456
free 46 -1 3528 456
free 37 -1 3864 456
free 0 -1 3896 456
alloc 47 26 80 3824 456
alloc 2 570 7632 3232 456
alloc 25 320 984 2880 456
free 20 -1 3328 456
alloc 19 286 3624 3024 456
alloc 6 529 8224 2472 456
free 13 -1 2792 456
alloc 40 521 4624 2248 456
alloc 23 144 3928 2080 456
free 42 -1 2336 456
free 17 -1 2904 456
free 28 -1 2928 456
free 11 -1 3432 456
free 30 -1 3888 456
alloc 37 600 2072 3248 456
alloc 16 133 568 3096 456
alloc 15 571 10128 2504 456
alloc 34 195 5168 2288 456
free 25 -1 2640 456
alloc 36 99 720 2520 456
alloc 3 404 6216 2080 456
free 6 -1 2632 456
free 29 -1 2928 456
free 24 -1 2968 456
alloc 39 224 984 2728 456
alloc 42 37 16 2664 456
alloc 17 418 7184 2216 456
alloc 28 396 8224 1800 456
alloc 11 100 2712 1680 456
alloc 46 380 10720 1280 456
alloc 5 585 -1 1280 456
alloc 0 447 -1 1280 456
free 47 -1 1352 456
alloc 18 29 80 1280 456
alloc 9 89 1224 1168 456
alloc 20 29 840 1104 456
free 19 -1 1408 456
free 22 -1 2016 456
alloc 29 410 8640 1584 456
free 40 -1 2128 456
free 23 -1 2296 456
free 10 -1 2376 456
free 17 -1 2824 456
free 28 -1 3240 456
free 11 -1 3360 456
alloc 30 174 2712 3168 456
free 37 -1 3808 456
alloc 0 390 2072 3400 456
free 31 -1 3696 456
free 2 -1 4288 456
alloc 41 558 7184 3712 456
alloc 4 215 1520 3480 456
alloc 35 380 3624 3080 456
alloc 22 259 4624 2800 456
free 45 -1 2960 456
alloc 8 372 7760 2568 456
free 39 -1 2808 456
free 26 -1 2992 456
alloc 33 333 8152 2640 456
free 44 -1 2928 456
free 43 -1 3448 456
free 46 -1 3848 456
alloc 37 17 152 3808 456
free 32 -1 4312 456
alloc 47 174 904 4120 456
free 18 -1 4192 456
free 9 -1 4304 456
free 4 -1 4536 456
free 3 -1 4976 456
alloc 38 119 1096 4840 456
free 29 -1 5272 456
free 8 -1 5664 456
alloc 23 372 1232 5272 456
free 42 -1 5336 456
free 1 -1 5496 456
alloc 28 137 1624 5336 456
alloc 11 589 5384 4728 456
alloc 46 297 2904 4408 456
free 37 -1 4448 456
free 0 -1 4856 456
alloc 31 428 1784 4408 456
alloc 18 554 5992 3832 456
free 41 -1 4408 456
free 20 -1 4472 456
free 35 -1 4872 456
free 38 -1 5008 456
alloc 45 176 16 4816 456
alloc 40 220 2232 4576 456
free 7 -1 4832 456
alloc 10 359 3624 4456 456
alloc 1 49 208 4384 456
alloc 44 477 7184 3888 456
free 27 -1 4216 456
free 46 -1 4536 456
alloc 5 189 280 4328 456
alloc 0 547 2904 3760 456
free 47 -1 3952 456
free 18 -1 4528 456
alloc 41 423 5992 4088 456
free 36 -1 4208 456
alloc 19 208 720 3984 456
alloc 6 291 7680 3672 456
free 45 -1 3864 456
free 40 -1 4104 456
alloc 39 327 2232 3760 456
alloc 42 168 16 3568 456
free 33 -1 3920 456
alloc 12 570 7992 3328 456
alloc 27 552 8584 2760 456
alloc 46 119 944 2624 456
alloc 21 333 9152 2272 456
alloc 32 532 9504 1720 456
free 15 -1 2312 456
alloc 2 187 4904 2104 456
alloc 25 261 10056 1824 456
alloc 4 587 10336 1216 456
alloc 3 486 -1 1216 456
alloc 38 204 6432 992 456
alloc 45 46 488 912 456
alloc 40 418 -1 912 456
free 23 -1 1304 456
alloc 26 466 1080 816 456
free 1 -1 888 456
free 44 -1 1384 456
alloc 43 576 -1 1384 456
free 30 -1 1576 456
free 5 -1 1784 456
free 16 -1 1936 456
alloc 47 130 208 1784 456
alloc 18 167 2576 1600 456
free 41 -1 2040 456
free 4 -1 2648 456
free 19 -1 2872 456
free 6 -1 3184 456
alloc 29 268 568 2896 456
alloc 24 372 5992 2504 456
alloc 7 395 7184 2088 456
free 26 -1 2576 456
alloc 33 228 1080 2328 456
free 12 -1 2920 456
free 11 -1 3528 456
free 46 -1 3664 456
free 21 -1 4016 456
free 0 -1 4584 456
free 47 -1 4736 456
free 34 -1 4952 456
free 25 -1 5232 456
alloc 4 369 2760 4840 456
alloc 35 374 3152 4448 456
free 22 -1 4728 456
alloc 13 50 208 4656 456
alloc 8 374 5112 4264 456
free 7 -1 4680 456
free 10 -1 5056 456
free 33 -1 5304 456
alloc 12 119 280 5168 456
alloc 43 334 856 4816 456
alloc 14 218 1208 4576 456
alloc 5 377 3544 4176 456
alloc 16 292 5504 3864 456
alloc 47 136 1448 3688 456
free 18 -1 3872 456
alloc 9 33 416 3800 456
free 4 -1 4192 456
free 35 -1 4584 456
alloc 22 100 2576 4464 456
free 45 -1 4544 456
free 8 -1 4936 456
free 39 -1 5280 456
free 42 -1 5472 456
alloc 17 509 2696 4944 456
free 12 -1 5080 456
free 43 -1 5432 456
alloc 46 67 16 5344 456
free 5 -1 5744 456
free 32 -1 6296 456
free 47 -1 6472 456
free 2 -1 6680 456
alloc 25 449 3224 6208 456
alloc 20 380 3696 5808 456
alloc 35 524 4624 5264 456
free 38 -1 5488 456
free 29 -1 5776 456
free 24 -1 6168 456
alloc 7 308 488 5840 456
alloc 42 203 816 5616 456
alloc 1 107 280 5480 456
alloc 12 349 5816 5112 456
free 27 -1 5680 456
free 46 -1 5768 456
alloc 5 231 2232 5520 456
free 16 -1 5832 456
alloc 47 534 5168 5280 456
alloc 18 379 6184 4880 456
free 25 -1 5352 456
free 20 -1 5752 456
free 35 -1 6296 456
alloc 6 245 3224 6032 456
free 13 -1 6104 456
alloc 8 35 16 6048 456
alloc 39 569 3488 5440 456
alloc 10 424 4624 5000 456
free 17 -1 5528 456
free 12 -1 5896 456
alloc 43 183 72 5688 456
free 14 -1 5928 456
free 5 -1 6176 456
alloc 16 145 1040 6008 456
alloc 15 247 1208 5744 456
alloc 34 407 2696 5320 456
free 9 -1 5392 456
alloc 4 437 5720 4928 456
alloc 3 584 7184 4328 456
free 22 -1 4448 456
alloc 13 334 2232 4096 456
free 8 -1 4152 456
free 39 -1 4760 456
free 10 -1 5200 456
alloc 17 358 3488 4824 456
alloc 12 331 4624 4472 456
alloc 11 424 7784 4032 456
alloc 14 398 8224 3616 456
alloc 21 498 8640 3096 456
alloc 0 211 3864 2864 456
free 15 -1 3128 456
alloc 2 388 1208 2712 456
alloc 9 589 9160 2104 456
alloc 36 134 4976 1952 456
free 3 -1 2552 456
free 6 -1 2816 456
free 13 -1 3168 456
alloc 8 473 7184 2672 456
alloc 23 450 9768 2200 456
alloc 26 11 16 2144 456
alloc 33 558 10240 1568 456
free 28 -1 1728 456
free 11 -1 2168 456
alloc 30 122 1624 2008 456
alloc 37 74 2232 1912 456
free 0 -1 2144 456
free 47 -1 2696 456
free 2 -1 3112 456
alloc 25 557 5128 2520 456
free 4 -1 2984 456
alloc 19 187 1208 2776 456
alloc 22 79 1416 2680 456
alloc 45 126 2328 2536 456
alloc 40 378 5720 2136 456
free 23 -1 2608 456
free 26 -1 2664 456
free 17 -1 3040 456
alloc 28 198 2472 2816 456
free 43 -1 3024 456
free 30 -1 3184 456
alloc 5 435 3120 2728 456
alloc 0 145 16 2560 456
alloc 47 162 1512 2376 456
free 34 -1 2800 456
free 25 -1 3392 456
free 36 -1 3544 456
alloc 35 571 4976 2952 456
alloc 38 403 2696 2528 456
alloc 29 92 3576 2416 456
free 8 -1 2912 456
free 7 -1 3240 456
free 42 -1 3464 456
alloc 17 135 416 3312 456
free 28 -1 3536 456
alloc 11 417 568 3064 456
free 14 -1 3480 456
free 5 -1 3936 456
free 16 -1 4104 456
free 47 -1 4288 456
alloc 34 395 3120 3872 456
free 9 -1 4480 456
alloc 4 393 7184 4064 456
free 19 -1 4272 456
free 38 -1 4696 456
alloc 13 162 1040 4512 456
alloc 8 542 2472 3952 456
alloc 7 198 1512 3736 456
alloc 10 155 1224 3544 456
free 17 -1 3696 456
free 12 -1 4048 456
alloc 43 110 416 3896 456
alloc 30 95 3688 3784 456
free 37 -1 3880 456
alloc 32 281 4624 3576 456
alloc 15 478 7600 3080 456
alloc 2 360 8096 2704 456
alloc 9 329 9160 2352 456
alloc 20 13 184 2320 456
alloc 19 452 9512 1848 456
alloc 38 57 2232 1752 456
free 45 -1 1896 456
free 8 -1 2456 456
alloc 23 94 2328 2344 456
alloc 42 4 216 2320 456
free 33 -1 2896 456
alloc 12 182 2440 2696 456
free 43 -1 2848 456
alloc 46 323 2640 2504 456
alloc 5 12 240 2464 456
free 0 -1 2632 456
free 31 -1 3080 456
free 34 -1 3496 456
free 9 -1 3848 456
free 20 -1 3880 456
free 35 -1 4472 456
alloc 6 366 1728 4088 456
alloc 45 82 16 3984 456
alloc 24 393 2984 3568 456
free 23 -1 3680 456
alloc 26 62 120 3584 456
alloc 17 336 4928 3232 456
alloc 28 578 9984 2632 456
free 11 -1 3104 456
alloc 14 232 416 2856 456
alloc 37 529 10584 2304 456
alloc 0 149 664 2136 456
alloc 47 126 832 1992 456
free 2 -1 2368 456
alloc 9 311 5280 2040 456
free 4 -1 2456 456
free 19 -1 2928 456
free 38 -1 3024 456
free 13 -1 3208 456
free 24 -1 3624 456
free 7 -1 3840 456
free 10 -1 4032 456
free 17 -1 4384 456
alloc 44 550 2984 3792 456
alloc 27 378 976 3392 456
free 46 -1 3736 456
free 21 -1 4256 456
free 0 -1 4424 456
alloc 31 44 664 4360 456
free 18 -1 4760 456
free 9 -1 5088 456
alloc 36 119 1512 4952 456
alloc 3 40 728 4896 456
free 22 -1 4992 456
alloc 13 430 4928 4544 456
alloc 24 479 6120 4048 456
alloc 7 338 7184 3688 456
alloc 10 519 8096 3152 456
alloc 33 187 2112 2944 456
free 44 -1 3536 456
alloc 43 162 2640 3352 456
alloc 46 16 784 3304 456
free 37 -1 3856 456
alloc 16 560 2824 3280 456
free 47 -1 3424 456
alloc 2 92 832 3280 456
alloc 9 453 8632 2808 456
alloc 4 236 3800 2552 456
alloc 19 192 5376 2344 456
alloc 38 237 9104 2088 456
free 45 -1 2192 456
free 24 -1 2688 456
alloc 23 306 6120 2360 456
free 26 -1 2456 456
free 1 -1 2592 456
free 12 -1 2792 456
free 43 -1 2976 456
free 14 -1 3224 456
free 5 -1 3264 456
alloc 0 226 240 3016 456
alloc 47 183 16 2816 456
alloc 18 136 488 2640 456
alloc 25 237 2320 2384 456
free 36 -1 2520 456
free 3 -1 2576 456
free 38 -1 2832 456
free 13 -1 3280 456
alloc 8 448 9104 2816 456
free 23 -1 3144 456
free 42 -1 3168 456
free 33 -1 3376 456
free 28 -1 3976 456
alloc 11 414 4928 3528 456
alloc 14 292 1376 3216 456
alloc 37 317 6120 2880 456
free 32 -1 3184 456
free 31 -1 3248 456
alloc 34 268 4624 2944 456
free 25 -1 3200 456
free 4 -1 3456 456
alloc 3 489 2112 2944 456
alloc 38 507 9568 2416 456
alloc 13 159 2624 2216 456
free 8 -1 2680 456
free 7 -1 3040 456
alloc 42 590 10096 2432 456
alloc 17 119 3400 2296 456
alloc 12 592 -1 2296 456
free 27 -1 2696 456
free 46 -1 2744 456
alloc 5 22 664 2704 456
free 16 -1 3280 456
free 47 -1 3480 456
free 18 -1 3656 456
alloc 41 368 976 3256 456
alloc 36 35 16 3200 456
free 3 -1 3712 456
free 38 -1 4240 456
free 13 -1 4440 456
alloc 24 531 2112 3888 456
alloc 23 235 2664 3632 456
free 42 -1 4240 456
alloc 33 255 2920 3968 456
alloc 44 249 3800 3672 456
free 11 -1 4120 456
alloc 46 460 9104 3640 456
alloc 21 134 72 3472 456
free 0 -1 3720 456
alloc 47 296 240 3408 456
free 34 -1 3712 456
free 41 -1 4112 456
alloc 4 248 976 3848 456
alloc 35 377 4624 3448 456
alloc 22 484 9584 2944 456
free 29 -1 3056 456
free 40 -1 3456 456
alloc 7 289 5024 3144 456
alloc 42 508 5584 2608 456
free 17 -1 2744 456
alloc 12 582 10088 2144 456
alloc 11 135 3192 1992 456
free 46 -1 2472 456
free 21 -1 2640 456
alloc 32 536 10688 2064 456
free 15 -1 2560 456
alloc 18 140 72 2392 456
alloc 25 185 3344 2184 456
free 4 -1 2448 456
free 19 -1 2656 456
alloc 38 560 7184 2080 456
alloc 29 21 552 2040 456
alloc 8 204 976 1816 456
alloc 39 534 -1 1816 456
free 10 -1 2352 456
alloc 17 520 7760 1816 456
free 44 -1 2112 456
free 11 -1 2264 456
free 14 -1 2576 456
free 37 -1 2912 456
alloc 16 18 592 2840 456
free 47 -1 3152 456
free 18 -1 3320 456
free 25 -1 3528 456
alloc 4 238 72 3272 456
alloc 3 445 1200 2808 456
free 38 -1 3384 456
free 29 -1 3424 456
free 8 -1 3648 456
free 7 -1 3960 456
alloc 10 464 3192 3464 456
alloc 1 518 5024 2904 456
alloc 28 241 328 2640 456
alloc 27 42 704 2576 456
free 30 -1 2688 456
free 5 -1 2728 456
free 16 -1 2800 456
alloc 15 471 6120 2312 456
alloc 18 386 3688 1904 456
free 9 -1 2376 456
free 36 -1 2432 456
free 35 -1 2832 456
free 22 -1 3336 456
alloc 13 582 8296 2736 456
alloc 8 98 976 2616 456
alloc 39 52 592 2544 456
free 10 -1 3040 456
free 33 -1 3312 456
alloc 44 109 2920 3184 456
alloc 43 338 3048 2824 456
alloc 30 347 4624 2424 456
alloc 5 197 3408 2208 456
alloc 16 48 768 2144 456
alloc 47 436 7184 1688 456
free 18 -1 2096 456
alloc 25 306 3624 1768 456
alloc 36 30 16 1712 456
alloc 35 549 8896 1144 456
free 6 -1 1528 456
alloc 45 267 1664 1240 456
alloc 40 219 9464 1000 456
free 23 -1 1256 456
free 42 -1 1792 456
free 17 -1 2328 456
free 28 -1 2592 456
alloc 11 435 5584 2136 456
alloc 14 357 7640 1760 456
free 5 -1 1976 456
free 16 -1 2040 456
alloc 31 210 328 1776 456
free 2 -1 1920 456
alloc 9 64 768 1840 456
alloc 20 296 9704 1528 456
free 35 -1 2096 456
alloc 6 354 8896 1720 456
free 13 -1 2320 456
free 8 -1 2440 456
alloc 7 144 848 2280 456
alloc 26 146 1008 2088 456
free 1 -1 2648 456
alloc 28 366 5024 2264 456
free 43 -1 2624 456
free 30 -1 3024 456
alloc 21 264 3048 2744 456
alloc 0 569 8016 2152 456
free 31 -1 2416 456
alloc 18 175 328 2224 456
free 25 -1 2552 456
free 36 -1 2608 456
free 3 -1 3072 456
alloc 22 214 1200 2840 456
alloc 13 599 3328 2224 456
free 24 -1 2776 456
free 7 -1 2936 456
free 26 -1 3128 456
alloc 17 151 848 2960 456
free 12 -1 3560 456
free 11 -1 4016 456
free 14 -1 4392 456
alloc 5 206 1432 4160 456
alloc 16 333 1952 3808 456
free 47 -1 4264 456
alloc 34 35 16 4208 456
alloc 25 211 2304 3976 456
alloc 36 475 5408 3480 456
alloc 19 337 2536 3096 456
free 6 -1 3472 456
free 45 -1 3760 456
alloc 8 430 7184 3312 456
alloc 23 259 1664 3024 456
alloc 42 197 4624 2808 456
free 17 -1 2976 456
free 44 -1 3104 456
alloc 43 390 8608 2696 456
alloc 30 447 10016 2232 456
free 21 -1 2512 456
free 16 -1 2864 456
free 15 -1 3352 456
free 34 -1 3408 456
free 25 -1 3640 456
free 36 -1 4136 456
alloc 35 185 848 3928 456
alloc 38 449 1952 3456 456
alloc 29 330 2920 3104 456
free 40 -1 3344 456
alloc 7 89 1056 3200 456
free 42 -1 3416 456
alloc 33 330 4624 3064 456
free 28 -1 3448 456
free 43 -1 3856 456
free 30 -1 4320 456
alloc 21 561 4976 3736 456
free 32 -1 4312 456
alloc 31 126 3944 4160 456
alloc 2 423 5560 3720 456
alloc 41 214 6000 3488 456
free 20 -1 3800 456
alloc 3 122 6232 3656 456
free 38 -1 4128 456
alloc 45 570 8608 3536 456
free 8 -1 3984 456
free 23 -1 4272 456
alloc 10 289 1664 3960 456
alloc 17 272 1976 3672 456
alloc 28 554 7184 3096 456
alloc 11 138 2264 2936 456
alloc 30 333 9200 2584 456
free 21 -1 3168 456
free 0 -1 3760 456
alloc 15 324 4976 3416 456
free 18 -1 3608 456
free 41 -1 3840 456
free 4 -1 4096 456
free 19 -1 4480 456
free 22 -1 4712 456
free 13 -1 5328 456
alloc 8 147 16 5160 456
free 39 -1 5232 456
alloc 42 354 184 4856 456
free 33 -1 5208 456
free 28 -1 5784 456
free 27 -1 5848 456
alloc 46 425 2424 5400 456
alloc 21 303 3272 5080 456
alloc 32 278 3592 4784 456
free 15 -1 5128 456
alloc 34 143 560 4968 456
alloc 25 79 1200 4872 456
alloc 36 343 4624 4512 456
free 3 -1 4656 456
alloc 22 377 4984 4256 456
free 45 -1 4848 456
alloc 24 199 6000 4632 456
free 7 -1 4776 456
free 10 -1 5088 456
alloc 1 1 720 5040 456
alloc 12 491 7184 4528 456
alloc 43 434 7696 4072 456
free 30 -1 4424 456
alloc 37 319 6216 4088 456
free 32 -1 4384 456
alloc 15 82 1056 4280 456
free 34 -1 4440 456
free 9 -1 4520 456
alloc 4 340 8152 4160 456
alloc 3 499 8512 3640 456
alloc 6 571 9032 3048 456
free 29 -1 3400 456
free 8 -1 3568 456
alloc 7 21 16 3528 456
alloc 26 91 56 3400 456
free 17 -1 3688 456
free 12 -1 4200 456
alloc 27 216 1664 3968 456
free 46 -1 4416 456
free 5 -1 4648 456
alloc 0 482 2424 4144 456
alloc 47 511 9624 3616 456
free 2 -1 4056 456
free 25 -1 4152 456
alloc 20 216 1160 3920 456
free 3 -1 4440 456
free 6 -1 5032 456
alloc 29 249 1392 4760 456
alloc 40 498 5384 4240 456
alloc 39 290 1896 3928 456
free 42 -1 4304 456
alloc 33 153 184 4128 456
alloc 44 51 360 4056 456
free 43 -1 4512 456
alloc 14 28 432 4464 456
free 21 -1 4784 456
free 0 -1 5288 456
free 47 -1 5816 456
alloc 2 226 2424 5568 456
alloc 41 453 2672 5096 456
free 4 -1 5456 456
free 35 -1 5664 456
alloc 6 137 480 5504 456
alloc 45 457 3144 5024 456
free 40 -1 5544 456
alloc 23 440 5384 5088 456
free 26 -1 5216 456
free 33 -1 5392 456
alloc 28 541 7184 4832 456
alloc 43 571 7744 4240 456
free 14 -1 4288 456
free 37 -1 4624 456
alloc 16 261 56 4320 456
free 15 -1 4424 456
alloc 34 267 768 4136 456
free 41 -1 4608 456
free 20 -1 4840 456
alloc 19 289 1056 4504 456
free 22 -1 4904 456
alloc 13 34 640 4824 456
alloc 40 184 2672 4624 456
free 23 -1 5080 456
alloc 10 395 4984 4664 456
free 1 -1 4712 456
free 28 -1 5272 456
free 11 -1 5432 456
alloc 30 503 5400 4912 456
alloc 21 214 2872 4680 456
alloc 0 391 6216 4240 456
alloc 15 254 3624 3968 456
free 34 -1 4256 456
alloc 41 419 7184 3816 456
free 36 -1 4176 456
alloc 35 9 432 4128 456
alloc 22 108 720 4000 456
free 45 -1 4480 456
alloc 8 397 3104 4064 456
alloc 23 438 8336 3608 456
alloc 26 351 8792 3240 456
alloc 1 344 4624 2880 456
alloc 28 371 9160 2488 456
free 43 -1 3080 456
alloc 14 177 848 2872 456
alloc 37 582 7624 2272 456
free 0 -1 2712 456
free 31 -1 2864 456
alloc 18 308 6216 2536 456
alloc 25 321 9552 2192 456
alloc 20 468 9896 1704 456
alloc 3 266 10384 1416 456
free 22 -1 1544 456
free 29 -1 1816 456
free 8 -1 2232 456
free 7 -1 2272 456
alloc 42 531 10672 1720 456
free 1 -1 2080 456
free 28 -1 2472 456
free 27 -1 2704 456
alloc 46 594 -1 2704 456
alloc 5 63 720 2624 456
alloc 0 157 1392 2448 456
alloc 47 430 3104 2000 456
free 2 -1 2248 456
free 41 -1 2688 456
alloc 36 8 16 2648 456
free 3 -1 2936 456
free 6 -1 3096 456
alloc 29 432 2208 2632 456
alloc 8 571 -1 2632 456
free 39 -1 2944 456
free 10 -1 3360 456
alloc 33 424 1568 2920 456
alloc 28 233 4624 2664 456
alloc 11 165 2008 2464 456
free 14 -1 2672 456
free 5 -1 2752 456
free 16 -1 3056 456
free 47 -1 3504 456
free 18 -1 3832 456
alloc 9 322 3104 3488 456
free 20 -1 3976 456
free 19 -1 4312 456
alloc 22 433 720 3856 456
free 29 -1 4320 456
free 24 -1 4536 456
free 23 -1 4992 456
free 42 -1 5544 456
free 33 -1 5984 456
free 44 -1 6056 456
free 11 -1 6256 456
free 30 -1 6776 456
free 21 -1 7008 456
alloc 32 109 56 6880 456
alloc 47 52 184 6808 456
alloc 34 206 1568 6584 456
free 9 -1 6928 456
alloc 4 300 1792 6608 456
alloc 3 59 256 6528 456
free 22 -1 6984 456
alloc 45 323 720 6640 456
alloc 24 510 2112 6080 456
alloc 39 223 1064 5840 456
alloc 42 416 2872 5408 456
alloc 17 409 4880 4976 456
alloc 12 570 5312 4384 456
alloc 27 288 3304 4064 456
alloc 46 151 3896 3864 456
free 37 -1 4464 456
free 32 -1 4592 456
alloc 31 538 5904 4032 456
free 34 -1 4256 456
free 25 -1 4600 456
free 4 -1 4920 456
free 3 -1 5000 456
alloc 6 210 1568 4768 456
free 45 -1 5112 456
alloc 8 144 256 4936 456
alloc 23 461 7184 4456 456
alloc 10 573 7664 3864 456
free 17 -1 4296 456
alloc 44 251 720 4024 456
free 27 -1 4344 456
alloc 30 321 4880 4000 456
alloc 5 131 480 3840 456
alloc 32 27 56 3792 456
free 47 -1 3864 456
alloc 18 351 8256 3496 456
alloc 41 45 104 3432 456
alloc 4 314 9160 3096 456
free 35 -1 3144 456
free 6 -1 3376 456
alloc 29 580 9496 2776 456
free 24 -1 3336 456
alloc 7 587 1568 2728 456
free 26 -1 3096 456
alloc 1 154 2176 2920 456
free 44 -1 3192 456
alloc 11 393 8624 2776 456
free 46 -1 2976 456
free 5 -1 3136 456
alloc 16 421 10096 2696 456
free 31 -1 3256 456
free 18 -1 3624 456
alloc 25 51 168 3536 456
alloc 20 574 5904 2944 456
alloc 35 382 10536 2544 456
alloc 38 586 -1 2544 456
free 13 -1 2624 456
alloc 24 227 432 2376 456
free 39 -1 2616 456
free 42 -1 3048 456
alloc 33 135 680 2896 456
free 28 -1 3152 456
alloc 27 145 832 2984 456
free 30 -1 3328 456
alloc 21 246 1000 3064 456
free 0 -1 3240 456
free 15 -1 3512 456
alloc 2 160 1264 3336 456
alloc 9 185 2352 3128 456
free 4 -1 3464 456
alloc 19 124 2872 3320 456
alloc 6 559 3016 2744 456
alloc 13 197 3592 2528 456
free 8 -1 2704 456
free 23 -1 3184 456
free 10 -1 3776 456
free 33 -1 3928 456
alloc 28 331 4624 3576 456
free 27 -1 3744 456
alloc 30 478 7184 3248 456
alloc 5 124 256 3072 456
free 16 -1 3512 456
alloc 47 227 680 3264 456
alloc 34 569 7680 2672 456
free 41 -1 2736 456
alloc 4 567 -1 2736 456
free 35 -1 3136 456
free 6 -1 3712 456
free 13 -1 3928 456
free 24 -1 4176 456
free 7 -1 4784 456
alloc 26 62 432 4704 456
alloc 33 189 1440 4496 456
free 12 -1 5088 456
alloc 43 212 1648 4856 456
alloc 14 432 3016 4408 456
alloc 37 513 3464 3872 456
alloc 16 218 1880 3632 456
alloc 15 572 4976 3040 456
free 2 -1 3216 456
alloc 41 9 104 3152 456
free 20 -1 3744 456
alloc 3 261 5568 3464 456
alloc 6 405 5848 3040 456
alloc 13 179 6272 2840 456
alloc 24 208 8272 2616 456
alloc 23 300 9040 2296 456
alloc 42 578 10096 1696 456
alloc 17 403 10696 1272 456
free 28 -1 1624 456
alloc 27 418 -1 1624 456
free 14 -1 2072 456
free 5 -1 2248 456
alloc 0 180 3016 2048 456
free 47 -1 2296 456
alloc 2 573 -1 2296 456
free 41 -1 2360 456
alloc 4 541 -1 2360 456
alloc 35 386 512 1952 456
free 6 -1 2376 456
free 13 -1 2576 456
free 40 -1 2776 456
alloc 39 108 256 2648 456
alloc 10 223 2560 2408 456
free 17 -1 2832 456
alloc 44 37 104 2768 456
alloc 27 461 5848 2288 456
alloc 46 32 384 2240 456
free 21 -1 2504 456
free 16 -1 2744 456
alloc 47 156 920 2568 456
free 34 -1 3160 456
free 9 -1 3368 456
free 36 -1 3408 456
free 35 -1 3816 456
alloc 6 75 512 3720 456
free 29 -1 4320 456
alloc 8 593 9360 3704 456
alloc 7 477 7680 3208 456
free 10 -1 3448 456
free 33 -1 3656 456
alloc 12 394 1096 3240 456
free 43 -1 3472 456
free 30 -1 3968 456
free 37 -1 4504 456
alloc 16 327 1512 4160 456
free 15 -1 4752 456
alloc 2 539 3216 4192 456
alloc 9 400 2352 3776 456
end 3776 456
